	Lasso+Stepglm[both]	SVM	glmBoost+SVM	Ridge	Lasso+SVM	glmBoost+Ridge	Enet[alpha=0.1]	glmBoost+Enet[alpha=0.1]	Enet[alpha=0.2]	Enet[alpha=0.3]	glmBoost+Enet[alpha=0.3]	glmBoost+Enet[alpha=0.2]	Enet[alpha=0.4]	glmBoost+Enet[alpha=0.4]	Lasso+glmBoost	Enet[alpha=0.5]	glmBoost	glmBoost+Enet[alpha=0.5]	Enet[alpha=0.6]	glmBoost+Enet[alpha=0.6]	glmBoost+Enet[alpha=0.7]	glmBoost+Enet[alpha=0.8]	Enet[alpha=0.9]	Enet[alpha=0.7]	glmBoost+Enet[alpha=0.9]	glmBoost+Lasso	glmBoost+Stepglm[forward]	Lasso+Stepglm[forward]	RF+SVM	Stepglm[forward]	RF+Ridge	RF+Enet[alpha=0.1]	RF+Stepglm[forward]	RF+Enet[alpha=0.2]	RF+Enet[alpha=0.3]	RF+Enet[alpha=0.6]	RF+Lasso	RF+Enet[alpha=0.7]	RF+Enet[alpha=0.5]	RF+glmBoost	RF+Enet[alpha=0.9]	RF+Enet[alpha=0.4]	RF+Enet[alpha=0.8]	Stepglm[both]+Ridge	Stepglm[backward]+Ridge	Stepglm[both]+Enet[alpha=0.9]	Stepglm[backward]+Enet[alpha=0.9]	Stepglm[both]+Enet[alpha=0.1]	Stepglm[backward]+Enet[alpha=0.1]	Stepglm[both]+Enet[alpha=0.8]	Stepglm[backward]+Enet[alpha=0.8]	Stepglm[both]+Enet[alpha=0.2]	Stepglm[backward]+Enet[alpha=0.2]	Stepglm[both]+Lasso	Stepglm[both]+Enet[alpha=0.6]	Stepglm[backward]+Enet[alpha=0.6]	Stepglm[both]+Enet[alpha=0.7]	Stepglm[backward]+Enet[alpha=0.7]	Lasso+Stepglm[backward]	Stepglm[both]	Stepglm[backward]	Stepglm[both]+Enet[alpha=0.4]	Stepglm[backward]+Enet[alpha=0.4]	Stepglm[both]+Enet[alpha=0.3]	Stepglm[backward]+Enet[alpha=0.3]	Stepglm[both]+glmBoost	Stepglm[backward]+glmBoost	Stepglm[both]+Enet[alpha=0.5]	Stepglm[backward]+Enet[alpha=0.5]	RF	Stepglm[both]+SVM	Stepglm[backward]+SVM	Lasso+RF	Stepglm[both]+RF	LDA	glmBoost+LDA	RF+LDA	Stepglm[both]+LDA	Stepglm[backward]+LDA	Lasso+LDA	Stepglm[backward]+RF	XGBoost	Lasso+XGBoost	glmBoost+XGBoost	RF+XGBoost	Stepglm[both]+XGBoost	Stepglm[backward]+XGBoost	NaiveBayes	Lasso+NaiveBayes	glmBoost+NaiveBayes	RF+NaiveBayes	Stepglm[both]+NaiveBayes	Stepglm[backward]+NaiveBayes
GSM3487854	0.0364642354874527	0	0	0.257718562079614	0	0.229296187394571	0.268862187665809	0.209747229235629	0.265999406003187	0.254898495970321	0.197788736107285	0.208072228877831	0.282819097995263	0.165858567899384	0.174775930666612	0.236702827466644	0.256365474344531	0.173969688073395	0.284492567867762	0.170218988562776	0.176488681273621	0.143494562209398	0.247332962867145	0.249807423245243	0.176377049464284	0.199851873641165	0.0439977353807231	0.0298181850652474	0	2.22044604925031e-16	0.268206736027739	0.298074495933186	0.114827178423602	0.261585903190322	0.290713205293209	0.28505495905535	0.303826556788217	0.308654026882733	0.274429759490337	0.213262226069104	0.267183002584212	0.264840883061304	0.278297049047726	0.257643185603841	0.229950639532515	0.247252729871092	0.234113711628704	0.26627604598448	0.243533604496386	0.230418071527925	0.242371613945792	0.272685038880452	0.283199786640298	0.25194780174646	0.283842718647082	0.247842200335914	0.290121460795357	0.262991420343807	0.0364642354874527	2.22044604925031e-16	2.22044604925031e-16	0.268843131537916	0.258621242206799	0.272510302981092	0.251697087362644	0.191254759098248	0.250080761147628	0.247120850312313	0.225384588796473	0.296941666666667	0	0	0.346138095238096	0.36859880952381	0.0130094083404171	0.0685015407891087	0.151018637879283	0.0516705988878265	0.0516705988878265	0.0509024814732462	0.342245238095238	0.213434189558029	0.213434189558029	0.213434189558029	0.213434189558029	0.598687648773193	0.598687648773193	0.00378452454629936	0.0572656872962159	0.0673071856743949	0.0352258164275145	0.00660926656468424	0.00660926656468424
GSM3487856	0.789563461863926	1	1	0.715168537168771	1	0.789207965973679	0.728432880253014	0.808176346379184	0.736961814114536	0.753003108759658	0.814182342248427	0.807374429591594	0.726635750298107	0.836616534524821	0.813916179273704	0.77258695111262	0.766764411881948	0.826659788438214	0.727308549984583	0.825024570582786	0.816132525157291	0.831475660093473	0.759942556340254	0.759026479207717	0.805940042758519	0.786552005641114	0.869738083758721	0.912401169889616	1	9.18095637300801e-08	0.738801221799512	0.711878383460116	0.812135804995383	0.774092427798977	0.742245800202582	0.765430409147225	0.76322703784051	0.741412688624641	0.774944252748117	0.823987864102532	0.792010180149686	0.781691694929404	0.779621046684219	0.661265321994509	0.690611941894876	0.686584304662437	0.693980216663428	0.666348332511928	0.689702863165295	0.7002488875111	0.692505175815367	0.66902094065768	0.658916761814418	0.682469285559006	0.664690046253269	0.693230766628017	0.660087565189405	0.680432405419156	0.789563461863926	3.72846883574401e-07	3.72846883574401e-07	0.676223827420716	0.684968199030598	0.671595935442528	0.69162442501005	0.732932300532629	0.70828840090354	0.694555700412522	0.713062849599963	0.514714285714286	1	1	0.546300793650793	0.48297261904762	0.861835094845115	0.873928512300079	0.82403715683321	0.747335127756859	0.747335127756859	0.902309955613071	0.469226587301588	0.791391491889954	0.538385808467865	0.538385808467865	0.784843325614929	0.791391491889954	0.791391491889954	0.716612277144963	0.934605679839198	0.937414764088047	0.902802098537121	0.306770903149117	0.306770903149117
GSM3487857	0.311826173723535	0	0	0.385075020253689	0	0.340460174818698	0.386711384012905	0.334782044718304	0.387647021006358	0.383933604093389	0.338550196511961	0.338638316406661	0.388284483204274	0.329768110567454	0.328092122620139	0.37725171297785	0.361111721330167	0.338877471546152	0.389523591825516	0.343387989639773	0.352236435008691	0.347162720937786	0.382503611958486	0.377748740644285	0.366699411947393	0.379523734174301	0.309749072859946	0.315344244601071	0	4.11076270822354e-08	0.398223684420871	0.409583647856575	0.332183900776483	0.383413703590034	0.399906643828763	0.388135213356097	0.379763879118203	0.395695584041534	0.385870452357658	0.358927412088697	0.37263088360662	0.38069213218621	0.378867369210002	0.345614060946192	0.331424868633746	0.355529443211092	0.349197620610664	0.348949369424552	0.336442519753385	0.33767657141806	0.343814356304916	0.347737503860317	0.352883549703979	0.365912926054866	0.353338238082263	0.335815713313046	0.362187731118915	0.346996147329629	0.311826173723535	1.55830259963036e-07	1.55830259963036e-07	0.342682473726521	0.339436809119431	0.345894778172477	0.337039069575082	0.300621625121774	0.315386014744065	0.335786941051009	0.331552928724484	0.187546825396826	0	0	0.19013253968254	0.139543253968254	0.497736180471554	0.340015223477039	0.287076011695857	0.402183523158188	0.402183523158188	0.328970704515671	0.144109920634921	0.213434189558029	0.213434189558029	0.213434189558029	0.213434189558029	0.224767714738846	0.224767714738846	0.00715002310375144	0.0936909033080923	0.104706072267805	0.0524016312001611	0.0071811737490138	0.0071811737490138
GSM3487859	0.314063001858771	0	0	0.446245612655934	0	0.451223252456189	0.448911144989341	0.452648810710523	0.448559380317263	0.446434055416053	0.454129927678227	0.453114138614201	0.448924067186558	0.45660852386002	0.421024341491594	0.449386061901957	0.449779505676588	0.455884675824971	0.447805032331856	0.455928421484222	0.455146671973301	0.455915527451361	0.449476903735721	0.449996874506348	0.453931337551766	0.451931790905347	0.44955856572417	0.287236722838687	0	2.22044604925031e-16	0.434788385052663	0.439705792602112	0.589332337290354	0.446294137110597	0.445867605424019	0.453804553789742	0.456845523238788	0.450158042877266	0.453909425513527	0.482390402402494	0.46719863637026	0.453368617400615	0.460696028217298	0.469169633088201	0.471045688264926	0.504215827817065	0.506920960736731	0.479252376510994	0.480721510178692	0.508228464066526	0.505528664692217	0.489020910695334	0.488763274592352	0.503097327474791	0.494714526379206	0.503589863474198	0.494287519853339	0.500543725085621	0.314063001858771	2.22044604925031e-16	2.22044604925031e-16	0.495393895760032	0.498049973482853	0.493667637138738	0.494530656059386	0.484085506700863	0.503620510799131	0.502755786923631	0.49650618752416	0.261720634920635	0	0	0.295754761904762	0.31754126984127	0.243328192070583	0.45050771073472	0.523525227564872	0.458979548991848	0.458979548991848	0.303468843223026	0.293264285714286	0.213434189558029	0.213434189558029	0.213434189558029	0.213434189558029	0.598687648773193	0.598687648773193	0.0136351070000863	0.12851699197539	0.154520733800342	0.0481478712772048	0.0218485848942893	0.0218485848942893
GSM3487860	0.240378570017456	0	0	0.408356810810869	0	0.380941591982097	0.412938625947145	0.378859138474795	0.420885971835388	0.419957575033697	0.381341955157722	0.383088571170105	0.438682738207046	0.362997007108442	0.363370477680864	0.416679823651021	0.432280087690093	0.3710272852263	0.44989122803595	0.369645279396828	0.376337255481643	0.348423686086659	0.435417333820543	0.430312145249747	0.378766379350232	0.399856151330919	0.224809845818413	0.176140164372493	1	2.22044604925031e-16	0.493737830153198	0.491348413057778	0.393155907866419	0.491908925083083	0.499299207044387	0.51113934036452	0.525853501045572	0.51751000712885	0.506948335264673	0.503298913960625	0.518218067436378	0.499864887252984	0.516649408710051	0.33946246564614	0.306984641085366	0.348039404952388	0.335167587160193	0.357550589350986	0.336939669035836	0.327373108450364	0.338592780524259	0.358437192898846	0.366820306505524	0.358180476911289	0.367829248333107	0.337107012502251	0.377729931900435	0.353370604140556	0.240378570017456	2.22044604925031e-16	2.22044604925031e-16	0.351075875247489	0.343102834731538	0.355248358829864	0.338622329943065	0.304909140288245	0.335797140476084	0.335047057340711	0.316258798044414	0.393454761904762	0	0	0.369502777777778	0.354245634920635	0.158750292081689	0.228794005960898	0.351241727933596	0.103036391853146	0.103036391853146	0.185414254462447	0.371464285714286	0.444671928882599	0.538385808467865	0.538385808467865	0.5	0.444671928882599	0.444671928882599	0.116547862844211	0.162215152718833	0.191129361744567	0.574291312697092	0.0839047610862915	0.0839047610862915
GSM3487861	0.0716141382005674	0	0	0.365917573637232	0	0.271155920849115	0.354459259546018	0.242400593090809	0.334132155794392	0.310482190394002	0.223338944127964	0.238239808018815	0.333150068306172	0.180828354247989	0.206844998885232	0.276164437043447	0.290423358288424	0.191015672306176	0.334550297094173	0.185863610371757	0.194163205197616	0.151833483782261	0.287587334982511	0.289598789523654	0.195066774538883	0.226803715376865	0.036078950875087	0.0540620059016581	0	1.48235380021372e-08	0.427997699123249	0.43310916302867	0.22262890622295	0.397647324034476	0.411030910701281	0.392386799951903	0.399894712298443	0.411580777563034	0.385406947326387	0.312104091476357	0.363637161902457	0.384813273320269	0.379166519147522	0.433227700895472	0.410923062310689	0.326392613589226	0.311476317809406	0.411090280841237	0.397622760300162	0.309261191949497	0.322972199350385	0.389503535343587	0.395351372073121	0.333168780729465	0.373364930108038	0.335975842574101	0.377028649213423	0.348329214011952	0.0716141382005674	9.09202864175072e-08	9.09202864175072e-08	0.367349500209905	0.357638177164561	0.377048273518188	0.362307016566988	0.273954640982202	0.32054548627257	0.340705338681775	0.327649566221179	0.239490476190476	0	0	0.245364682539683	0.244807936507937	0.052503463277579	0.077830037322969	0.334521292424182	0.299111170569931	0.299111170569931	0.10091341537651	0.27485119047619	0.213434189558029	0.213434189558029	0.213434189558029	0.213434189558029	0.224767714738846	0.224767714738846	0.147295052048327	0.269302347580984	0.195056406742341	0.189699428110115	0.194696039306329	0.194696039306329
GSM3487862	0.00095885782610111	0	0	0.3341277508306	0	0.265371024039886	0.329549916048021	0.237356757564331	0.320606415610415	0.300627691255354	0.219635357699942	0.234178652594145	0.337904762469923	0.175903816967877	0.173797266319266	0.274117757685428	0.296374488766558	0.186984238374369	0.345300373994923	0.182009011381028	0.191438244459388	0.145722647775265	0.300856665562402	0.297480130964622	0.193837988430968	0.231946874499223	0.0255885796049796	0.00824159504491732	0	2.22044604925031e-16	0.325524784581699	0.349082892325696	0.0105804173399678	0.258859005890575	0.301792876068739	0.258018116368767	0.269858277872927	0.306380273365061	0.242472514043975	0.103965895172683	0.190416087278031	0.234326096251759	0.224359943909883	0.29520177653863	0.246590916711105	0.216099078515075	0.197650747485714	0.296043274885384	0.257627352880067	0.19384366706322	0.210431933834795	0.292077457223011	0.308196239841251	0.223768013357057	0.276072514990025	0.224267921782014	0.280947152847701	0.242095554160346	0.00095885782610111	2.22044604925031e-16	2.22044604925031e-16	0.265673271219061	0.250709183911314	0.280006649433336	0.248352327294671	0.123517109938728	0.193017127079162	0.227960763885628	0.194259128494078	0.220879365079365	0	0	0.141471825396826	0.212012301587302	0.0418091195424979	0.0693586084709744	0.0441862134916561	0.029939004348493	0.029939004348493	0.0421679331625904	0.227144444444445	0.213434189558029	0.213434189558029	0.213434189558029	0.213434189558029	0.224767714738846	0.224767714738846	0.00752498782903404	0.0585137698869965	0.0714836094122572	0.0914721400223717	0.0130211604884474	0.0130211604884474
GSM3487864	0.0019609907211669	0	0	0.203504442358132	0	0.164618832502686	0.221761193369462	0.145319354633305	0.221939930129647	0.207847410733678	0.136296216622163	0.145446714330402	0.242657805975847	0.105496695415506	0.116541669829132	0.185858187609302	0.210645504584921	0.115020334356251	0.251686487642099	0.112807400537521	0.121217946816342	0.089062189755149	0.212976037309696	0.208359977171315	0.12570766649364	0.156724843369465	0.0136181108081069	0.00790324279820636	0	2.22044604925031e-16	0.177421983370186	0.21916389955529	0.00726223243317519	0.148419942167651	0.18814082491995	0.163116087538152	0.179582280035127	0.206682217626511	0.148314857705736	0.0593226267705534	0.116716775138819	0.141501281046126	0.140314615829002	0.181926244951531	0.142431419206826	0.15523146750724	0.142214452503127	0.206139279631788	0.174397370887676	0.140687685875138	0.152791067727177	0.21370477266529	0.225608247714453	0.1613915581092	0.20573037118949	0.16539044925197	0.207520507061445	0.177769273455458	0.0019609907211669	2.22044604925031e-16	2.22044604925031e-16	0.199887675562842	0.187731202862703	0.210302036754222	0.184724578326101	0.0909674114678912	0.13665613721965	0.169075494918341	0.146351306052694	0.162299603174603	0	0	0.160235714285715	0.161553571428572	0.0187851101106477	0.0369258959206286	0.0194655709629122	0.0161079726077922	0.0161079726077922	0.0339400782480523	0.157247222222222	0.213434189558029	0.213434189558029	0.213434189558029	0.213434189558029	0.224767714738846	0.224767714738846	0.00457433680883711	0.0182441504695622	0.0218236717171845	0.0140139207987486	0.00803852093176684	0.00803852093176684
GSM3487865	0.16478306043929	0	0	0.389726968806072	0	0.335097808411362	0.374842257899712	0.329199230291942	0.37111022370955	0.366645663690982	0.330147132745622	0.331596719360232	0.376000617029826	0.32071703762119	0.316736297720833	0.356985181744057	0.357886044537132	0.326979617122242	0.37944398574445	0.329180862021819	0.3352292342309	0.327621967787191	0.369050330038234	0.364967937467849	0.343929706250503	0.356972700563484	0.283833561766432	0.253727434351847	0	3.61971030932372e-08	0.317496731713716	0.34000608752172	0.198590149386899	0.299377481092019	0.322091166516612	0.307699059925435	0.317323377177914	0.334595332766034	0.297437385573093	0.222673937737022	0.274373412455801	0.296863854577285	0.292024829250949	0.382360674223162	0.385558864998483	0.350399081549875	0.349428668597883	0.383364443104096	0.37893474073412	0.350894007430289	0.352601425758294	0.385882408915585	0.38806508790945	0.352502713474226	0.367761515573993	0.36054110898501	0.364076360697459	0.359003351970949	0.16478306043929	1.32863987344861e-07	1.32863987344861e-07	0.375178487871424	0.373183730961213	0.383211895047782	0.378093072155941	0.304866286167431	0.325638790909478	0.365780519110492	0.361730913452237	0.242814285714286	0	0	0.203619047619048	0.230577380952381	0.712784121804053	0.267476747206885	0.20744715001197	0.625616181846237	0.625616181846237	0.274305495242254	0.217156746031746	0.213434189558029	0.213434189558029	0.213434189558029	0.213434189558029	0.224767714738846	0.224767714738846	0.0118264740681141	0.0929469158217442	0.11183366184403	0.0786017071346806	0.0158403905222995	0.0158403905222995
GSM3487871	0.293865494753142	0	0	0.437174136848746	0	0.449153783872017	0.456133679786745	0.445393052572413	0.45695258814142	0.453056885306847	0.443097972055434	0.444574870078674	0.451256572343917	0.439238280866557	0.426463154445211	0.44690119459271	0.443827631859329	0.440394814584771	0.45033341586435	0.440264270855016	0.441521331513528	0.43655838361939	0.449218246007363	0.448083732154929	0.443120677544959	0.447215911923216	0.384691352999658	0.393902742036635	0	2.22044604925031e-16	0.434997431070379	0.447354959622832	0.295184395991243	0.427766096772797	0.430237761719212	0.414330191632307	0.41403581361836	0.42273900521282	0.411520937593158	0.375308966357962	0.398445488209255	0.413150622532913	0.406491202494564	0.4707608608496	0.46458100383347	0.481800065789792	0.482245498981011	0.483739929814856	0.480775491986066	0.483119936832819	0.482655311028751	0.48511711055219	0.484771909983909	0.482079471514786	0.481785863548081	0.48456649356187	0.480213581049543	0.482298336118335	0.293865494753142	2.22044604925031e-16	2.22044604925031e-16	0.485296237267831	0.486226838426312	0.484652831429536	0.485724718069443	0.456058703198926	0.468377577605474	0.486029370313728	0.488355903989895	0.195383333333333	0	0	0.130319841269842	0.23036626984127	0.110261512238888	0.440683481181019	0.375414537144289	0.263226107198388	0.263226107198388	0.457010083473989	0.217636111111111	0.213434189558029	0.213434189558029	0.213434189558029	0.213434189558029	0.224767714738846	0.224767714738846	0.0356756534937428	0.208754206417641	0.205462912677605	0.150140997528261	0.0483301744493712	0.0483301744493712
GSM3487872	0.744922547993322	0	0	0.44660909824378	0	0.424889012743461	0.451510924253514	0.427128705868538	0.447960278822146	0.444783075083847	0.432671241980229	0.42973801054823	0.440558658427706	0.439925131609771	0.427667036004308	0.439454839477489	0.43174889061468	0.440549157249439	0.440852516484116	0.443710513404696	0.44479098821749	0.456530516453343	0.441000095194274	0.439247813544588	0.44971860108058	0.447641924004793	0.544334056584158	0.543442100718204	1	2.6501736435967e-08	0.462724869804493	0.46214448751604	0.658244955353589	0.461970275845398	0.455726039016377	0.458210489067314	0.462700186630734	0.458118473834402	0.456759894849064	0.488214267653792	0.468535887970708	0.461149100243219	0.463655469867216	0.522113245380596	0.532307006761128	0.549510468338273	0.555997914123778	0.524845905054883	0.532381779603226	0.556831760647297	0.550906200278101	0.531207160268411	0.528503277137399	0.549220636152028	0.531059604976453	0.547885023119842	0.529467923376079	0.540465250516572	0.744922547993322	2.22044604925031e-16	2.22044604925031e-16	0.53836790058618	0.544123821711833	0.536076658864967	0.54354666689242	0.560509271764836	0.536669542358169	0.549873181669646	0.561323248349358	0.451612301587302	1	1	0.516376190476191	0.503312698412699	0.21031651820964	0.433055212005548	0.582528083990568	0.559080454594638	0.559080454594638	0.420253028940223	0.498613095238096	0.444671928882599	0.538385808467865	0.538385808467865	0.5	0.444671928882599	0.444671928882599	0.079105418616061	0.199778418875803	0.233072177204034	0.24461749074434	0.163839657368551	0.163839657368551
GSM3487873	0.130264266406159	0	0	0.255419305298702	0	0.243176974261457	0.263667049833402	0.218628111071556	0.256037363787585	0.244761862368382	0.207076144314566	0.217239997003255	0.304740534962989	0.177701296688966	0.184378304128674	0.236321692761049	0.251740642796405	0.187961272720597	0.311104370647906	0.187715467964334	0.197001369096956	0.1738863618874	0.269693205907044	0.270439712028405	0.205885561909632	0.230834590669142	0.105867293767789	0.0772032976680236	0	2.22044604925031e-16	0.334939904020917	0.365723200243063	0.148994508989741	0.308850986693859	0.346592709417461	0.329084848045877	0.324248833214078	0.3515039283775	0.321716240568161	0.24697958079291	0.291783375201746	0.313722358569111	0.308965072534159	0.315470004865322	0.26414872114083	0.339234966814699	0.326176661208138	0.313316902206322	0.276179072635154	0.315529926079944	0.327745607896855	0.323216116203651	0.338824912206138	0.34810236711358	0.365049721531152	0.317727331635762	0.374582550210455	0.34460812701963	0.130264266406159	2.22044604925031e-16	2.22044604925031e-16	0.331644043059344	0.313345626535756	0.32941923553733	0.29510095841781	0.243814191165129	0.29830047487105	0.30339745377208	0.265836957796068	0.346060714285715	0	0	0.375377777777777	0.376230555555555	0.0268628935702921	0.101172212861061	0.168049189258449	0.0720213137618422	0.0720213137618422	0.0849980234117433	0.361512301587301	0.213434189558029	0.213434189558029	0.213434189558029	0.213434189558029	0.224767714738846	0.224767714738846	0.348332226094248	0.369069211128446	0.382637093108464	0.313088865811467	0.410858151743907	0.410858151743907
GSM3487876	0.197086295753537	0	0	0.426974114101358	0	0.441147165787697	0.434260556708648	0.437063752671067	0.437920517165617	0.437877483457578	0.434324865910839	0.436423060441794	0.447023914590054	0.427588476141245	0.414811674176317	0.435811112920943	0.440311862452227	0.429066045964994	0.449048944717192	0.42800627213551	0.429257232241106	0.419521771474385	0.445200153174352	0.443970561411883	0.429070448530369	0.435694305311376	0.347551304538788	0.335134884084421	0	2.22044604925031e-16	0.405247817018294	0.417479326323635	0.219568468006316	0.386830071785476	0.401324434298287	0.384812203648536	0.388195543354999	0.400888659185234	0.379058827566529	0.31659605960389	0.360265301695819	0.376307119640576	0.37300317071403	0.427278333895375	0.420131676133094	0.420191837299538	0.417089441335344	0.429464423080002	0.423218273050633	0.418565871177936	0.421417689773632	0.429581929038493	0.432902473241954	0.42007740698962	0.434675499216874	0.425562989708547	0.433243723654959	0.428227903596329	0.197086295753537	2.22044604925031e-16	2.22044604925031e-16	0.432802576146791	0.428907905098815	0.431659557571071	0.423883983452993	0.379845105485457	0.405228505601163	0.424659051663445	0.417294622458954	0.153413095238095	0	0	0.172199206349207	0.153052777777778	0.283371260758223	0.388309582835005	0.27976654541113	0.251638319920197	0.251638319920197	0.415831228678703	0.166773015873016	0.213434189558029	0.213434189558029	0.213434189558029	0.213434189558029	0.224767714738846	0.224767714738846	0.0143818667876868	0.215598127468281	0.204748167720782	0.0693700765742082	0.0168129644325234	0.0168129644325234
GSM3487879	0.00376585086538503	0	0	0.162880902204728	0	0.0886169439497077	0.164079978956946	0.0742332596990596	0.14980581042213	0.128840466938276	0.0693824524744914	0.0749682301005744	0.158066345377859	0.0512011990297632	0.0572003070906297	0.109091720991053	0.118157136463957	0.0578255516008611	0.162507175559985	0.0576849682177425	0.0639133061910267	0.0471213081525637	0.126828852491073	0.12456766855722	0.0694494494380044	0.0898419655938319	0.00999704672333383	0.00388635525885326	0	2.22044604925031e-16	0.130116829592284	0.1671879655606	0.00782018975810113	0.0983806232446095	0.132376348951916	0.107414501447976	0.115300589942412	0.139250045034774	0.0965879817088879	0.0409110454451221	0.076400168491211	0.0896026788765991	0.0912607241634497	0.17229450824204	0.127593066856504	0.126312557017408	0.114223297403652	0.173728422007913	0.142097403243835	0.108712148564989	0.119731054127424	0.170078930443265	0.182974928292336	0.133435341780406	0.163224628626812	0.124109338453517	0.169948890280441	0.139296676499767	0.00376585086538503	2.22044604925031e-16	2.22044604925031e-16	0.150329107802624	0.139277198758923	0.160499410865442	0.137538229247467	0.0663088376710043	0.1001281772018	0.125135729550474	0.104838195106594	0.114855555555556	0	0	0.116315873015873	0.121979761904762	0.0028311372812131	0.0171759130571654	0.014711342968518	0.0148371577493041	0.0148371577493041	0.010968850260152	0.134206746031746	0.213434189558029	0.213434189558029	0.213434189558029	0.213434189558029	0.224767714738846	0.224767714738846	0.00101699595825281	0.00866056071260556	0.0105695669650872	0.00415566969984526	0.00226872109392344	0.00226872109392344
GSM3487880	0.5233624197288	0	1	0.529913802476986	0	0.524188192836739	0.522536156718146	0.514616744440668	0.513460680545498	0.504328791009048	0.504571854050395	0.510227595482129	0.518269204687473	0.496431275108003	0.484232387259487	0.497663445259297	0.487341934035725	0.495624029076779	0.517548114456202	0.493541926465459	0.492744286514858	0.491561958608607	0.500673064017327	0.506117187139883	0.490521673727497	0.491132632489492	0.526842732831104	0.56193737269453	0	6.30585019653229e-08	0.589946271344861	0.583241357882226	0.55124744303123	0.582632290528132	0.574043193249223	0.559924752528427	0.54723927810129	0.556238961916004	0.563624161446432	0.543945670310486	0.550039963633858	0.568219213164955	0.553219686887795	0.505259048324664	0.483793392369713	0.451559457120355	0.45057281979574	0.498106371792041	0.485092310290976	0.453485327143379	0.455230940795186	0.484927233383346	0.488442567829831	0.448802435391835	0.47350079015691	0.459391900764562	0.470470474392597	0.463304780367221	0.5233624197288	1.94378086424669e-07	1.94378086424669e-07	0.46934740134315	0.462352432797739	0.473236263974782	0.465725455487761	0.423054614999777	0.437378675548374	0.456320880793371	0.446303391270288	0.405190476190476	0	0	0.438671428571428	0.396065476190476	0.361039677587191	0.401457412482996	0.596335043934278	0.269395355578632	0.269395355578632	0.458260045379474	0.403494047619048	0.213434189558029	0.213434189558029	0.213434189558029	0.213434189558029	0.224767714738846	0.224767714738846	0.807540564222879	0.68578713589422	0.624838163915146	0.778147236462912	0.786797271639915	0.786797271639915
GSM3487883	0.38255244757151	0	0	0.237668523816387	0	0.336572066607929	0.314049761420582	0.344672972284211	0.342633532482833	0.353389523954791	0.357850903741968	0.351890632660546	0.37551143798773	0.363428795598894	0.356641478475693	0.366093576732353	0.386312966807867	0.368105577300563	0.385752989289164	0.372928016455142	0.377716080103032	0.382178014226362	0.390014052330968	0.383192565692091	0.387374630340092	0.392502987826833	0.392503653161803	0.352360415931739	0	2.22044604925031e-16	0.317881169731152	0.341001048298628	0.250300250141146	0.325920632452636	0.342833041785008	0.350098063082723	0.37153609106143	0.367419736162424	0.340754263640828	0.316672503541038	0.347387098478287	0.334800756197545	0.35156116888818	0.22877508677813	0.213373366040414	0.358321239717343	0.355414057089784	0.282481387601363	0.260210159213219	0.347151253113268	0.349756780586853	0.311746470411596	0.319596945565012	0.366192307585611	0.348274942973592	0.336445304555817	0.355182564541176	0.348066751713724	0.38255244757151	2.22044604925031e-16	2.22044604925031e-16	0.330324344313407	0.325039726099004	0.323740605219018	0.309174399769149	0.318558898710702	0.344992893444088	0.327329347538011	0.313281738725057	0.293350396825397	0	0	0.290539285714286	0.285103174603175	0.0385778143313737	0.32802738736804	0.215773452142441	0.129240038019671	0.129240038019671	0.291029616026455	0.278793253968254	0.213434189558029	0.213434189558029	0.213434189558029	0.213434189558029	0.224767714738846	0.224767714738846	0.0633532198547957	0.382319129732071	0.391055353551602	0.11910211315327	0.0650096241097072	0.0650096241097072
GSM3487886	0.559322352913495	0	0	0.334727368708023	0	0.302938029562752	0.325703505475124	0.29744285046836	0.323922240110429	0.319456577573667	0.2985232247021	0.299483348345015	0.336864837690845	0.294885756156815	0.29874498089384	0.313743470563522	0.314351698407142	0.297893911528191	0.338258599561095	0.299890426231749	0.302369520407522	0.305308783868919	0.322393100034022	0.322926541407859	0.306048910418285	0.310899759126673	0.373414798878027	0.406247513302322	0	9.27428338697106e-08	0.241898732912664	0.271458096994311	0.158880992384223	0.222742305449379	0.256321091099602	0.246851962032109	0.26138967780495	0.274397449935475	0.235056096679822	0.178048693838622	0.224552690030188	0.226637305068801	0.236714533404651	0.370698818980721	0.370906797791327	0.352204602393184	0.350367697588706	0.374849243329503	0.372152198018301	0.350595824592763	0.352743080689113	0.370369545365713	0.372340487422561	0.349587787121191	0.367035879410139	0.35429810740928	0.366944650616546	0.358829592176991	0.559322352913495	3.4988733516342e-07	3.4988733516342e-07	0.362210132375666	0.357358472898313	0.365672655524552	0.361615599999427	0.33081913645611	0.332392906641653	0.352910719249672	0.352181989555882	0.242334920634921	0	0	0.251931746031746	0.223352777777778	0.476669223510624	0.202231308874234	0.139241671270676	0.47014204658716	0.47014204658716	0.282178323634302	0.238177380952381	0.213434189558029	0.213434189558029	0.213434189558029	0.213434189558029	0.224767714738846	0.224767714738846	0.0129531397766601	0.12301062021577	0.115972405082946	0.0274449250448769	0.0278252483664762	0.0278252483664762
GSM3487889	0.645312993037691	0	0	0.447004257283186	0	0.447326209375539	0.447956653032834	0.444071809261907	0.446967265094922	0.445686406340847	0.44160001873378	0.442613128568663	0.441654119561129	0.444145080753391	0.42725650523388	0.439886191039134	0.422659703675863	0.442292279930686	0.43558779893656	0.442617672401895	0.44066403335988	0.449963631133312	0.428175000811661	0.433342026624299	0.439020026527068	0.432377898559632	0.53008107482233	0.531070605528055	0	8.74833683972092e-08	0.402974535748384	0.432208180468683	0.497078606023006	0.429001864529279	0.433280994743223	0.433111185064581	0.429861039600217	0.431015051403468	0.433382170323894	0.44931290076279	0.439660293094627	0.432614836530084	0.435293488631847	0.450146430031951	0.448077745044433	0.459474726657784	0.464018359558676	0.458873547131449	0.456141410366496	0.468416683557229	0.464892201115215	0.466213319662824	0.465015326283877	0.453749735750755	0.462033940545477	0.468425510001439	0.458294761542484	0.462866134361633	0.645312993037691	2.90584960624893e-07	2.90584960624893e-07	0.467613477019503	0.469550390415777	0.467419957830421	0.471304313964236	0.460559137591954	0.45443683477374	0.470754709391967	0.477850309642902	0.305337698412699	0	0	0.263364682539683	0.334940873015873	0.289387828010405	0.405405845156473	0.450192284597092	0.362023270113039	0.362023270113039	0.41740966950663	0.330313492063492	0.213434189558029	0.213434189558029	0.213434189558029	0.213434189558029	0.224767714738846	0.224767714738846	0.105065336969829	0.222593460765166	0.196482431768464	0.250369885893842	0.149015072299798	0.149015072299798
GSM3487893	0.151171669742563	0	0	0.32573571865697	0	0.304227543274747	0.332686226021276	0.289585004664185	0.332048689365742	0.325347941878786	0.283060882355784	0.2895659996447	0.348755180730666	0.260382866873493	0.263221748495599	0.316889248046161	0.31609737829124	0.26887271514825	0.349145794969059	0.26858276088384	0.27580002793236	0.255155501421279	0.324289215501611	0.325561019522317	0.281811837477225	0.299137982415239	0.166562778977793	0.149893511212934	0	2.22044604925031e-16	0.337217396614211	0.363872529342033	0.211194969820525	0.334510454564515	0.361774446428242	0.354558460667258	0.353834230817829	0.366752101357314	0.349925369163492	0.304170107697829	0.337976548481891	0.339934519037822	0.34569635131461	0.272377993878226	0.240304910297655	0.28063879187021	0.27031772383003	0.278111913537822	0.256101107468915	0.262083810822343	0.271802379611896	0.282128161713905	0.291513495596029	0.287259826741302	0.300058793215677	0.268268198913865	0.308507524843852	0.284789016001237	0.151171669742563	2.22044604925031e-16	2.22044604925031e-16	0.281520234048492	0.272232405052625	0.282962109688124	0.264312663390033	0.221049812257979	0.261528859629469	0.264636512914243	0.247773206234568	0.253638095238095	0	0	0.223686507936508	0.206757936507937	0.11311594061618	0.184042111136531	0.206311392865744	0.0710363665373804	0.0710363665373804	0.167875164531043	0.197707936507937	0.213434189558029	0.213434189558029	0.213434189558029	0.213434189558029	0.224767714738846	0.224767714738846	0.00672351063584805	0.0827244683898775	0.0859991427423965	0.0429967175727608	0.00588075038573155	0.00588075038573155
GSM3487894	0.459243866252542	0	0	0.424861210582118	0	0.360031990765176	0.406720607149691	0.343126699996526	0.390106093620268	0.375030836234329	0.333557318525274	0.341730613333937	0.400339200211711	0.307491468934659	0.324717205990363	0.362340269376886	0.367521191268178	0.316179271855267	0.402756469851232	0.314933117839127	0.322499230915275	0.298390049556814	0.375595981131452	0.37713071953014	0.328350930250511	0.347492441548652	0.199401556834121	0.283619358131279	0	1.70479127100615e-08	0.518552066957779	0.509991597038073	0.597541202408031	0.513497546418561	0.50938857441752	0.508201343776197	0.501880064389079	0.502602718133671	0.510819491500067	0.523573818933912	0.511940984788815	0.512033165565128	0.509149369425147	0.431158284679398	0.406234190884601	0.410029961588678	0.402100909653463	0.412409693632735	0.399744816950165	0.393796831654654	0.401278814712534	0.402839704893288	0.409092822765665	0.418433982508363	0.418996133985112	0.393858910684194	0.426757999403017	0.409327639500747	0.459243866252542	1.23748021218178e-07	1.23748021218178e-07	0.399754599320827	0.391172569159238	0.399267255518393	0.386136625728578	0.36955799030653	0.39530882058623	0.386986912155259	0.374064072571691	0.218321031746032	0	0	0.172460714285715	0.228969047619048	0.374005557904262	0.228801465471442	0.576251459657922	0.249729050998543	0.249729050998543	0.25827681030448	0.24521626984127	0.213434189558029	0.213434189558029	0.213434189558029	0.213434189558029	0.224767714738846	0.224767714738846	0.108057262650596	0.264401948401298	0.247735372488526	0.264331739613264	0.142285669104962	0.142285669104962
GSM3487896	0.0924434201143602	0	0	0.379184210968735	0	0.264005537260618	0.3603747593813	0.240227657706876	0.339341772342381	0.31659364866755	0.227052963046026	0.239308030093936	0.349052828434486	0.187058583013262	0.209923003236514	0.288277501289847	0.304512935428093	0.198178031243209	0.357465962439728	0.193889776379997	0.203100943771633	0.160945170783705	0.309740581724506	0.307720596139751	0.204917315012066	0.240031985879495	0.0483292382208138	0.0499384993377906	0	2.22044604925031e-16	0.411167508784282	0.432142831008049	0.0806436312939091	0.376000625485687	0.408957397029485	0.393733082961452	0.408987242225718	0.423909204415766	0.381836153631675	0.290104447197081	0.359521130464342	0.370789861032975	0.378371021166592	0.395370609068227	0.344215750677483	0.309759167298937	0.288471333142244	0.377978874463027	0.348479791713408	0.280338694654831	0.298925050875926	0.365233794831308	0.376249111939136	0.320312224056901	0.359242360405079	0.306542457466284	0.370781848466473	0.329016650222925	0.0924434201143602	2.22044604925031e-16	2.22044604925031e-16	0.341304866046874	0.327819609689854	0.352474549050602	0.329999225805165	0.248392795016823	0.287175240058423	0.308443509791121	0.288198936302822	0.368480158730158	0	0	0.360132142857143	0.366043253968254	0.0733592313239131	0.0643351231140224	0.136110669193368	0.0764157349934664	0.0764157349934664	0.0778019000782815	0.388789285714286	0.444671928882599	0.538385808467865	0.538385808467865	0.5	0.444671928882599	0.444671928882599	0.764409252031767	0.127838022961185	0.119036459476796	0.561998357943724	0.884237502542139	0.884237502542139
GSM3487853	0.454823713670653	1	1	0.608147605307682	1	0.630747327438481	0.600220284628695	0.633798507653198	0.602683449455105	0.603728679136519	0.630738111400744	0.630508116696328	0.59893355372552	0.63910438582135	0.595798465312903	0.610369996664788	0.59587342138509	0.633274831919028	0.596023738906946	0.63180889786854	0.627092494898048	0.636845203923689	0.601416027505925	0.603898463891164	0.622524292716084	0.612787195310425	0.6861907319713	0.562086298696637	1	0.999999999984582	0.686203823937649	0.657206660770035	0.732915352156258	0.689782410397257	0.667151600839589	0.672575301593862	0.661267581402427	0.653064413765459	0.681584654707155	0.714443278565024	0.686800276842814	0.68660954680415	0.678738619995846	0.586060545075214	0.584450833344363	0.609432138176484	0.610395806762092	0.58488911205695	0.583350336917267	0.606910640764518	0.605467609481902	0.584852905138745	0.585400492663317	0.610461120718506	0.593016998532246	0.598014036769247	0.596558449880774	0.599249947210024	0.454823713670653	1	1	0.588592154136198	0.590448359288026	0.585811244947005	0.585319951989605	0.592995346442853	0.608697991680719	0.595296482754737	0.590481612208454	0.834279761904763	1	1	0.783411904761906	0.819545634920637	0.757456124538052	0.643269387440851	0.765331778708373	0.468778019405746	0.468778019405746	0.518515872324605	0.842834920634922	0.791391491889954	0.538385808467865	0.538385808467865	0.784843325614929	0.791391491889954	0.791391491889954	0.648770829767853	0.764373326517678	0.800946626268598	0.914884982484467	0.670763649362891	0.670763649362891
GSM3487855	0.829708062038443	0	0	0.471765953939533	1	0.51313451935148	0.499299906640883	0.51848145986997	0.505052492605853	0.511378457564191	0.523288733610988	0.519200404772905	0.499275784871888	0.538613152157631	0.52771013730685	0.516362200670607	0.487573225347248	0.535464555246593	0.494192463621056	0.538721841883125	0.536390616424779	0.559199574847663	0.501592005362844	0.503611242478244	0.538915809431125	0.52545463643589	0.681410925000426	0.787978129273949	0	0.999999912755289	0.470264824002287	0.492905253385173	0.523277180436676	0.504139587662797	0.503503780456048	0.507793602530087	0.494566851729532	0.495718913098622	0.513061300054181	0.546421828878073	0.519699802576808	0.511028148833647	0.511515763396427	0.438407114563277	0.436425084044085	0.481944974626329	0.485230081859164	0.457502436786288	0.454845046960648	0.481658649338778	0.47902313329355	0.463680374534644	0.461213850488239	0.481695230200699	0.466756435713818	0.471449231914746	0.46938758852522	0.471750386085056	0.829708062038443	0.999999643447308	0.999999643447308	0.463618572066455	0.465670043484143	0.462109257181721	0.470094998833161	0.487944880868632	0.464135469321918	0.470270492634238	0.485155328420141	0.638025793650793	0	0	0.687342063492063	0.582036904761905	0.351486869791269	0.579437430720025	0.467160801388919	0.430772315077073	0.430772315077073	0.675264187395299	0.585047619047619	0.731058597564697	0.731058597564697	0.731058597564697	0.731058597564697	0.598687648773193	0.598687648773193	0.198942546436612	0.391638215164669	0.295835744596838	0.413850911525307	0.132314751595065	0.132314751595065
GSM3487863	0.836894007840664	1	1	0.818556531216922	1	0.881173948504444	0.813945799571792	0.895941967684297	0.822266132640428	0.838788889815804	0.90007946626834	0.894252835238415	0.805296862135253	0.921297693318379	0.890349264878227	0.856688788983058	0.837547082155101	0.91271982017301	0.799780933548537	0.912343324053185	0.904470365183861	0.923488979053208	0.837385670675913	0.838454361093419	0.897049093773686	0.874996253942228	0.971290945223104	0.961394871947381	1	1	0.819682333383286	0.778126969763007	0.948345530827319	0.836197571811663	0.800694040198001	0.815005802018772	0.799182117447925	0.783698100178931	0.82795742614847	0.882602922203363	0.839652386804397	0.837277232672703	0.826383496057278	0.819828856562127	0.860088930173621	0.822531459224388	0.834799679853916	0.807892506973144	0.838516063777202	0.842972416263925	0.831536749820064	0.803581235977503	0.791539774144902	0.814011333748643	0.792312878597757	0.83296563964349	0.783210789245261	0.813890975717523	0.836894007840664	1	1	0.812693760812908	0.824856968268534	0.807856592979129	0.829869892237361	0.861659423215558	0.834181321404158	0.836238346053474	0.853506766034395	0.909533730158731	1	1	0.920607539682541	0.902624206349208	0.939576504853088	0.966010779419664	0.942785818270667	0.973651144135573	0.973651144135573	0.957068484917136	0.898304761904763	0.791391491889954	0.806678652763367	0.806678652763367	0.784843325614929	0.791391491889954	0.791391491889954	0.997958097110684	0.993114962207495	0.993426002158584	0.987539809766786	0.989910022747416	0.989910022747416
GSM3487866	0.904298007293492	1	1	0.823727662431231	1	0.870502233927567	0.818410462954976	0.886563383161385	0.821235402462313	0.833276665858135	0.892322467970038	0.88538846606827	0.795964147051578	0.916597739467875	0.891033710097974	0.848882102508865	0.822630973965666	0.908007022693383	0.790814945548842	0.908795554036011	0.901304594737764	0.924458480843715	0.830157806489437	0.830296629548233	0.896341326488966	0.873483683531204	0.978903931078706	0.985060476052975	1	1	0.7875103635899	0.756742411898552	0.886050695751283	0.802761504945112	0.766206435159343	0.767225650382425	0.745613846526528	0.741261335756587	0.779866670127965	0.815637176537238	0.778150259538601	0.793398220876637	0.770702643079022	0.79558711193497	0.835960883985414	0.773376199920575	0.790381365488389	0.787622770617994	0.816766247588494	0.802223717707287	0.78731231156416	0.779533383867807	0.765306435676482	0.762175160539374	0.745957811267242	0.792875436313146	0.73095888854329	0.767507744621831	0.904298007293492	1	1	0.775569574822008	0.788741587508481	0.775212172419779	0.803049254529945	0.820403324250791	0.773073161489849	0.798914769398484	0.824868008412553	0.815962301587303	1	1	0.84595515873016	0.799842460317461	0.993514064082817	0.966174097027497	0.895207586394758	0.977565529609753	0.977565529609753	0.977866720070433	0.802909920634921	0.731058597564697	0.731058597564697	0.731058597564697	0.731058597564697	0.224767714738846	0.224767714738846	0.999864053061261	0.996793796459784	0.99523483582043	0.995220070240812	0.998921063293952	0.998921063293952
GSM3487867	0.614584598477295	1	1	0.639050484849967	1	0.666006718816018	0.630680197462839	0.683426280596932	0.629829119370108	0.638938102274397	0.690754471736957	0.683549537592957	0.613761527665995	0.712063010073976	0.686862148854001	0.653650459076124	0.65431026531123	0.703293106513079	0.614586410993171	0.701874768176982	0.694277817887795	0.703792381209362	0.64780859590119	0.644157145388976	0.685295077224305	0.670931121572775	0.686210706095694	0.748138209098977	1	0.999999964568903	0.591029985407295	0.577755389287059	0.630387671918627	0.614241822981499	0.58985319331471	0.602205029040697	0.601753448175841	0.585932370842853	0.608252921715367	0.655680099176847	0.624043731621806	0.613761578353438	0.61382509702369	0.65948301129408	0.690849642923361	0.671402123455914	0.678090600623485	0.654482869538106	0.681148684623938	0.684092419427049	0.676745869731557	0.652340931375556	0.641633292130923	0.66822780271547	0.647088796054269	0.677399654022972	0.642579469479901	0.664290627651032	0.614584598477295	0.999999903522876	0.999999903522876	0.659245665413797	0.668713478710889	0.654128394796183	0.675551758171833	0.704218455209896	0.680898939938666	0.678893073929804	0.696839119518454	0.681103571428572	1	1	0.721940873015872	0.70595	0.814671321395943	0.792789280839357	0.660518839053855	0.772637264561963	0.772637264561963	0.820987154513419	0.702707142857143	0.791391491889954	0.806678652763367	0.806678652763367	0.784843325614929	0.791391491889954	0.791391491889954	0.373611482871495	0.627410348075026	0.589012019210016	0.335804084552481	0.365572635979394	0.365572635979394
GSM3487868	0.997089697853979	1	1	0.837060932157134	1	0.870960811551079	0.817186569788048	0.892931766946717	0.819548973915946	0.834337017469741	0.902954651512396	0.893033366441124	0.784634453815529	0.933885711874629	0.906490092594728	0.854254620250963	0.819724675359317	0.92438535401312	0.774220433724416	0.926273471102475	0.917717707510003	0.946962317443139	0.823192899559976	0.825299506255244	0.912576633829879	0.882177005925644	0.995862543902606	0.995908102259119	1	1	0.779428981845614	0.730937712257611	0.979894288653123	0.795765560412488	0.75341423408471	0.775937670084037	0.765961837818187	0.739061927406545	0.789022378287645	0.88292606196372	0.820690810218382	0.799029648207501	0.798126206270483	0.875003424011002	0.91703518188424	0.890243630641915	0.903282748057224	0.859735894914371	0.892751428816662	0.907422000579889	0.895478778386231	0.855291503332457	0.84157560562951	0.882167248078727	0.844958978802527	0.890450681879573	0.838826205110028	0.872487853684896	0.997089697853979	1	1	0.863592700380629	0.878134851203989	0.857817596800259	0.885043040405958	0.937700903278895	0.898292255117097	0.892777592615813	0.916065582731001	0.863817857142857	1	1	0.860415476190478	0.883049603174605	0.996862617111941	0.976771847958613	0.962655007622455	0.996075436134598	0.996075436134598	0.977965941768099	0.878510317460318	0.791391491889954	0.806678652763367	0.806678652763367	0.784843325614929	0.791391491889954	0.791391491889954	0.998285384330874	0.982521900877402	0.985348411480442	0.986100481211426	0.999013183744312	0.999013183744312
GSM3487869	0.94702782678724	1	1	0.787667971795525	1	0.873535702869675	0.794426818285491	0.88901248116248	0.808225677608933	0.827883035212791	0.894622449600966	0.887875520542865	0.800950334563603	0.918400621444316	0.887339336125176	0.850693718648948	0.824035064227737	0.910159695986036	0.795291919353814	0.911083217143005	0.903881871219695	0.927331020574378	0.831667274564994	0.833371868864038	0.899300560359065	0.875784034466172	0.983029155332784	0.979540167764574	1	1	0.844282426149461	0.801159086560264	0.973803089175815	0.859113057605511	0.827913495554949	0.843928271634489	0.823143271394379	0.809519308147297	0.857697294844002	0.915289908486773	0.870464475251525	0.864150102755786	0.855591358842638	0.754682705959106	0.788766658926606	0.808131439579644	0.819952341144787	0.750500567165048	0.776667201939503	0.822202629584685	0.810986387028174	0.753892356201843	0.745040248253564	0.802660746634861	0.765503417387162	0.801766352681575	0.762428587616413	0.789226683552428	0.94702782678724	1	1	0.773878146374835	0.784528715002202	0.764064855858731	0.781852851222051	0.842344811682947	0.810415083651702	0.799630279805592	0.815524400365834	0.92566388888889	1	1	0.906760714285716	0.915900396825399	0.917186579235527	0.967274467517193	0.957721174572075	0.880710198342188	0.880710198342188	0.958276126303729	0.912830555555557	0.791391491889954	0.806678652763367	0.806678652763367	0.784843325614929	0.791391491889954	0.791391491889954	0.997587164630408	0.996257618606844	0.996633578583536	0.998709917424818	0.981693144883417	0.981693144883417
GSM3487870	0.910349511104731	1	1	0.549158001594693	1	0.609368867849281	0.569437571484046	0.632958865097169	0.572386833080535	0.579215498691365	0.647133209970176	0.635454140889559	0.560054437651567	0.68283677125486	0.655348442171519	0.601217237652049	0.606230134860046	0.671541590600338	0.560569966502215	0.673412569192138	0.664115084007584	0.694505486541206	0.596483214149872	0.59285246001699	0.657865795882694	0.634239357234238	0.808771101362023	0.8404598903429	1	0.999999975620613	0.532612178868725	0.518305218138016	0.677685429596768	0.55367616435315	0.532093245308961	0.556768205984379	0.572232770404204	0.542813194036166	0.559086461937716	0.637377267285865	0.595272637169901	0.562069657291323	0.578690605018768	0.661812747598758	0.699606494692015	0.755921146674429	0.764571346668275	0.676274452325319	0.702243419385004	0.763696659853004	0.754115054295594	0.686148076180141	0.675508294789693	0.754123787602204	0.703678059869352	0.73972252411342	0.705803025407758	0.731027656130729	0.910349511104731	0.999999933939196	0.999999933939196	0.704702088918891	0.715987643515443	0.693190414814459	0.716627230480411	0.801334385704329	0.769969221889553	0.73470087772583	0.755056677964905	0.637959126984127	1	1	0.630486904761904	0.663526587301588	0.800215192053656	0.769799898044212	0.68036173171519	0.828512000003946	0.828512000003946	0.777068812690876	0.661878968253969	0.791391491889954	0.538385808467865	0.538385808467865	0.784843325614929	0.791391491889954	0.791391491889954	0.279918239984792	0.603628000954944	0.65368344635655	0.236778912829926	0.475789733784634	0.475789733784634
GSM3487874	0.49450218126432	0	0	0.373862884525625	0	0.386047017704735	0.381198820959862	0.394093058859402	0.391776084905006	0.396854140361393	0.404314983505825	0.398985737609309	0.401667424305667	0.412544864222181	0.402900245020971	0.40534754388524	0.411483884188114	0.413581823853276	0.405318227096351	0.416396250485293	0.41728451879852	0.42308089868741	0.412154665022344	0.409259492510576	0.420091610537029	0.418335066403745	0.437032311472062	0.444860259265901	0	0.999999931942086	0.329025355313164	0.347103349677075	0.360050404471652	0.335028852500053	0.350309691452521	0.355686839128324	0.369021504760514	0.36537398726093	0.349530507364699	0.34565924025721	0.360496035992312	0.342245859105583	0.359480331090329	0.324905717423322	0.324951862467095	0.384567518206677	0.383768942954687	0.343214658791609	0.338259162710333	0.381057541606426	0.381733867580665	0.357058267375556	0.360185140701402	0.386454837633886	0.379172464963049	0.375810530744616	0.382337178882741	0.38032317960473	0.49450218126432	0.99999974307271	0.99999974307271	0.370476887037157	0.368895491874136	0.365124209528209	0.360599588087167	0.368151480207132	0.376955327734638	0.371622799305255	0.369612769973461	0.587138888888889	0	0	0.635325396825396	0.514201984126985	0.866434229617821	0.395967167202999	0.284441576771028	0.314932399344469	0.314932399344469	0.406337022647239	0.505507936507937	0.731058597564697	0.731058597564697	0.731058597564697	0.731058597564697	0.598687648773193	0.598687648773193	0.00529644431934436	0.109773567752413	0.127311356862879	0.0329317936709102	0.00448141722300665	0.00448141722300665
GSM3487875	0.683368246961356	1	1	0.720157403141014	1	0.732392461019175	0.693227122983453	0.748520204613725	0.695456144118032	0.704724011840727	0.755807683875462	0.747986703306373	0.680151616921744	0.78569346173815	0.727345143494373	0.717728873744374	0.69017060316447	0.775321548006317	0.676953108355583	0.777038487027983	0.768590163595244	0.800877920307679	0.703507934121066	0.703281616670503	0.764218875675044	0.740461514387369	0.921566848001645	0.819632506637316	1	0.999999972171526	0.71007121260468	0.67724392610178	0.836121327790656	0.707595164767411	0.681489902946127	0.684734140141744	0.671895129171299	0.667416096470053	0.693074197879885	0.729113134726648	0.69597202378488	0.702566153927461	0.689001842618785	0.708976634719725	0.72927963067972	0.70733351147927	0.718977715621492	0.695229952727967	0.712190118696164	0.725203924738545	0.714462810831021	0.696690188763206	0.691045602129488	0.700678404973901	0.683349977543895	0.715674973167885	0.676086338082719	0.698959519888281	0.683368246961356	0.999999992119484	0.999999992119484	0.702368170763681	0.712546253729718	0.70127664288903	0.713471192936558	0.722087796611749	0.698167512887185	0.720460996605976	0.730255766331874	0.771661507936508	1	1	0.789638095238096	0.795696428571429	0.867575915997734	0.839782463105643	0.816852822198137	0.744298816859206	0.744298816859206	0.738434195115515	0.790835714285715	0.791391491889954	0.806678652763367	0.806678652763367	0.784843325614929	0.791391491889954	0.791391491889954	0.998607107262082	0.930995535017226	0.941680501740186	0.986054967859068	0.998794920975675	0.998794920975675
GSM3487877	0.437165312118697	0	1	0.536870319473725	0	0.535885059495082	0.51678823235772	0.533658430226164	0.516306688242732	0.521501152060777	0.527204629028761	0.530471796163937	0.521653583072101	0.520357022455097	0.504035892959198	0.525159248155587	0.518488212591714	0.518693488748849	0.518313659326823	0.514788185994384	0.512772213761898	0.50132395075907	0.513307537713475	0.517612937875068	0.506028541848786	0.505917039050444	0.425594604606499	0.429431463021794	1	1	0.572054904640794	0.552240637392379	0.769791313577746	0.594526736245933	0.586143497911836	0.611036457514287	0.605663212884809	0.590898033315102	0.618922612438063	0.667337218444494	0.636442636756937	0.617443356496713	0.623343392160835	0.488958393944657	0.502904304295281	0.485538551615202	0.481564773835317	0.471047646848213	0.479225208075596	0.478447956227534	0.481724206586985	0.470186191043632	0.47046444920515	0.487620021921318	0.485588021174673	0.478975099553637	0.490601292245163	0.484264382636206	0.437165312118697	1	1	0.477423720815685	0.476531310863778	0.475361519602424	0.473508209516308	0.475052090543508	0.497225530508716	0.477487590575361	0.474531574711693	0.695758333333333	0	0	0.707348809523809	0.655140079365079	0.848894946304644	0.467243162643621	0.699926077163838	0.691383322791053	0.691383322791053	0.424655065893719	0.639852380952381	0.731058597564697	0.731058597564697	0.731058597564697	0.731058597564697	0.598687648773193	0.598687648773193	0.0629972168547797	0.37958393773992	0.391927340760234	0.246566325599872	0.0370683443963915	0.0370683443963915
GSM3487878	0.41438460623613	0	0	0.328196045152909	0	0.355963049505272	0.332289052212887	0.348221441082507	0.344505942562019	0.352268327932955	0.343820922334203	0.347385325829024	0.373310395404799	0.335854657606769	0.326602235832027	0.353827234919153	0.353815539048077	0.337626666446596	0.37063463980714	0.337324633628254	0.338476984833716	0.336034416557891	0.352708498455488	0.357071319139556	0.338732114898628	0.341701607466493	0.356174482669452	0.304551303497424	0	0.999999936660217	0.293915144299133	0.329441646853857	0.278722145600398	0.314813317805349	0.345103705812365	0.359304360111661	0.370869895396947	0.370801184680118	0.353206122040073	0.327810938738841	0.35600177115648	0.342930012913596	0.358781355964373	0.326236361771939	0.321263200011646	0.387050266064177	0.383339087408656	0.347191970772621	0.336706207160948	0.378512332971218	0.382047170826361	0.365059769555028	0.36951149780902	0.387219769108117	0.390623664865923	0.376012810454536	0.396115112676212	0.385543109493908	0.41438460623613	0.999999804735583	0.999999804735583	0.376649342938007	0.371920723708799	0.374423256743617	0.364420780516009	0.357232271516404	0.387230963097897	0.371257834169627	0.362341982815012	0.493592460317461	0	0	0.451275793650794	0.512946428571429	0.3446633079797	0.242328117084881	0.238330668109808	0.329957525275998	0.329957525275998	0.217229856006777	0.50758015873016	0.213434189558029	0.213434189558029	0.213434189558029	0.213434189558029	0.598687648773193	0.598687648773193	0.00567987934487006	0.0944444957985656	0.112226964452879	0.055340106964208	0.00941591141901792	0.00941591141901792
GSM3487881	0.106039476751194	0	0	0.389867836190064	0	0.292400287187608	0.369447343358695	0.273992366184588	0.350807710320946	0.333485438537886	0.266296420522732	0.274110587631592	0.352770228604805	0.238430641568345	0.251026534177343	0.314960589613847	0.313528488536276	0.249342534480463	0.355389223808865	0.24925054197758	0.259206750878583	0.231754410105128	0.328804299731694	0.325576703545589	0.268841525411494	0.295226306733339	0.117244171778108	0.132310716896658	0	0.999999915418111	0.373594839693399	0.391074886150891	0.120734564198149	0.338606260402248	0.365856853574498	0.341148081645711	0.338905716625828	0.363366251342482	0.333925402139144	0.251555149792199	0.303093374349092	0.327604751544263	0.321489761738982	0.392124311445312	0.369337067989224	0.326581346344699	0.313601559721134	0.372609506657296	0.35654005719012	0.303426680246107	0.315238393927293	0.357207278535238	0.363834563256598	0.337150520440734	0.347827413699312	0.314249420912075	0.356806634239108	0.330500822825636	0.106039476751194	0.999999698007975	0.999999698007975	0.334260211553299	0.32574759437523	0.343704662597827	0.331024218129338	0.255943515741751	0.290284633241095	0.314538153846139	0.302343934389003	0.487121428571428	0	0	0.416876984126984	0.508011111111111	0.34363631872555	0.177303351837275	0.17122902269904	0.37743273904425	0.37743273904425	0.201490151350132	0.511627777777778	0.213434189558029	0.213434189558029	0.213434189558029	0.213434189558029	0.224767714738846	0.224767714738846	0.0422598988302694	0.154236043026106	0.141454406092183	0.113522363806018	0.0691010280522975	0.0691010280522975
GSM3487882	0.769624919596815	1	1	0.599778669695648	1	0.601259421183134	0.601251660985436	0.607556955715602	0.602451301071751	0.602204949452271	0.608195027383788	0.606165507640303	0.582126652527291	0.620992504940384	0.6011849908151	0.595673279036547	0.573061452855386	0.614725871846252	0.580014898365723	0.614569421063053	0.609355393112986	0.627559050349543	0.581229365726614	0.584727856994285	0.605260407392158	0.592370019944518	0.746549464002202	0.784277337682011	1	0.99999991802562	0.6532216463386	0.628503328369624	0.849961072058711	0.660603736340904	0.632507622065353	0.63505496871721	0.630649299666978	0.623780366339982	0.640377967123042	0.666010333623092	0.645464508232674	0.653231885847857	0.639881717615042	0.556973341776325	0.568515114755754	0.503447138535639	0.513114744733607	0.562687057713361	0.571192194105201	0.525018652821444	0.517425385540924	0.554284497149697	0.549333724718346	0.49609634382397	0.515786865163837	0.532358555557196	0.503715854198358	0.515490005725589	0.769624919596815	0.999999696083586	0.999999696083586	0.539320032892434	0.544434778040632	0.54631646695783	0.556410208067763	0.5294378410969	0.504802151580411	0.54222259519257	0.556846853038774	0.731028968253969	1	1	0.751278174603175	0.704038095238096	0.632455262163345	0.555498022276058	0.811321409495248	0.657441442162767	0.657441442162767	0.611604864484429	0.684958333333334	0.791391491889954	0.538385808467865	0.538385808467865	0.784843325614929	0.791391491889954	0.791391491889954	0.441766816662334	0.739082148164663	0.760262336864251	0.809411109329706	0.312102758492475	0.312102758492475
GSM3487884	0.985928111792977	1	1	0.746222530716315	1	0.820243974315406	0.740812591714129	0.83970413135905	0.74381243994092	0.761036432415488	0.847173541759756	0.838505893238647	0.733322710681277	0.877954971217516	0.851087601661912	0.788010540635026	0.771113464455979	0.866621247366827	0.727735810282067	0.867152089708772	0.856966820574092	0.886017446287444	0.769925386860301	0.771782568158924	0.848463319686083	0.818766134778802	0.966024971099764	0.978874643127622	1	1	0.754201667605365	0.711931459081827	0.951117715671251	0.776496212223776	0.741134098695373	0.766919413141972	0.754223030200651	0.728518190113619	0.780879306634955	0.872765975309507	0.81074274604433	0.786280519385897	0.788347228676721	0.814838243206447	0.856364945746685	0.856376038819579	0.865871379511062	0.798169506083239	0.830693411756243	0.867849755145694	0.85821934969843	0.79619339210909	0.784335756414404	0.851053604059123	0.812672807445438	0.847919390305924	0.811433909939355	0.837803270748397	0.985928111792977	1	1	0.81636248530089	0.826666124823043	0.804026883049795	0.827175962412433	0.900706805938177	0.866239956755123	0.843395636057629	0.862710748336953	0.820345634920635	1	1	0.862663492063493	0.8516626984127	0.969764829667227	0.945130633105917	0.929433234050495	0.972083334091356	0.972083334091356	0.957350190376034	0.842707142857145	0.791391491889954	0.806678652763367	0.806678652763367	0.784843325614929	0.791391491889954	0.791391491889954	0.994904258120473	0.967213926606177	0.952714374508932	0.970101529277382	0.993785025386792	0.993785025386792
GSM3487885	0.31751461595665	1	1	0.427688747044367	1	0.405902286239755	0.43058162958574	0.402795103190878	0.426615469676659	0.422608291075754	0.403628215815332	0.404671656516882	0.43739713349639	0.396867124598064	0.400296736208165	0.417041535691392	0.423337269383524	0.400807421007336	0.444563175698655	0.401865417682973	0.405774338839091	0.399913746468578	0.435119851099416	0.431547754635494	0.410952432948312	0.421388625056214	0.37700123483297	0.441076190288784	1	0.999999951912788	0.421729620831718	0.428627837562726	0.225753449468343	0.391651212716891	0.406593272921598	0.387719360489379	0.397746640626416	0.413070829961439	0.378373724768123	0.294165292939299	0.353673951658073	0.378518887072405	0.372040193688606	0.409899591945614	0.397192636101455	0.364325699924103	0.361239885924405	0.405514174680822	0.39747262467131	0.362337109061676	0.365787954384676	0.397977145627339	0.402315962092623	0.366217118036581	0.38703331388325	0.371565337303743	0.384563329280963	0.375342006083813	0.31751461595665	0.999999813507531	0.999999813507531	0.386273863141086	0.379962574123184	0.391426591516579	0.382486086436397	0.326699915163417	0.341882021580925	0.3716495211056	0.364930278708953	0.657829365079366	1	1	0.653175396825396	0.668882936507937	0.180212631120632	0.306717703141837	0.271193546167965	0.242021401845761	0.242021401845761	0.406691245408499	0.667637301587302	0.791391491889954	0.538385808467865	0.538385808467865	0.784843325614929	0.791391491889954	0.791391491889954	0.0366192027438535	0.250739930600912	0.268910296967719	0.185007272054842	0.0441697168970286	0.0441697168970286
GSM3487887	0.560817081445121	1	0	0.411800881226889	0	0.334918319736927	0.40163877334745	0.329924680359988	0.387442444316867	0.373849122148978	0.331108206576517	0.332804074209423	0.380481082164928	0.31947714743567	0.338888784542737	0.356300956676543	0.366531064220352	0.325418128240718	0.387065638400708	0.325989829444312	0.331156593032282	0.318157346064347	0.372315120589316	0.369277469161274	0.335523290687265	0.349683734062495	0.272138003513578	0.393391239795717	1	0.999999989400417	0.390457309314647	0.400913877077064	0.404484175307813	0.372345090555423	0.376715470836405	0.363859736408787	0.379643363179601	0.384302246880094	0.354358378066152	0.320039232000643	0.350232878007141	0.358149790625661	0.358835627762571	0.444928603894286	0.444003606922231	0.385518538906808	0.386280276055293	0.441044746670748	0.440952507640614	0.393114521981729	0.393127465248676	0.433632171734977	0.43347650827682	0.384952741172655	0.408252778124718	0.405369819582739	0.401414920393968	0.40030653096062	0.560817081445121	1	1	0.418643386084792	0.417050337027253	0.42487777215734	0.426324029081926	0.382722185130397	0.371519721843752	0.410384131196826	0.415707542473684	0.64218888888889	1	1	0.619801190476191	0.68315753968254	0.412983683284236	0.222324721136857	0.380841680508694	0.444597407909296	0.444597407909296	0.331883443708208	0.684829761904763	0.791391491889954	0.538385808467865	0.538385808467865	0.5	0.791391491889954	0.791391491889954	0.0306702379619142	0.122645335530033	0.11652651562253	0.21861253776689	0.0584904252769833	0.0584904252769833
GSM3487888	0.943932110466751	1	1	0.759530272203795	1	0.761465950257372	0.75044708304718	0.772144992713549	0.738108415088097	0.73417588015295	0.772871368605607	0.768471776442747	0.691797927983279	0.797044680550572	0.771453564964516	0.733349847583772	0.697484379146267	0.785665457063302	0.682305445950459	0.784910027514282	0.774788966094898	0.801445662196644	0.704883570501374	0.709699219913009	0.765327398685742	0.739433449095793	0.906343520483448	0.946583491664087	1	1	0.728908092554451	0.730900381315204	0.755289160230294	0.768209594431051	0.726960535027644	0.720547910625821	0.698862122404344	0.690494127093145	0.733696292149363	0.799018803135462	0.744539039908247	0.746457083493647	0.730015106006047	0.778675337431067	0.799475834831646	0.733166301639666	0.746134764359692	0.764140804365492	0.778320200846742	0.756678042925864	0.745042458107151	0.751048630003154	0.738764865531227	0.722363050368618	0.714927167326864	0.751581903385625	0.704371326518152	0.730800654347182	0.943932110466751	1	1	0.738858908312783	0.750414301103115	0.739217938063926	0.766173776909786	0.789629944694821	0.736146151803027	0.758396239284848	0.786726417682768	0.831167857142858	1	1	0.827738095238096	0.845511904761906	0.944566746906717	0.854771076312493	0.830310266539021	0.902585335897024	0.902585335897024	0.908737254411221	0.851668650793652	0.791391491889954	0.806678652763367	0.806678652763367	0.784843325614929	0.791391491889954	0.791391491889954	0.999999997206643	0.995670378924757	0.985551624160649	0.999999481814259	0.999999994920135	0.999999994920135
GSM3487890	0.999394880341592	1	1	0.821313860990976	1	0.905613463427021	0.825170508826154	0.927266689149802	0.841138856565262	0.865397052609447	0.937555134984451	0.92859842021469	0.830895221014898	0.96128235477303	0.941411323123	0.892622231905134	0.867776501177814	0.954711475530864	0.826654142391201	0.956229477956142	0.950084931608156	0.970750782271582	0.872157055443169	0.874392301294396	0.946047097522744	0.921619126147485	0.998761934028729	0.998584730933549	1	1	0.819685665371533	0.778150914485939	0.997005046896769	0.860943163631673	0.823862335939602	0.859285733487175	0.849818863167095	0.820249712741236	0.871800988906313	0.95292021004054	0.905532223714631	0.877550116517992	0.88308074842322	0.789928745063884	0.843076150892909	0.845765418130774	0.86492214148412	0.780034169666539	0.81999618768344	0.873189243905	0.856478573564751	0.786710479000204	0.772354938340711	0.832872711146602	0.795423979879377	0.849934952782758	0.785159259108934	0.827957487666789	0.999394880341592	1	1	0.813902681037243	0.829197325926364	0.801414585383323	0.828915901362999	0.91507983545131	0.858492679400594	0.848920096083233	0.873524219094591	0.737063095238095	1	1	0.758085714285715	0.711135317460318	0.982802320980842	0.985117974844324	0.981638217582529	0.982981059642208	0.982981059642208	0.984287484209953	0.712659523809524	0.444671928882599	0.806678652763367	0.806678652763367	0.5	0.444671928882599	0.444671928882599	0.999183679252942	0.991050620081973	0.992696532836673	0.996232930564207	0.99405914347227	0.99405914347227
GSM3487891	0.677976898788492	1	1	0.585529615783527	1	0.633075832843905	0.572066432708773	0.650788028510638	0.589097877348553	0.606723400313313	0.661475115254326	0.652745463918612	0.595459673760186	0.687640022964105	0.644329595183817	0.626017292486278	0.613585556997732	0.679679016462858	0.596755780986509	0.681182743964121	0.674356983087679	0.697987926978694	0.621796058489281	0.620833836546868	0.669421918712393	0.650128744711302	0.797675932234738	0.733238502569439	1	0.999999945270846	0.585601261849906	0.561422324725533	0.845544083462895	0.595481648375442	0.582246470201972	0.598936059689062	0.590099789520137	0.581349876787441	0.605825313199214	0.664178443627626	0.622770229165655	0.607920083204527	0.609533410531279	0.551387603730643	0.571929776317004	0.559805075387537	0.56803718471339	0.541466142095438	0.560345722178477	0.57524207455687	0.567710736961716	0.537081885260025	0.532887783574861	0.554341386929902	0.548985211561702	0.569168403652582	0.542942818733825	0.558803480260906	0.677976898788492	0.999999790017748	0.999999790017748	0.557692703544988	0.56251781832726	0.550456512457979	0.554213077394816	0.571017157577488	0.552018020889684	0.56904911426464	0.572821974023503	0.775463095238095	1	1	0.791049206349207	0.708309523809524	0.831681657875819	0.735654411498043	0.721364278200725	0.735290286809881	0.735290286809881	0.688489165304836	0.724900793650794	0.791391491889954	0.806678652763367	0.806678652763367	0.5	0.791391491889954	0.791391491889954	0.645788808331647	0.659921962151769	0.684296860376902	0.605434235873473	0.465503475012902	0.465503475012902
GSM3487895	0.999650017943739	1	1	0.85005186294021	1	0.905756537480655	0.835324438344707	0.923539051744028	0.846253393547601	0.864642160095368	0.930474340888549	0.922321529515857	0.812943022849375	0.958788600307161	0.928468286329974	0.883634494279188	0.826987827351112	0.949595614575064	0.792451177853913	0.951157926949343	0.942164252210682	0.970679101412929	0.834421859970213	0.843396600137794	0.935674531319647	0.90014712641026	0.999673086380926	0.999110048442275	1	1	0.686652979175315	0.663548122662138	0.895669861507837	0.698318704939795	0.686302245350291	0.70921178052865	0.703495962816039	0.681805244940055	0.718724558744507	0.801194557024091	0.75137106278959	0.714853108865394	0.729217423441117	0.893727307304906	0.927332354152634	0.91875955710272	0.929297143059571	0.875828446985064	0.903321755544581	0.931482854612137	0.921641259140292	0.876820096815558	0.866238329143848	0.907764633307248	0.878800387482206	0.915892562733894	0.87631560565027	0.90184511711787	0.999650017943739	1	1	0.893051879700842	0.906185338229196	0.885615471265169	0.906814562363454	0.959489641555257	0.925104371330653	0.918627355138911	0.940088138324051	0.751572222222222	1	1	0.815016269841271	0.775503174603175	0.980507515437517	0.978810382595751	0.860458458051815	0.97127823288779	0.97127823288779	0.976170789280316	0.771993650793651	0.444671928882599	0.806678652763367	0.806678652763367	0.784843325614929	0.444671928882599	0.444671928882599	1	0.999979000830069	0.999983067491344	0.999989788280239	1	1
GSM4835782	0.939541007339872	0	1	0.575087578807564	1	0.622262172118863	0.582099236332517	0.626643975529364	0.587877242677838	0.599221736751167	0.624069837117246	0.622339528193351	0.577765006045697	0.646825288295796	0.607525854432915	0.599950091854792	0.549832637435577	0.635316209945485	0.563705674421335	0.635775469109766	0.625407372488054	0.665175033535966	0.559471684789808	0.572301082669738	0.61721233878629	0.587091664850044	0.882814849780902	0.86699334118678	0	1	0.604469825263605	0.591449529811181	0.923085571599556	0.636265803636375	0.622946557915003	0.645809338624868	0.631933055399997	0.620118783245239	0.656088521137858	0.728467617161843	0.677605861572321	0.659292601394891	0.659390638523749	0.559158246974738	0.581384831305158	0.555417246830903	0.567028849573228	0.568737637708389	0.583342957013122	0.573799850619375	0.564344225885782	0.571772501778392	0.5659607109032	0.543079633360327	0.548632481905641	0.567945077696304	0.542860051387452	0.554715968134491	0.939541007339872	1	1	0.562484613302727	0.56967552730526	0.567664880050617	0.583112886243214	0.599378512153252	0.563379568647846	0.57431187874795	0.593732182218141	0.461017460317461	0	0	0.484512698412698	0.456402380952381	0.0846428169334534	0.587527636574041	0.838882137980244	0.689569333638107	0.689569333638107	0.574849242933716	0.463619047619048	0.213434189558029	0.213434189558029	0.213434189558029	0.213434189558029	0.224767714738846	0.224767714738846	0.207246988817194	0.641951833788405	0.647325122942237	0.49125452238053	0.210712977371904	0.210712977371904
GSM4835783	0.00479491256185778	0	0	0.289829273381814	0	0.238282462279944	0.293899495158109	0.215349043232507	0.282785389199363	0.265500680228755	0.20148987374471	0.213790703611315	0.304521651255954	0.159826842623235	0.171474874310821	0.246862950658311	0.288148167165026	0.171051419443089	0.314132387780058	0.166000101141632	0.175356698359676	0.127671847850696	0.278560473218411	0.274360577824813	0.176748433112619	0.213615520469815	0.014828988226278	0.0091755997648259	0	2.22044604925031e-16	0.308301089682472	0.334917260677274	0.084730662182493	0.296928614431017	0.323685220328062	0.316573328538348	0.334097400704108	0.345076404338803	0.305267482623414	0.220231657116824	0.28280194406025	0.301057212704743	0.302298214355227	0.321342474984906	0.282983287820496	0.301215230342908	0.284391358174783	0.335220008965935	0.311276794529314	0.283065871224475	0.297917500851939	0.344582445362469	0.353278460172688	0.311174422563137	0.348397021473718	0.310384763821457	0.351505733533024	0.324594712136386	0.00479491256185778	2.22044604925031e-16	2.22044604925031e-16	0.338559122635482	0.326858215424783	0.34540963522071	0.322044666920125	0.217830464799132	0.296011660351051	0.31096045758612	0.278226734157033	0.256344444444444	0	0	0.159731746031746	0.297937698412698	0.0618658649044905	0.078602536862842	0.142439162685176	0.112959426347924	0.112959426347924	0.0507367247975561	0.309697619047619	0.213434189558029	0.213434189558029	0.213434189558029	0.213434189558029	0.224767714738846	0.224767714738846	0.105029587325261	0.0844116021672274	0.100018889428216	0.0710738205389556	0.193239856920695	0.193239856920695
GSM4835784	0.363770094073975	0	0	0.311821030207179	0	0.204658918096472	0.291555995171288	0.190767228857094	0.265275293604689	0.238485608151854	0.187773418261707	0.191757133715076	0.252094282306613	0.17623863572713	0.180065345000497	0.214160655339411	0.210906070296354	0.1830703925276	0.25094104947752	0.186295459423908	0.192751812874283	0.192441638971366	0.225590619637882	0.226710578404788	0.203373795577281	0.213979147103333	0.238085454747	0.213025021741379	0	2.22044604925031e-16	0.251497493772612	0.257966179489979	0.480652391518544	0.199476915450618	0.214792576690378	0.185113567394445	0.190158799411992	0.21082040960504	0.175190713339672	0.127065358632228	0.15766150948345	0.179512724082617	0.170921586866457	0.40600862236143	0.403687899273759	0.319864021336564	0.328199671237796	0.390075337534831	0.390559977304194	0.338279495192999	0.332851449000598	0.380356970669141	0.382841979430535	0.314171025284313	0.343591695462083	0.346941160909481	0.330088922930153	0.335532236616396	0.363770094073975	2.22044604925031e-16	2.22044604925031e-16	0.362279116945793	0.360981309023298	0.371415626956767	0.36785123306154	0.284655970352779	0.288543248117155	0.353633841222392	0.352469273986496	0.301858333333333	0	0	0.207388888888889	0.350984523809524	0.196074613040405	0.126200506225113	0.380008178551733	0.460643409716953	0.460643409716953	0.136716871121978	0.343759523809524	0.213434189558029	0.213434189558029	0.213434189558029	0.213434189558029	0.224767714738846	0.224767714738846	0.0159339281225326	0.0356885085967246	0.0395507003125802	0.0406862633360433	0.0351314323149244	0.0351314323149244
GSM4835785	0.982417598361669	1	1	0.583055068141846	1	0.690563471665922	0.616401167640926	0.712335882599067	0.636649166317302	0.649812347846333	0.72399054944483	0.712062835261267	0.617022381877863	0.77200873502501	0.728854121678297	0.664697796043764	0.625832300120006	0.756340590878239	0.607423830650393	0.760818073808433	0.747644630972404	0.805682278402953	0.637576552427785	0.642608082913235	0.742360112286966	0.700216673038811	0.970988888329742	0.972047530022639	1	1	0.592126061492639	0.573861693065749	0.727023726854522	0.581993867824717	0.560416784271737	0.552156614689128	0.549781235784076	0.541735837440389	0.555756823103751	0.597063199934909	0.569952894053917	0.561325872218193	0.560355090317543	0.661342354753533	0.691750947327604	0.727274253551144	0.743376726764905	0.678144128480891	0.695416481149742	0.747104152340344	0.732295004006336	0.677869492506454	0.670272577764185	0.715524168010486	0.682331517813745	0.722213646788448	0.677537403223545	0.706801217629825	0.982417598361669	1	1	0.693050164971141	0.704517335209169	0.682123824860711	0.701926146839679	0.781477612753345	0.726615131589891	0.720650107075129	0.748052313655275	0.59050753968254	1	1	0.70958253968254	0.609920634920636	0.338825378115918	0.829562237654148	0.738722074959814	0.544924431862817	0.544924431862817	0.866784160806052	0.607201984126985	0.444671928882599	0.806678652763367	0.806678652763367	0.784843325614929	0.444671928882599	0.444671928882599	0.949053644332723	0.9126534972503	0.92205081188569	0.917311977090214	0.975050592728727	0.975050592728727
GSM4835786	0.915309982877797	1	1	0.682180201647736	1	0.802786250014032	0.704474498780453	0.828071350022053	0.734907923423692	0.7649763062544	0.842729073381573	0.830083945941548	0.73564035085611	0.87974845342105	0.843834806468249	0.802232146262145	0.76774738591211	0.8707357232699	0.73095580279385	0.875154588519897	0.868543083564486	0.903528924268398	0.782499678522166	0.777720067507816	0.87016597870653	0.844356424064755	0.978969950447559	0.979324248265761	1	2.22044604925031e-16	0.712899702250702	0.672541154621097	0.614497610126402	0.714985726866368	0.702759124225095	0.720709026802874	0.703196496133	0.695210589576456	0.732559766701038	0.765118464070399	0.735436343944356	0.729025937001781	0.726859340717987	0.594096776509383	0.621818588726738	0.777893732051447	0.782560411884123	0.623142627385786	0.641036795630832	0.764494339614449	0.75822308810735	0.644075008641729	0.639297223096443	0.784405299689781	0.69595654336645	0.721489011801896	0.71337422536001	0.727186373308646	0.915309982877797	2.22044604925031e-16	2.22044604925031e-16	0.677279231709786	0.688124351474629	0.661079306580397	0.676411114054331	0.785969898964033	0.760429458735059	0.711288376441674	0.732988010391609	0.677807936507937	1	1	0.719464285714286	0.621716666666668	0.987739184665963	0.96305302538557	0.657636396430178	0.550726061794506	0.550726061794506	0.959688084760279	0.623342460317461	0.444671928882599	0.538385808467865	0.538385808467865	0.784843325614929	0.444671928882599	0.444671928882599	0.99788517482571	0.990192691638953	0.991536355723833	0.990571121281242	0.994335686665572	0.994335686665572
GSM4835787	0.000994010249857955	0	0	0.275063968339657	0	0.194141557256591	0.270989800791662	0.165925295121755	0.254452455611467	0.233057563438617	0.150895255684442	0.16368249554175	0.276694196084169	0.114212188016053	0.125217181504992	0.207258842385338	0.220519509466071	0.125187582785816	0.283214773305634	0.123175312424484	0.133396652664546	0.0996640691481503	0.234431508250284	0.23114111981344	0.141555051889551	0.17679332524786	0.0167526930351385	0.0111366993940359	0	2.22044604925031e-16	0.25765535517346	0.290245037449497	0.0073433594209641	0.198705553523233	0.246541864580931	0.203149337114588	0.207254973780795	0.252328873735438	0.188785115451396	0.0634331902947466	0.133181203854992	0.18304566895418	0.166164977586267	0.231581640063469	0.186975322034459	0.144417260310644	0.130783319505635	0.231587259810822	0.198313607192661	0.126092412125429	0.138835325334827	0.219840569483079	0.232882614043758	0.152503359720983	0.194418826551665	0.147701791293135	0.19826863418505	0.163677084178707	0.000994010249857955	2.22044604925031e-16	2.22044604925031e-16	0.183954347818604	0.169460619408631	0.201216321208343	0.175762274411608	0.0711459456094636	0.117787023608202	0.149761209004254	0.125577516848446	0.409069444444445	0	0	0.38629246031746	0.397521031746032	0.0190229909498379	0.0449398607892901	0.0276518599020443	0.0641974122163738	0.0641974122163738	0.0455871288046099	0.385966666666667	0.213434189558029	0.213434189558029	0.213434189558029	0.213434189558029	0.224767714738846	0.224767714738846	0.0829440076883255	0.0526180442058974	0.0597787187736414	0.0314080321822317	0.10162407587165	0.10162407587165
GSM4835788	0.0382206623490113	0	0	0.425024140670455	0	0.303628454457273	0.384847952311321	0.29278293306723	0.360454776113628	0.342227498842049	0.288059879210569	0.293136919502797	0.345060548976087	0.268035786704369	0.279235960968687	0.322982793925579	0.338404934522811	0.274588889335933	0.348926016269286	0.273040181938233	0.279042254774596	0.25182071416766	0.337753330405368	0.330450937557926	0.282712432277442	0.306442571798872	0.112533226513476	0.134259344441097	0	1	0.241466296360218	0.26484349821566	0.0198603160613644	0.194446655418416	0.225474413056531	0.196770591668291	0.215623993116312	0.237786339732925	0.18209184759069	0.0882036019916467	0.150906470793635	0.178287474961911	0.175302569913928	0.527746219541641	0.551935143509478	0.379771331302466	0.371545070296252	0.491048189268637	0.508608838674094	0.372234581244209	0.379143100856924	0.453772944180099	0.449250309642334	0.383041027981696	0.404324330208236	0.392886427858642	0.402579759251081	0.392520014658982	0.0382206623490113	1	1	0.414564154594706	0.413469857908222	0.429983746497212	0.436959926264117	0.327576838092959	0.358454555495361	0.402234232901734	0.40686560446235	0.389084523809524	0	0	0.318710317460317	0.395088492063492	0.368514477727337	0.207436006369022	0.0596887203893898	0.819055663841601	0.819055663841601	0.304208710590666	0.439244841269841	0.213434189558029	0.213434189558029	0.213434189558029	0.213434189558029	0.224767714738846	0.224767714738846	0.225010589653094	0.281382375309609	0.276964207448013	0.0347482682684333	0.405791827012647	0.405791827012647
GSM4835789	0.0676410606712683	0	0	0.418405619105976	0	0.336395229429521	0.408142525354625	0.319498069884504	0.384668002706733	0.36327568201322	0.309866309577471	0.318329041345337	0.381609483879613	0.281544449413088	0.296849903629215	0.344271915069389	0.352541691679353	0.290876087759663	0.385991498066262	0.289425691485238	0.297802932851503	0.26879031767416	0.361358379660829	0.359518387843624	0.304608467156473	0.328893011087821	0.13270170474156	0.182104824812958	0	2.22044604925031e-16	0.398449865411095	0.410985640925492	0.145327423880707	0.366455460924921	0.381044574720832	0.349427219360277	0.352101876266359	0.375809157422891	0.341102764319035	0.236853747399182	0.303632654693067	0.343045582633653	0.326893006303728	0.364923221148878	0.335804185402022	0.273923995585991	0.266578008456176	0.355652708316468	0.340319672474245	0.266424909683088	0.274114441519208	0.339666864125864	0.34529714331727	0.278589034584015	0.310625426783881	0.283867776114382	0.308834769033913	0.291081064488065	0.0676410606712683	2.22044604925031e-16	2.22044604925031e-16	0.308670635437636	0.299508781308438	0.320904304488285	0.30998524743593	0.214596800309141	0.253995517823616	0.285985431286785	0.272990136583145	0.417063492063492	0	0	0.407446031746032	0.307411111111111	0.15215121828691	0.196134803046992	0.233684882292493	0.144338247784404	0.144338247784404	0.266711849140542	0.316592063492063	0.731058597564697	0.731058597564697	0.731058597564697	0.731058597564697	0.224767714738846	0.224767714738846	0.13620875473856	0.149014090221251	0.135754681072567	0.0928306484248786	0.0954708143908279	0.0954708143908279
GSM4835790	0.498174390761248	1	1	0.620439543136076	1	0.668424288225903	0.594589519023857	0.690353793335023	0.611831123005071	0.628289357681497	0.699300597111806	0.690874856030341	0.60534991296783	0.721946370198069	0.673773713788272	0.651143376901568	0.668599191007762	0.712133455515794	0.606009284128699	0.709552347204607	0.700631361802621	0.706514220388037	0.644885706152478	0.642442925769731	0.688178269328211	0.670882463452081	0.649039954324212	0.493593648947489	1	1	0.672827854610395	0.608420509013763	0.963706514000554	0.692645620501708	0.646417305609506	0.686259351587255	0.692792715175095	0.649793298137073	0.697336788913143	0.816282046751835	0.746200211431767	0.706099898113117	0.718778359237984	0.656282787402395	0.724511557201975	0.747039156715084	0.755798038500103	0.651494031969863	0.686703296369805	0.760309626300911	0.750751509858667	0.669282876731823	0.661364636734258	0.745229989916955	0.703923795358527	0.744369043363348	0.70190877161112	0.730881382894355	0.498174390761248	1	1	0.7115305497306	0.724127887010416	0.694504712927584	0.708918277159995	0.781943479019716	0.77995534582328	0.742099761124516	0.749149449930092	0.535039285714286	1	1	0.524811111111111	0.570637698412698	0.99971013960206	0.814978344886763	0.934474497680438	0.98194308628051	0.98194308628051	0.627550954933657	0.566015079365079	0.791391491889954	0.806678652763367	0.806678652763367	0.784843325614929	0.791391491889954	0.791391491889954	0.187203431901456	0.204062822964579	0.220909248546937	0.428924979632798	0.205627872306039	0.205627872306039
GSM4835791	0.877451645620141	1	1	0.684879745048885	1	0.752740590691662	0.665345649245189	0.766077021135557	0.674076115889469	0.684743465336428	0.769283148468717	0.762715513547021	0.672027123041542	0.802934626967687	0.738429670123379	0.705548897107886	0.67620071776876	0.789484433611346	0.663229804833364	0.790916451120748	0.77923124752906	0.821214003995708	0.68683134268829	0.693998377972165	0.771662539605679	0.73673875725327	0.95813401269925	0.892208164610673	1	2.22044604925031e-16	0.714806204211152	0.668381065131359	0.952046982553302	0.710422910237005	0.681535148183107	0.690536978828261	0.671249416302497	0.661664299947514	0.70287633232244	0.772142281381729	0.716852503253045	0.712004201700507	0.701239538956487	0.678294754725098	0.692785488908677	0.753046552789053	0.768137075222002	0.685131309223112	0.699657263518938	0.775094375749935	0.761598750214819	0.703685346166675	0.700452912327671	0.741503783084281	0.720818439257749	0.755942119754805	0.712858041611467	0.741218479055981	0.877451645620141	2.22044604925031e-16	2.22044604925031e-16	0.730869379413753	0.739053322669261	0.719799627403047	0.727867573801098	0.776260790425425	0.756046580368546	0.752590155643209	0.757815568143457	0.670461111111111	1	1	0.705859920634921	0.691587301587302	0.951221149400851	0.86091680626288	0.921514378877473	0.386440755978876	0.386440755978876	0.750832526511277	0.675559920634921	0.213434189558029	0.213434189558029	0.213434189558029	0.213434189558029	0.224767714738846	0.224767714738846	0.928932925473241	0.927841801069906	0.941005674607627	0.986582901523743	0.952857457961841	0.952857457961841
GSM4835792	0.391478084847074	1	1	0.596013000335961	1	0.625960814055123	0.559572644548839	0.628048736712746	0.56574907789096	0.577334527963756	0.622130313022165	0.622887866742832	0.577765806728166	0.633306560269307	0.577727399172745	0.585833227980671	0.568486590194238	0.624420297256452	0.571245934557962	0.622289717640592	0.614247583559789	0.632514820759413	0.570817972337396	0.57977044846139	0.605373004536177	0.586772947533769	0.741279481842335	0.562394019436953	1	1	0.600198292227325	0.574886346690842	0.902211149979829	0.6180631253608	0.602797363354001	0.619405627771747	0.607438826740435	0.601433683936362	0.627879439181837	0.659542334158081	0.632885660126914	0.636267718161943	0.624675837639063	0.525190761228625	0.552642422826279	0.504429373829619	0.515036615682037	0.521132607931811	0.531820832669915	0.528412391848684	0.520050291510441	0.529771223091868	0.528537866284675	0.493099362970772	0.516580186443959	0.531441984791083	0.503752651472075	0.517486919836853	0.391478084847074	1	1	0.531685898288582	0.533554563541301	0.534697462192924	0.535151991013353	0.493648382290323	0.516940032383663	0.534187279502045	0.525772920915959	0.575567857142857	0	0	0.551608333333333	0.476848412698413	0.951158165488905	0.593573498073129	0.831626040367981	0.839701121911472	0.839701121911472	0.442972913543812	0.484155555555556	0.731058597564697	0.731058597564697	0.731058597564697	0.731058597564697	0.224767714738846	0.224767714738846	0.526330839663455	0.531062647526364	0.583735432304716	0.389862878398143	0.281841868253221	0.281841868253221
GSM4835794	0.0598282089651099	0	0	0.45032587306927	0	0.395587837581434	0.436615127882923	0.394213143281571	0.431636686671966	0.420397509299517	0.395001976364235	0.396568758107344	0.424437485175758	0.378418891627442	0.366172055698984	0.4127902495177	0.441914845080905	0.384090828690308	0.433226306609455	0.381002394454989	0.385632964107039	0.351091935078152	0.434218837552257	0.426301931951847	0.384392221271511	0.40537344289207	0.15501701990011	0.0998200966167981	1	1	0.448167571065405	0.434322846571829	0.235655570886395	0.407875301385598	0.407558950608251	0.390976501669809	0.40888020695242	0.407665482191758	0.38291518142317	0.342825350961895	0.379765487570489	0.381490068160512	0.388224547102361	0.476006649228181	0.483300269632859	0.457974150448539	0.449595022268545	0.464403099795989	0.461198442930541	0.448658945432956	0.454967804817337	0.461287837788833	0.465551781795583	0.464330883606217	0.466539823434074	0.459023042653142	0.469437940473998	0.463094502293374	0.0598282089651099	1	1	0.463911851173912	0.462656278823286	0.461968907967725	0.454574648703434	0.412339565579031	0.452848670225402	0.459756912529414	0.44654307147685	0.43119126984127	0	0	0.418386904761905	0.490947222222223	0.886426231447326	0.335225333120531	0.335887852789298	0.501336083390499	0.501336083390499	0.251988302047831	0.498334126984127	0.791391491889954	0.806678652763367	0.806678652763367	0.5	0.791391491889954	0.791391491889954	0.0333288802832212	0.1088900730368	0.131500061879987	0.268039820690296	0.0593609661251643	0.0593609661251643
GSM4835795	0.12650844429555	0	1	0.524554803034177	0	0.557597516464806	0.524488487110903	0.55611565206161	0.528576579702655	0.535161541282095	0.551451552697238	0.553334077020991	0.544381083615817	0.552131006927643	0.514313098497171	0.540320067953566	0.526205346818073	0.549393222112339	0.544525237069676	0.548361562148049	0.546201203318853	0.551172772319267	0.540067131771763	0.542596060132224	0.544338162335389	0.5410004715431	0.578514980111781	0.458578649995248	0	1	0.516242636888112	0.518885780869211	0.287687707380487	0.503332163199494	0.515339400494785	0.498850978786631	0.490162179769298	0.50991885736152	0.497756976493924	0.405798471192076	0.463395941091435	0.496746773381775	0.48027578363121	0.40417726553448	0.395499355331488	0.34685568612213	0.343568297240777	0.406431240182064	0.39196464305991	0.346046091547046	0.35012846916599	0.402208933172615	0.408236308679169	0.344990017510939	0.378549367026785	0.358629669269951	0.374941910083899	0.362885041118165	0.12650844429555	1	1	0.377442318635695	0.369603827784553	0.388639376806092	0.377660147038367	0.287154176649849	0.328751901139356	0.359230623295048	0.341450252433698	0.490992460317461	0	0	0.46739246031746	0.391046428571429	0.351469745873494	0.477101692403325	0.348051604046219	0.384419572494184	0.384419572494184	0.452541549737504	0.394835317460318	0.731058597564697	0.731058597564697	0.731058597564697	0.731058597564697	0.224767714738846	0.224767714738846	0.305877460524199	0.617032386583362	0.649836885172066	0.411263007280064	0.0657635215460144	0.0657635215460144
GSM4835796	0.914760394674766	1	1	0.630038696158126	0	0.569571769507724	0.590375587567615	0.573766353403162	0.580321902231164	0.580968856860869	0.575081202094155	0.572105066488482	0.54815940781227	0.593986896925275	0.579490853234069	0.575796470685399	0.526841839154493	0.587662843254516	0.536738112219751	0.59045621901931	0.585733516268862	0.617134144806362	0.540961813722554	0.545142999244099	0.586841827200801	0.56856001862778	0.791166536129452	0.869399627955869	1	1	0.628815447327458	0.588662486315678	0.772452496213994	0.604143942715004	0.590596735772835	0.588991433799837	0.576355657825378	0.572875296266718	0.596289386460523	0.629183805581393	0.602475634973163	0.597011665895354	0.593998515174777	0.636405605957729	0.680892068084927	0.583035759611505	0.585702876669754	0.600534727825771	0.626549974664873	0.576057802369051	0.573360740158189	0.572489043433993	0.566471153343949	0.584172131624572	0.551191190608137	0.561086617635205	0.559505912406785	0.560773287285524	0.914760394674766	1	1	0.550517617753869	0.558089427718406	0.555376260001421	0.575582947964176	0.608852365230719	0.570977630287364	0.564898719697588	0.594314452677153	0.572906349206349	1	1	0.452475	0.565603968253968	0.910673935290717	0.617423352694948	0.75093777081657	0.928030912241677	0.928030912241677	0.707716383079936	0.56298253968254	0.213434189558029	0.213434189558029	0.213434189558029	0.213434189558029	0.224767714738846	0.224767714738846	0.980610465309729	0.611235696329417	0.583065626891728	0.976382863406753	0.987045395537708	0.987045395537708
GSM4835797	0.990331986025065	1	1	0.714554990569263	1	0.807645182204572	0.726179033106754	0.831903708330525	0.744057970020388	0.767556882943716	0.843431346113143	0.832241114177248	0.728016864238658	0.880451425669828	0.850146913235492	0.791361644707888	0.762739283791541	0.868093280771854	0.721471384125	0.869798560118516	0.858803389540648	0.894719766939869	0.765363953806586	0.766071676167895	0.850833807658533	0.817893514028412	0.982381749065599	0.985952967085837	1	1	0.669459055973899	0.649491383456262	0.785116258400784	0.692402524049694	0.670353750309969	0.693371945723798	0.691516844331682	0.669316791624897	0.701748685595463	0.777546249713073	0.729660487300858	0.702823550723508	0.711707019560367	0.783925800724945	0.822291794560077	0.836993482168733	0.847295750872023	0.779914543524365	0.810551592629274	0.849144205514309	0.838648323741455	0.77993247954911	0.767604757029153	0.82985629887852	0.791705695154782	0.830066968501419	0.790709140185125	0.817031275598426	0.990331986025065	1	1	0.801638698260306	0.814630091563931	0.790418971005293	0.814460960650407	0.890275017847489	0.842922167341432	0.830105428536389	0.856812436009919	0.724057142857143	1	1	0.787634523809525	0.723221825396826	0.629945229385995	0.933519325276348	0.76884978599689	0.859755000102407	0.859755000102407	0.953370418788601	0.71779007936508	0.444671928882599	0.806678652763367	0.806678652763367	0.784843325614929	0.444671928882599	0.444671928882599	0.999368252952993	0.964511430499223	0.964333426749356	0.940476349209881	0.999679713618897	0.999679713618897
GSM4835798	0.0319025706981187	0	0	0.353848301659037	1	0.315014690778326	0.345812821281791	0.287665257081498	0.336731978187384	0.327026358100541	0.266559848719509	0.282543561459755	0.363412206862815	0.221924845762498	0.233422946779741	0.299790049235277	0.321559636453807	0.229753078136006	0.368309127921227	0.221685021094717	0.22660843911458	0.180602191077276	0.317106326557703	0.323607495099157	0.218892609989773	0.24668892371631	0.0541591181301033	0.0428392710848267	0	2.22044604925031e-16	0.344397678947669	0.375644687680471	0.192759831580597	0.331217624764353	0.362155261014929	0.346198922391964	0.356508393107059	0.374936477035864	0.335499033484041	0.242790861037642	0.311519555703181	0.330021713437422	0.329432239856095	0.32597082441676	0.294023579061741	0.198144476300717	0.188852928939793	0.317652722603349	0.296956103133426	0.200057312305499	0.209990107775392	0.307117414909818	0.316129339219609	0.193571882205978	0.276808991761666	0.238402092421559	0.266821365242536	0.242620271860271	0.0319025706981187	2.22044604925031e-16	2.22044604925031e-16	0.281504179171184	0.267194674090344	0.295514467197622	0.273922416569985	0.156009670775125	0.197165420624048	0.244152403147514	0.219318681520114	0.482690873015873	0	0	0.541572222222222	0.397144047619048	0.00327011053465837	0.0641654941569926	0.202097053164966	0.0838802505680167	0.0838802505680167	0.0770715718378498	0.417870238095238	0.213434189558029	0.213434189558029	0.213434189558029	0.213434189558029	0.224767714738846	0.224767714738846	0.280411893610381	0.730310946323147	0.512677808779202	0.0642693480954129	0.227102270396264	0.227102270396264
GSM4835799	0.692561318303249	0	0	0.36147762207236	0	0.391898466213752	0.382539567201443	0.390666940186097	0.389944223346735	0.388657478965357	0.393896948467774	0.392615996650161	0.404561599064468	0.395798437127288	0.394911934501158	0.388129455343018	0.401083022604172	0.397692894362048	0.408809540082682	0.400017819855428	0.402076835717208	0.405774789059865	0.408009165596249	0.405460821230222	0.406741405124899	0.409265731227982	0.43168116027429	0.503396298327754	0	1	0.402869348484808	0.418022032611513	0.384538942591693	0.396231168408215	0.396506123750767	0.385736943419287	0.392118853202678	0.393700135285974	0.381178837446579	0.382751471396653	0.384106192788079	0.3830291467397	0.385495512621403	0.479112622932309	0.483678370180014	0.551068359946801	0.555253393772746	0.496228762914407	0.49066859633238	0.554898738046383	0.550660536646973	0.504891937184113	0.505521877547399	0.551325473603055	0.532393523622856	0.541154998029359	0.532199467207776	0.541582822975007	0.692561318303249	1	1	0.525742254012659	0.525332515029974	0.514222067817737	0.512842599979775	0.546988108880333	0.535852289543143	0.532631902414338	0.533561564781202	0.364946031746032	0	0	0.445087698412698	0.439109920634921	0.4972176403694	0.402125984863311	0.41239416866751	0.502669392511395	0.502669392511395	0.45602004554434	0.450676190476191	0.791391491889954	0.806678652763367	0.806678652763367	0.784843325614929	0.791391491889954	0.791391491889954	0.0212402719802201	0.198319157928041	0.19783081533297	0.183577694055408	0.0421991980535639	0.0421991980535639
GSM4835800	0.234000068486991	1	1	0.500797927042217	1	0.605060979317263	0.498963155342825	0.595031046989877	0.529467423714017	0.560735460185497	0.582572352315412	0.589898201335366	0.599813182156985	0.565391326783639	0.549032370149831	0.585571963797154	0.571789672504325	0.567362420680141	0.600894136083752	0.563628191800108	0.56555301205356	0.548411956121704	0.587420915133835	0.590430667891092	0.564871579151624	0.573158207128504	0.449206019378331	0.460770759362532	1	2.22044604925031e-16	0.629717816326517	0.644429063183368	0.209709053342116	0.673042159518311	0.693442545175629	0.717245198028223	0.694051918895491	0.699174072843225	0.727904820748469	0.710832980043596	0.714498902610099	0.713602082523589	0.713396595521492	0.311554734729931	0.269266839512234	0.420303249826716	0.396674372552086	0.341173668146774	0.302655956803376	0.369936227440908	0.390012951391633	0.362976350347232	0.37710937625284	0.437361750113595	0.424014177504646	0.363681345661223	0.451406912143878	0.406074304295306	0.234000068486991	2.22044604925031e-16	2.22044604925031e-16	0.369939993425487	0.352110148599501	0.367800297172932	0.339346685896411	0.328499397344815	0.395148661662584	0.345942563330491	0.314399642977453	0.635736507936508	0	0	0.680682142857143	0.570596031746032	0.851196102030913	0.495951595457521	0.276105396383985	0.0806157441224243	0.0806157441224243	0.48339507539395	0.575193650793651	0.731058597564697	0.731058597564697	0.731058597564697	0.731058597564697	0.224767714738846	0.224767714738846	0.991844006141073	0.980553339911033	0.979336939083648	0.993005688863021	0.939256549524605	0.939256549524605
GSM4835801	0.338357531102561	0	0	0.379266625671549	0	0.348913013558108	0.401100457940756	0.333085696778182	0.388078568440131	0.372600119535402	0.320655938671827	0.329970196068923	0.37572850832022	0.294683258276109	0.307617882398359	0.341825401331749	0.355600823444503	0.298581662019263	0.375849669421158	0.293175279668984	0.295294641806979	0.265861354860567	0.346628455423368	0.350872865849109	0.288805167031503	0.305028331138656	0.15894818020376	0.190366137040811	0	1	0.392624494538466	0.411269084778546	0.436753111212133	0.38831428923961	0.385704838260256	0.371290383924249	0.387787839040514	0.387226023596399	0.363257452932343	0.33986609571979	0.364517131894874	0.369507919719655	0.369734815398621	0.500450592695543	0.510819762413411	0.410391572003665	0.411939405074975	0.504154786519489	0.50509495814799	0.429671457824757	0.428940458024327	0.498385639535945	0.496176748701197	0.401316527285969	0.454914026351818	0.457046156107192	0.440449798947086	0.443114416712645	0.338357531102561	1	1	0.477795920896961	0.477980985300074	0.486622962356031	0.492135919497076	0.420025722656274	0.42305598274053	0.468071120046201	0.472411142961029	0.308637698412698	0	0	0.264493253968254	0.365328571428572	0.00746076320516388	0.157413019883843	0.475210881273818	0.507442526396039	0.507442526396039	0.202050890716225	0.366043650793651	0.213434189558029	0.213434189558029	0.213434189558029	0.213434189558029	0.224767714738846	0.224767714738846	0.0472074797157037	0.270954334528774	0.194822030288688	0.208048622697778	0.0692596011285475	0.0692596011285475
GSM4835802	0.838404681143892	1	1	0.496701965766095	1	0.441930468819781	0.483300773092214	0.450450851002753	0.467797424290387	0.463810136275472	0.46161130764943	0.454772140962405	0.449952049560418	0.480538197505842	0.472948476424308	0.462291505394776	0.438148546709805	0.478129881723799	0.4493419173573	0.482672585568737	0.480664357052412	0.505843389217139	0.456307659778739	0.455165350465563	0.482998652733554	0.471958353146687	0.670928717444663	0.758961351783323	0	1	0.369799584623472	0.388021274770827	0.376959111390055	0.353224529195744	0.371572355801556	0.358364619183783	0.359228791675367	0.371074244277532	0.35256355733267	0.333621696795974	0.349882077284085	0.346086991383374	0.353180532106177	0.509508766275703	0.518666345131109	0.419698575777171	0.423233405352722	0.470114079059888	0.486457416652486	0.426919887118936	0.424200267283531	0.444960163032109	0.441140751158692	0.41459954416155	0.424345086820293	0.42858027230507	0.421058756152672	0.423465594032462	0.838404681143892	1	1	0.431650085760541	0.433548132762718	0.435277224629145	0.444966115346351	0.431876467912093	0.38934456350573	0.432667861945248	0.450751600207906	0.460355158730159	1	1	0.458281349206349	0.475358333333333	0.0879844196933418	0.466792836037198	0.287226270271552	0.510473178832405	0.510473178832405	0.62854164793038	0.497776984126984	0.213434189558029	0.213434189558029	0.213434189558029	0.213434189558029	0.224767714738846	0.224767714738846	0.571170255148536	0.432929293769691	0.273968559702738	0.082790505713709	0.537611803962623	0.537611803962623
GSM4835803	0.0318225253121265	1	1	0.296397173429592	1	0.174803355612679	0.310477838956337	0.161524899828416	0.279551891688152	0.247826626912726	0.156450350013749	0.163973779236826	0.258534298584969	0.122563460983122	0.153292032594496	0.215710192126423	0.254579860747875	0.133019158183746	0.270799296090323	0.128947413489494	0.137383089708794	0.0947143614332964	0.239931577628701	0.232849869727716	0.137334102661946	0.171599580800961	0.00882017994718255	0.0140045654057034	1	2.22044604925031e-16	0.256916637149126	0.297475764950323	0.0551317656681245	0.253813122092066	0.27119503943936	0.261035514916271	0.294399400853903	0.292438201257021	0.245819410844494	0.198313897312974	0.248288035607655	0.240090046739843	0.258818657604834	0.367258990569756	0.334729346558291	0.237432127266533	0.221385306837644	0.345739340890975	0.333458097509873	0.22370841909017	0.23782011651674	0.322327417253564	0.324458249412058	0.245590486417869	0.290370567924529	0.258968564455929	0.29216477772459	0.266105528123993	0.0318225253121265	2.22044604925031e-16	2.22044604925031e-16	0.293031241319476	0.286772326324477	0.305450073245507	0.298290568067923	0.208317335765551	0.236890046444027	0.269000331575644	0.260961795614691	0.431778968253968	1	1	0.389276984126984	0.467338888888889	0.00399342502073763	0.0434021543688912	0.0881188017676798	0.20135620799685	0.20135620799685	0.060857670248198	0.447786507936508	0.444671928882599	0.806678652763367	0.806678652763367	0.5	0.444671928882599	0.444671928882599	0.553357634853233	0.0910770153290285	0.069435645633097	0.155609986828984	0.498527236024193	0.498527236024193
GSM4835804	0.378447372831191	1	1	0.511790658023403	1	0.451358709676701	0.51049901148008	0.451798277543053	0.489593736588709	0.469816141037753	0.449642711529403	0.451978368514058	0.462354611946504	0.437834650910734	0.437587096179144	0.45201487677428	0.473983606337144	0.437630985067772	0.468437850038615	0.431760828963481	0.430157747028368	0.403624375027724	0.460478485482369	0.460622010638069	0.41825905436008	0.428011545908294	0.27368277587136	0.286241524665807	1	1	0.486312036817462	0.4867142652312	0.547533670834602	0.48694773872277	0.468760506575322	0.462431073960632	0.48357517569682	0.470195098455379	0.456671703426171	0.467278867360937	0.47420643700229	0.463340446243325	0.471003532604687	0.56653128158267	0.574836287984535	0.436509079113799	0.438246265926874	0.535472818046648	0.545432838044171	0.456881534409607	0.455354036307683	0.511638699245343	0.507561207344743	0.4282705028939	0.474531278941194	0.481872456972609	0.46073211428694	0.46718168756538	0.378447372831191	1	1	0.496251099762158	0.49782228764985	0.500966747934641	0.506920982183452	0.458742778769551	0.454581760512663	0.491185231339941	0.494143138474064	0.515593253968254	1	1	0.522830555555555	0.582541666666666	0.132698925171645	0.291010334559559	0.558811953080421	0.588996250807395	0.588996250807395	0.32960886526637	0.569816666666667	0.791391491889954	0.806678652763367	0.806678652763367	0.784843325614929	0.791391491889954	0.791391491889954	0.489493269539988	0.302701285821458	0.276525037869555	0.410144899866216	0.414754179348777	0.414754179348777
GSM4835805	0.993461783400457	1	1	0.672339696479648	1	0.670437672374439	0.643393452852465	0.681681645611135	0.641753758468667	0.646264756625029	0.684401505864338	0.678636194186135	0.608669980154499	0.717788439942654	0.678109627733658	0.645708146548938	0.59261289970604	0.704011880961397	0.592618168021927	0.705497783063578	0.692916166518781	0.740981580538376	0.599934826653222	0.613632897344672	0.683124963656091	0.643497372868448	0.941727389505117	0.941569345704733	1	1	0.726508319804833	0.693196977998535	0.98540217236401	0.75608398482206	0.714236850340273	0.734379150234546	0.717232382324734	0.68952688681016	0.74986699645839	0.873214875198173	0.793721852398499	0.757447234997113	0.762334006732282	0.695752293037212	0.715222638353841	0.706485234322739	0.72202994037964	0.677981296977911	0.700222687257303	0.727518187392115	0.713818042773662	0.671346892711283	0.663991508631602	0.694257505733496	0.671514589513342	0.708347380016687	0.66770559408536	0.692223811818074	0.993461783400457	1	1	0.683498551450012	0.695962286407586	0.67529374314477	0.695542089211605	0.78141504116013	0.721379354470115	0.710713683612452	0.737671785097271	0.563502777777777	1	1	0.594978174603175	0.577575	0.208233783075406	0.726329667278807	0.960930172584866	0.414803949177713	0.414803949177713	0.695262855536795	0.583569047619048	0.444671928882599	0.806678652763367	0.806678652763367	0.784843325614929	0.444671928882599	0.444671928882599	0.99980482894054	0.871200297192594	0.860360607384148	0.988901075881202	0.99989085662053	0.99989085662053
GSM4835806	0.679145667561217	0	1	0.523032011195237	1	0.616294561454244	0.528664869594296	0.632928824061493	0.538745638826298	0.557488826059165	0.643545826868978	0.634477901165451	0.573866662648059	0.674611726602657	0.646561789303379	0.591598682422775	0.586081972804282	0.665995155635135	0.578583398062192	0.669873391764652	0.663273920050529	0.699195137961784	0.60303047942622	0.601544669547223	0.663315532552759	0.641338396699036	0.842793331746273	0.884590806651483	0	2.22044604925031e-16	0.4536757122875	0.476906566183008	0.216290802419691	0.464236069884456	0.482276213295641	0.477276729442583	0.470731286519547	0.485063273431457	0.476187631937532	0.415155948558356	0.454513042215791	0.470169540121433	0.465144008860942	0.425434758595568	0.405445273709026	0.463894098193161	0.466884691637407	0.43229740584942	0.427245627611327	0.464989521148005	0.46249718516934	0.43297711931907	0.434985126275999	0.461514865278905	0.455524072105447	0.449789085355692	0.45558185657891	0.45764037577606	0.679145667561217	2.22044604925031e-16	2.22044604925031e-16	0.438809663880982	0.431344078187807	0.433104837605394	0.428150275178006	0.434402991662292	0.438045323401407	0.435268873360986	0.427623890814227	0.446204761904762	0	0	0.486893253968254	0.33670119047619	0.319660262911482	0.7251208699627	0.245670637389502	0.100472981669784	0.100472981669784	0.82570330522929	0.347935714285714	0.731058597564697	0.731058597564697	0.731058597564697	0.731058597564697	0.224767714738846	0.224767714738846	0.7098219062487	0.676737403619429	0.636196995189711	0.288762887785193	0.403944011994096	0.403944011994096
GSM901103	0.97626628642345	1	1	0.480605686604295	1	0.438310977547076	0.450677912113069	0.444121025256246	0.447435894350924	0.452775695403987	0.450221752508967	0.447252931828488	0.451547320832433	0.451185975825987	0.501154722515249	0.461263853644424	0.469366082527333	0.453534491120747	0.453542938010062	0.454496238964179	0.456884487032819	0.451633652554957	0.458864003797714	0.456416505007791	0.460057945885555	0.462307540138958	0.396949455115522	0.820616014321172	1	1	0.539882816805146	0.523168098951944	0.856285753886967	0.593148406957457	0.573225437733804	0.625518805023934	0.633347036692255	0.594341053618871	0.634174546336047	0.756862912226581	0.685419228639673	0.632932005904583	0.657446784764103	0.536213455698153	0.581079641061665	0.618591911156302	0.616417860841047	0.516124203105664	0.544378823124173	0.599313970018197	0.599584902045165	0.510008819692494	0.501338425689968	0.631146605019946	0.562219670631671	0.569306785572606	0.580355374394253	0.581781592912586	0.97626628642345	1	1	0.536110895859703	0.54027719218278	0.520639711311415	0.537187831338142	0.677290007154881	0.635531363419487	0.557541389296959	0.586172119103406	0.573726984126984	1	1	0.59692380952381	0.614278571428572	0.998761766142605	0.475477956272413	0.762405780241597	0.964481274652536	0.964481274652536	0.698067916220221	0.645082936507936	0.791391491889954	0.538385808467865	0.538385808467865	0.784843325614929	0.791391491889954	0.791391491889954	0.0203412106253339	0.167246660088626	0.129146962438531	0.0912272746632831	0.0393073664168622	0.0393073664168622
GSM901105	0.999983741058249	1	1	0.742167560922098	1	0.831500929226613	0.731623988228334	0.864450176181584	0.752704609233792	0.788760479016161	0.88224219653172	0.867183172816108	0.737294927315623	0.924696733274483	0.904556478495475	0.823888109446245	0.772875362636963	0.913361243119739	0.72314577373342	0.917007061483019	0.906569085529057	0.946537978212222	0.775979264451124	0.784313999751483	0.900996449691981	0.857286590850385	0.998659358421359	0.999472428097649	1	1	0.701345233229318	0.663622547508313	0.999082909304711	0.788771432535462	0.752884949753111	0.822957971741155	0.816036588554008	0.768468857136072	0.838492688293402	0.956846919256077	0.895628058270763	0.840086286580036	0.861716494591028	0.74446212516605	0.838690729598669	0.843965888812197	0.863930136041764	0.726907232185598	0.784048982807324	0.867373005346068	0.849422974863571	0.744703308915809	0.724772242899384	0.831801480754414	0.772592189968544	0.833741965274468	0.769533840974938	0.813143256736261	0.999983741058249	1	1	0.785075271386436	0.805089037649034	0.767838900850322	0.806925604244249	0.932120413805168	0.863859571167057	0.831976155261062	0.872460548279189	0.688502380952382	1	1	0.751320634920635	0.626205555555556	0.999987664167741	0.964915894948994	0.98506121002037	0.999824243179935	0.999824243179935	0.979053822026852	0.638115873015873	0.444671928882599	0.806678652763367	0.806678652763367	0.784843325614929	0.444671928882599	0.444671928882599	0.997074394872524	0.914378338211977	0.914980026139656	0.931096018227848	0.996545406033227	0.996545406033227
GSM901106	0.0368688039021931	0	0	0.408761162768768	0	0.331020821106508	0.398480703744045	0.310820944490455	0.387100247046305	0.369019949595058	0.294846782968283	0.307997721182575	0.384032573201044	0.249559908587227	0.278105757708136	0.343321110316137	0.379337090975851	0.259391368201227	0.39116318942968	0.251182664345063	0.258709453608396	0.20057012762533	0.360169971275535	0.357020221597118	0.254028049984136	0.291000244955999	0.032574030671637	0.0477045862006895	0	1	0.447927120779585	0.454386446088463	0.0760923817527685	0.42628802528925	0.434388458604972	0.421064285843838	0.445490470694468	0.442032462835151	0.411752470902597	0.335489844189946	0.401549265727229	0.405876250463358	0.415512466128639	0.430925043215941	0.409525973141585	0.373463702227018	0.351815884129356	0.418876754054956	0.402769350293362	0.344831006529628	0.362809776341034	0.40499784331917	0.411787562485036	0.385044153618564	0.409361460519185	0.370094036596227	0.420501256102776	0.388676634029348	0.0368688039021931	1	1	0.393642561901718	0.384748839018285	0.396537573922247	0.382437492364453	0.323909548607812	0.38416014339136	0.371505601144651	0.357622140139165	0.414214285714286	0	0	0.428658333333333	0.438986904761905	0.33759812690515	0.123887561275494	0.211104576940593	0.132502846353613	0.132502846353613	0.1525261020089	0.440106349206349	0.791391491889954	0.806678652763367	0.806678652763367	0.784843325614929	0.791391491889954	0.791391491889954	0.0463511951775058	0.172695826083916	0.156602341598805	0.280016092199654	0.0851891403168106	0.0851891403168106
GSM901107	0.343516313069388	0	0	0.431642152658931	0	0.345457761309302	0.412175821804661	0.337573283028047	0.392882405169778	0.374718352780811	0.337458062245128	0.339726944949551	0.387974920982132	0.326585638386433	0.321542345039486	0.361827385634259	0.357003459518625	0.333464683327179	0.391141306985763	0.335875830309615	0.342118368383956	0.337169334446259	0.373770484468952	0.373332783688263	0.350770147716392	0.361289029914104	0.340185321262101	0.299396638909479	0	2.22044604925031e-16	0.410868214841326	0.419094416294315	0.567732924902887	0.39757721130516	0.403932522954668	0.390754321203326	0.389302492262346	0.402514950825337	0.386298585394611	0.360055726386683	0.37572695841402	0.390101533325795	0.382443824749284	0.402306426459352	0.393359428952424	0.32819117586423	0.329443150952687	0.389618023157313	0.380673641039373	0.333860570263287	0.334282919588434	0.380728769605488	0.383661551471747	0.32817283580827	0.352787310087804	0.343518197306163	0.346703188104689	0.341793807429985	0.343516313069388	2.22044604925031e-16	2.22044604925031e-16	0.358966096588307	0.354766518446879	0.369317689706937	0.362904583097481	0.290192227909306	0.3030153394976	0.346842328526378	0.337197895658315	0.422282936507937	0	0	0.323353571428571	0.417215873015873	0.774205738695622	0.253581111564008	0.451358717010904	0.696211930247918	0.696211930247918	0.239138219778937	0.411337301587302	0.213434189558029	0.213434189558029	0.213434189558029	0.213434189558029	0.224767714738846	0.224767714738846	0.0457289462504543	0.0966850912470215	0.111287490710871	0.120023049852397	0.0491496245982254	0.0491496245982254
GSM901109	0.870056057211338	0	0	0.51265894187208	0	0.492660160182041	0.495342200232763	0.485417600277479	0.495818784807228	0.491360157048071	0.47711938517368	0.481544430363762	0.48539352156686	0.472707602517976	0.458264931713657	0.475904127221883	0.462204801041508	0.470574870354319	0.478512830969859	0.46838537613932	0.465997887312521	0.468694037485845	0.461028937029056	0.469805156899432	0.461167729811168	0.455906731161269	0.548289519373432	0.538024224056356	1	1	0.634123943975347	0.603222754505648	0.963762619602187	0.657108295088545	0.620741695275998	0.642188362916766	0.63609094729194	0.612514847466423	0.652345300800688	0.760762188071821	0.68777397885964	0.664906956629834	0.66419100556811	0.596227316060933	0.627393971367105	0.602531004439322	0.612635114308132	0.59669354310683	0.608500237639932	0.620517817421195	0.611904706406367	0.598551603867724	0.593830733295937	0.596255551095134	0.59357833668646	0.615815695281039	0.58709818836112	0.602545838381032	0.870056057211338	1	1	0.60656717112887	0.613425944338595	0.603761577199129	0.612776516411709	0.642602501372008	0.620414932761056	0.619551063760691	0.629979644744777	0.609139285714286	1	1	0.621194841269842	0.651972222222223	0.898125842179042	0.392179116141899	0.924624705311168	0.923001942244091	0.923001942244091	0.321192559820509	0.690981349206349	0.791391491889954	0.538385808467865	0.538385808467865	0.784843325614929	0.791391491889954	0.791391491889954	0.0988935455882012	0.447275732012999	0.484519927261883	0.547828937647568	0.195287342370921	0.195287342370921
GSM901110	0.0795588831426326	0	0	0.348375916162581	0	0.250841677862421	0.325827991282372	0.236444314813798	0.307280073328118	0.290845539182078	0.230634778098524	0.237768919190202	0.317821185393237	0.203109132852949	0.212861651107481	0.273505349273005	0.286979715365998	0.212511384270764	0.324473666283085	0.210809656924604	0.218523517220379	0.18956134341484	0.290891877627182	0.290407801992937	0.221980201688151	0.246065045176354	0.0923539754015517	0.070765865347007	0	1	0.326150897009363	0.337181802549501	0.204575627043995	0.291798227476874	0.320644589207164	0.306817477089938	0.322004199521055	0.334615621225506	0.295202183656075	0.224411834850837	0.281845822957666	0.286800910708426	0.295690883581387	0.315566741813321	0.298261106463728	0.20874112146571	0.198356093493348	0.285534222874867	0.271835774682601	0.196633193449549	0.206672794954331	0.265365390502162	0.274277753486352	0.212821567682293	0.249154085767391	0.21442988905562	0.252142290966957	0.226755447713986	0.0795588831426326	1	1	0.239179196940737	0.228588312773748	0.250430657302805	0.233627649580762	0.159382993723351	0.195386988363466	0.215181824434938	0.196066862426291	0.313282936507936	0	0	0.221739285714286	0.279119047619048	0.0675047518664575	0.0876852243082848	0.186688857529607	0.345318692723815	0.345318692723815	0.083273381612951	0.275769444444444	0.213434189558029	0.213434189558029	0.213434189558029	0.213434189558029	0.224767714738846	0.224767714738846	0.0284720085044161	0.0649987090307551	0.0750915842556598	0.145227972386497	0.0286129492200644	0.0286129492200644
GSM901111	0.992560042440762	1	1	0.517617644218572	0	0.624062001646259	0.593332583768267	0.642190329019986	0.606377399232977	0.621823823210602	0.652808450153891	0.644297376198156	0.601391750793475	0.682059750936656	0.647575113062715	0.637019586672983	0.603096999322341	0.671921925742578	0.595192961194611	0.672996159682135	0.66355375665034	0.697768669971789	0.603125972098368	0.610013508216811	0.654171967297261	0.626258460561064	0.894078936668819	0.860783859296997	1	2.22044604925031e-16	0.613723495173508	0.642969968029416	0.96795002414852	0.742669489116952	0.721329215097351	0.789354319240366	0.787471436551026	0.748222169516585	0.801465867877319	0.919039234706317	0.853274177039342	0.80125134760693	0.822709557587057	0.576712533193606	0.574946398361222	0.703445089653114	0.713032930832472	0.598976049745396	0.605458884040332	0.713608920666444	0.704283274269515	0.635212577603951	0.625354555570693	0.698893060004992	0.665667439604843	0.696034691047351	0.669109231364692	0.685491110359014	0.992560042440762	2.22044604925031e-16	2.22044604925031e-16	0.671899653149919	0.684838638941145	0.662493826383017	0.677522324073172	0.78284387227125	0.723802376091084	0.699253493421412	0.721849380971988	0.465021031746032	1	1	0.527165476190476	0.490701190476191	0.0220968473027141	0.625991156476352	0.861846079710341	0.800440284672063	0.800440284672063	0.492094698419301	0.504317460317461	0.444671928882599	0.538385808467865	0.538385808467865	0.5	0.444671928882599	0.444671928882599	0.999997977382868	0.821223806014448	0.848205195978957	0.98428535430148	0.999997346840631	0.999997346840631
GSM901112	0.912566018095143	1	1	0.544168481786969	1	0.617299857441622	0.550403739033005	0.629938370924334	0.579425635950797	0.613065099034829	0.644087710880309	0.633356875682677	0.604899855652553	0.679999740762059	0.636268898056112	0.643918110696002	0.571269559044585	0.676650701151462	0.596360362004415	0.687550940248382	0.687158819853269	0.741247370232986	0.617915117614681	0.616029193380792	0.704013387726604	0.680066792193256	0.930620329572383	0.925544575395901	1	1	0.608934630206845	0.620936437056677	0.476382803420212	0.647674701295005	0.66009897587799	0.679108273196014	0.639781014396945	0.650521914375497	0.693717160692731	0.731924875696463	0.688221311694474	0.682448780882775	0.678393704031053	0.431387095910448	0.423110860381673	0.568843005527723	0.563928664827213	0.439300052853791	0.425059435609284	0.526471326374546	0.530613445452694	0.447055236640069	0.451123013895028	0.586619053536557	0.495922388253459	0.480507840853449	0.526578557706257	0.50879766022964	0.912566018095143	1	1	0.455455911425862	0.455278692306445	0.451799323213961	0.447903735577503	0.517433431956744	0.502467040334626	0.467716138193622	0.473901504557472	0.607392857142857	1	1	0.665090079365079	0.508016666666666	0.627527244186648	0.820629141248998	0.398436423171251	0.668595159901058	0.668595159901058	0.783778682808049	0.516949206349207	0.731058597564697	0.731058597564697	0.731058597564697	0.731058597564697	0.224767714738846	0.224767714738846	0.999943294023786	0.967408534916977	0.973522138782471	0.989774712762892	0.999860000889366	0.999860000889366
GSM901114	0.726430711517847	0	1	0.456682082999007	1	0.352620816720084	0.435236751450548	0.336144998121273	0.401748817867659	0.367168396951714	0.32682633005388	0.334148081152932	0.387784858108146	0.312502726517672	0.323065468545107	0.338733378580368	0.327690564563647	0.317074302085557	0.388137814886755	0.31853331533259	0.322352608770124	0.32857110296731	0.347533741684123	0.35726177259117	0.328407681868484	0.331766098462152	0.484356553469193	0.587921489881457	1	1	0.542078081528296	0.516623115438409	0.844274833005326	0.495355154131217	0.474680905110653	0.433676898436014	0.42750368949305	0.444050086746162	0.430890560676783	0.395238612256544	0.415033886153438	0.447155197680163	0.422526654112314	0.382496260966115	0.354819309202186	0.233882754499413	0.23915989882068	0.357439545484397	0.338313299135305	0.250597409277407	0.24868385421351	0.328327260698307	0.33649598984648	0.226869876820466	0.281020913121186	0.264606871433004	0.26695007080503	0.261157351185724	0.726430711517847	1	1	0.288912566832538	0.278614208783636	0.301663897625803	0.289227876937809	0.212448662434808	0.220738912130408	0.265784064933268	0.253812683099468	0.495036111111111	0	0	0.553503571428571	0.393818650793651	0.303441089856528	0.153898166510337	0.777996516478977	0.190333437959984	0.190333437959984	0.23655744230866	0.403105952380953	0.731058597564697	0.731058597564697	0.731058597564697	0.731058597564697	0.224767714738846	0.224767714738846	0.665653836231815	0.324338074850557	0.293579167871685	0.479431125414293	0.461196265389153	0.461196265389153
GSM901116	0.722463591982715	0	0	0.484296886567679	0	0.312224949226735	0.443570777206588	0.308785046101042	0.406121503170658	0.371427441349716	0.313685737331696	0.312327187086453	0.349851558441442	0.314649010137935	0.30610255753849	0.338987693454689	0.324343933522869	0.319300105506798	0.347485014138777	0.324119768803159	0.328588877924174	0.339341096895059	0.337506328301662	0.337184349982847	0.338369884356038	0.340203988352541	0.449187449077908	0.393099155900731	1	1	0.434118818280928	0.420688984033564	0.881045922933233	0.404248932212125	0.376445488971869	0.350935880128143	0.354884183158818	0.356877369467304	0.346542294539225	0.387498752881808	0.357424448578221	0.36481528647299	0.353750712000382	0.583258813543163	0.610720661166542	0.46489011520705	0.483456147794621	0.544674042079673	0.562615165647293	0.501102137528674	0.486175522302624	0.527906679109372	0.521589537549181	0.456306303607712	0.468167108562438	0.506314591971898	0.448732236604628	0.475512448164578	0.722463591982715	1	1	0.509721159507493	0.522097329101723	0.518094591023486	0.534583937766465	0.489680171924076	0.447507981348459	0.523143160307794	0.544028113459582	0.329203968253968	1	1	0.279220238095238	0.416537301587302	0.780323200330393	0.292863807220155	0.788118188098403	0.898182125664079	0.898182125664079	0.247021888430825	0.385601984126984	0.213434189558029	0.213434189558029	0.213434189558029	0.213434189558029	0.224767714738846	0.224767714738846	0.256987519710803	0.0654017102361507	0.079493270032098	0.391554946158752	0.443767001674061	0.443767001674061
GSM901118	0.986733820630297	1	1	0.605505483949546	1	0.570292362357508	0.573453818818942	0.575967964596628	0.570059233199502	0.568655483307326	0.573331708150376	0.573355954100205	0.539080134143993	0.577602799535493	0.589213983229284	0.557948041530996	0.551880151009174	0.570816286172957	0.532209098261562	0.565790247761055	0.55838105375787	0.557123925931321	0.529756371673226	0.539599531757045	0.543149924118167	0.529425716705451	0.584283337802058	0.797143640422188	1	1	0.738643363890145	0.686968992748219	0.994744934052296	0.780985198204989	0.726378300111485	0.76719208667262	0.766616868863614	0.719081466240863	0.781503676374743	0.912236343740534	0.838754880190884	0.791890133115218	0.805122245611398	0.676661279425672	0.734176937761954	0.675520347176829	0.68578010642189	0.657224369275239	0.691161545511702	0.693476843049114	0.683770798984223	0.645719656966396	0.634193667637171	0.669731341196975	0.650106582566164	0.683433922928046	0.647075373698927	0.668869603983593	0.986733820630297	1	1	0.660028990212878	0.6715610236253	0.650063977978126	0.674304180638109	0.77246151852207	0.722394260078711	0.685528654712457	0.71382132783114	0.583834523809524	1	1	0.566779761904763	0.633806349206349	0.994366580893721	0.514636053192883	0.982284759960242	0.983227715391164	0.983227715391164	0.572172468420901	0.652426587301587	0.791391491889954	0.806678652763367	0.806678652763367	0.784843325614929	0.791391491889954	0.791391491889954	0.229430981790003	0.428359230723345	0.340907545149803	0.432016081382403	0.316085083446847	0.316085083446847
GSM901119	0.611644655623767	0	0	0.567876480724142	0	0.506414872516925	0.552716808773996	0.500641403798743	0.543309811403865	0.529703914367464	0.49077485733372	0.496493560551596	0.497568217086493	0.476270766346191	0.466992200440415	0.500449512316865	0.497795798894288	0.475063277652053	0.491451713650065	0.468389793470242	0.466122398227641	0.44169979785171	0.480790984053002	0.486205419982787	0.454481212910022	0.459190635226808	0.315773262664604	0.312391238976233	1	1	0.646267279777555	0.616713930376701	0.950051770312824	0.675217037451158	0.623635670733121	0.639075636847162	0.64096056158895	0.610386600140951	0.648114709158847	0.759769734570345	0.687921402611457	0.666044302664784	0.664258420292343	0.644220729925448	0.677174846463404	0.61412373010159	0.623969333771443	0.650753423621986	0.668941223854831	0.640672991730448	0.63186982631532	0.65378297382953	0.644538015317575	0.606378647821972	0.618437925299207	0.65274924529558	0.605153229346555	0.627218676186625	0.611644655623767	1	1	0.651705720690929	0.664626733976462	0.653714120809254	0.673535071133135	0.67012116910052	0.648145376137554	0.667691711590779	0.687362987272913	0.545762301587302	1	1	0.574065873015873	0.611627777777778	0.811965988729513	0.399579998101196	0.928357840408299	0.869961598204594	0.869961598204594	0.31942027474586	0.602506746031746	0.791391491889954	0.806678652763367	0.806678652763367	0.784843325614929	0.791391491889954	0.791391491889954	0.204032736986881	0.390925328628248	0.40538343820918	0.563282909640117	0.344087127192904	0.344087127192904
GSM901120	0.0604562798773348	1	1	0.483477591379248	1	0.317103170128781	0.418352884602631	0.307844865308159	0.393442849638705	0.37491447315059	0.31004100805642	0.310950800425717	0.361585829030748	0.2947454855177	0.311036492469066	0.356623098795301	0.364778093874757	0.307361336905503	0.36506530999352	0.311934712534448	0.325759875548534	0.300802804687854	0.379906484497726	0.361009553472713	0.34840567443416	0.379479442725275	0.105686905795426	0.190866925938001	1	2.22044604925031e-16	0.389866361103616	0.367864130047203	0.114183538444663	0.307735638659895	0.312704501518013	0.273642121968888	0.273246645919505	0.299113707149721	0.26562857963296	0.182463317853808	0.22452533689966	0.273758112769536	0.249524809386488	0.668386550417547	0.707332398646817	0.661764103908058	0.661149405421087	0.634228551224633	0.667006693411471	0.648263043479157	0.647088137728646	0.617236969764371	0.608007866318685	0.678849900476781	0.611534219996027	0.635251250001009	0.61768067006163	0.630245430843577	0.0604562798773348	2.22044604925031e-16	2.22044604925031e-16	0.622325342274947	0.633924768347001	0.62000506655461	0.637339197803208	0.610743047064851	0.612458106683211	0.641180547725141	0.664429977232686	0.519184523809524	1	1	0.447915476190476	0.554411111111111	0.991228013859212	0.530721184481917	0.275908698657231	0.937751804315449	0.937751804315449	0.595790874062351	0.557660317460317	0.213434189558029	0.213434189558029	0.213434189558029	0.213434189558029	0.224767714738846	0.224767714738846	0.973526972790975	0.916625664372944	0.924710215351141	0.984760384403641	0.98292269144846	0.98292269144846
GSM901122	0.00638887004999174	0	0	0.332192710321823	0	0.192738019166031	0.309365443649191	0.16907615682429	0.273481553869449	0.234915631316713	0.15518689014587	0.167073215554279	0.262451752761215	0.120394093728683	0.135342074128923	0.198306494674672	0.22568746953825	0.128960437624138	0.269870965519204	0.125018328340384	0.131960217967262	0.0977357026573682	0.223212943619635	0.222895739922883	0.132483552469411	0.161492101598287	0.0182631291701843	0.0140267440092477	0	1	0.268414610956605	0.300259945930237	0.0235700800821733	0.215019314232601	0.237995417013676	0.192897617540232	0.212154147765011	0.237149684516332	0.17727817078991	0.0818997699088621	0.145750939293007	0.177426180825437	0.170302880350618	0.365147627886606	0.335327386704197	0.183088454421875	0.173098828708371	0.345759165513503	0.316055822689364	0.180416135430858	0.190669156875052	0.316211407460617	0.325172383318253	0.183028807422823	0.252573394796793	0.216047937205976	0.244495129230857	0.220436135498151	0.00638887004999174	1	1	0.259657656472314	0.246952472065993	0.281325037616086	0.26492749010263	0.128078856581485	0.173532373683177	0.223602537099836	0.200961690081081	0.332942857142857	0	0	0.161195634920635	0.361290079365079	0.175578953428084	0.032925737651896	0.0782779455797488	0.297992126702559	0.297992126702559	0.0400845895654621	0.358449603174603	0.213434189558029	0.213434189558029	0.213434189558029	0.213434189558029	0.224767714738846	0.224767714738846	0.290473097499893	0.0392664938644435	0.0352995727276421	0.0707671255533339	0.462352581005245	0.462352581005245
GSM901124	0.979471236858047	1	1	0.632453125498362	1	0.695964237695379	0.636962657887578	0.724538064477855	0.640758853091034	0.64955436136595	0.740710590800364	0.72590551060221	0.614087010913348	0.793131182957242	0.749761415692069	0.670372227551913	0.642438273838233	0.776485330976949	0.607473072885386	0.780792303929947	0.766426827458398	0.823829999076134	0.648173875988739	0.651225227887733	0.758861787247908	0.714464792713486	0.974632134163109	0.97519907492951	0	1	0.497117926805439	0.500474430306632	0.622481503348825	0.502471062079131	0.487420813238013	0.482420578540983	0.491256255442432	0.481747479443908	0.48094099480894	0.508496608886298	0.497082808453056	0.486362222767178	0.490494826457016	0.701451395067493	0.749333918961374	0.713975740153964	0.73429089819746	0.702282442888516	0.730046169739681	0.745168946376202	0.726940573866774	0.69570665150122	0.682777755988276	0.697363775184932	0.673831349625221	0.723948620369217	0.661700201280476	0.700537032282552	0.979471236858047	1	1	0.694562208478385	0.707879150351557	0.689801785983082	0.719770300440338	0.780812289834406	0.719337021454742	0.724363364535407	0.754200433746807	0.580353174603174	1	1	0.686085714285715	0.631754365079366	0.895993830707529	0.851238316768688	0.620252898783706	0.925485460001507	0.925485460001507	0.894975590206666	0.639865476190476	0.791391491889954	0.806678652763367	0.806678652763367	0.784843325614929	0.791391491889954	0.791391491889954	0.678644941005952	0.91916292592045	0.927099168983203	0.379053010466571	0.813494922732192	0.813494922732192
GSM901125	0.528488823366659	0	0	0.426904443344616	0	0.317885697745221	0.380992582831538	0.306379815960347	0.370748904280469	0.368097231438107	0.305661798537836	0.309202207386755	0.381888588326578	0.287582073856473	0.30231538411664	0.362360530641285	0.338982447414042	0.298280413388326	0.381630957156459	0.301050715700464	0.310918449874916	0.297110328967432	0.360610382954843	0.358280149021598	0.323625334668546	0.341835764838311	0.249734381750186	0.325804604066878	0	2.22044604925031e-16	0.397688937991007	0.4078708272923	0.401296346107243	0.392466608357277	0.429482846865548	0.444484307355018	0.4342138124466	0.445935517338846	0.444386105347944	0.436051177676234	0.439711086108064	0.427946438255669	0.440048431079074	0.346044529802519	0.330782901337688	0.339003915346672	0.324536925264681	0.32302154044893	0.316009582280977	0.304932404073074	0.317675339003321	0.319291339125235	0.324989357696618	0.353800031177802	0.338763450836529	0.303876540889232	0.357764496705269	0.326587717589606	0.528488823366659	2.22044604925031e-16	2.22044604925031e-16	0.314477988155962	0.308119015093366	0.319293563265953	0.308267367608889	0.28918373985757	0.29887453001293	0.302198921217017	0.29930925110961	0.375412301587302	0	0	0.354425	0.369525	0.951534468051402	0.2359833537853	0.2570089252207	0.563136454252959	0.563136454252959	0.272264398610581	0.385053968253968	0.444671928882599	0.806678652763367	0.806678652763367	0.5	0.444671928882599	0.444671928882599	0.684797305569134	0.244955274008852	0.228888209789168	0.569802908899914	0.727646206673125	0.727646206673125
GSM901127	0.991784070482801	0	1	0.554913048293007	1	0.676020518345986	0.575423741565011	0.700239586589941	0.597703406762138	0.618383887574551	0.714589028075763	0.701358074193976	0.602694272474959	0.763054608575177	0.717419555140429	0.646300186784958	0.621363830688579	0.747792287250539	0.596413906665155	0.751986681491867	0.738759975031238	0.794332413844523	0.628730586536754	0.633843323058976	0.731699951518318	0.689182066813007	0.965246928765436	0.960214465175205	1	1	0.551554417236836	0.55739817797207	0.878871567861084	0.600760103930788	0.580382062845505	0.608919180297216	0.604940399928868	0.580504342755991	0.617571047561527	0.73916601184258	0.661636153211521	0.619783143210791	0.634280670988686	0.647795967187104	0.677317283370388	0.771903002614469	0.787235771518005	0.674204657375656	0.690407347295868	0.791193021366	0.776831529376137	0.69431588015075	0.685460393645875	0.761523417911128	0.722717137612044	0.763487216615359	0.719243117463254	0.75059460370287	0.991784070482801	1	1	0.726521549861573	0.737092217938196	0.710739876854055	0.729412088206103	0.8291943134724	0.777256945147934	0.756937833093342	0.77652642515987	0.53969246031746	1	1	0.656539285714286	0.615325396825397	0.827778710877499	0.830448951655058	0.784435348184919	0.763664610860318	0.763664610860318	0.82374613909897	0.613619444444445	0.444671928882599	0.806678652763367	0.806678652763367	0.784843325614929	0.444671928882599	0.444671928882599	0.234269075664143	0.76089907369972	0.783803744256651	0.642066989439122	0.418543267368014	0.418543267368014
GSM901128	0.90821008017224	1	1	0.615082139301916	1	0.787012425334013	0.62871210170205	0.812465396993233	0.664277288345966	0.713871946882854	0.825966239688352	0.814254594632886	0.714679018164549	0.858781736698829	0.828841503197998	0.76904381771741	0.772567978214066	0.848611876266831	0.718988738993557	0.849760163052384	0.84127276398241	0.865076510869633	0.771971548627639	0.764491584410837	0.835097745023288	0.81367923791548	0.925701544858809	0.936831341498127	1	2.22044604925031e-16	0.540540659993044	0.553816060975036	0.314348092438072	0.601127458383381	0.620174431916438	0.679320636133441	0.678731629649617	0.658405458795551	0.686843897039553	0.742126527337816	0.70730928746623	0.671785407954542	0.694318182585288	0.689846176587289	0.731377780532133	0.868519279704583	0.869721173372728	0.703925392349642	0.730843201633566	0.862040521654356	0.85852516698831	0.743014093962602	0.73422197840137	0.870877154546783	0.815553295709346	0.836113079844881	0.826391460673887	0.840125471179447	0.90821008017224	2.22044604925031e-16	2.22044604925031e-16	0.798357164437459	0.804971397736076	0.77707838253898	0.790052338139192	0.888068304799368	0.866884255048212	0.824034682487265	0.835254233860727	0.604252380952381	1	1	0.653711507936508	0.631366666666667	0.99440492970097	0.945305729375195	0.316706785151295	0.915995880286709	0.915995880286709	0.951718471658463	0.627932539682541	0.444671928882599	0.806678652763367	0.806678652763367	0.5	0.444671928882599	0.444671928882599	0.970180416280772	0.951092735897893	0.954291339869522	0.886161115622008	0.98708003751518	0.98708003751518
GSM901129	0.0913399621151703	0	0	0.53781162996831	0	0.457373094062163	0.508440330037462	0.448569542776303	0.494592294184948	0.478792277655595	0.437289285666097	0.444699394397045	0.462527258322509	0.414729488597271	0.415977430716065	0.45833929714404	0.466362920631507	0.416640291669579	0.460832849221231	0.409907193730113	0.410925896141331	0.374972039889233	0.451147172277512	0.450744736962598	0.403335532785204	0.419884886205164	0.17331896568918	0.199968614404494	0	2.22044604925031e-16	0.505425309921762	0.481591486737374	0.260486740484484	0.465612705184427	0.460161234988254	0.441042235300032	0.455623580431953	0.45411564798506	0.435774554042989	0.372393640627188	0.423885570860281	0.436920416302358	0.435345960273186	0.516308657148819	0.516195591185195	0.448799402338613	0.44036281969711	0.503607514384274	0.512297715937583	0.441036227773636	0.447824316833961	0.487206997147909	0.487127244690137	0.451242925063271	0.467048153684005	0.459445974183868	0.468391903303264	0.459304940467351	0.0913399621151703	2.22044604925031e-16	2.22044604925031e-16	0.473169200888278	0.474447706993814	0.477459232469773	0.48034962680109	0.4267077806948	0.462708328464848	0.467961109472402	0.473184352233532	0.418726984126984	0	0	0.413432936507937	0.400264682539682	0.497510459266505	0.326900533671823	0.447753861892421	0.126980510367569	0.126980510367569	0.359093385573197	0.460428968253968	0.213434189558029	0.213434189558029	0.213434189558029	0.213434189558029	0.224767714738846	0.224767714738846	0.0864157168935969	0.28712757629252	0.282818159190949	0.318254877068721	0.111173206552112	0.111173206552112
GSM901131	0.0107169859008602	0	0	0.262360325767378	0	0.142164966150068	0.259581515485927	0.121796692132724	0.235373283387015	0.205812856650796	0.112538463781761	0.122126773036908	0.231795041216833	0.0801314188179686	0.102832097412837	0.173331603208264	0.197376408148647	0.0901757520066865	0.240542680361738	0.0877463424917798	0.0967176743264536	0.0633188228895496	0.196554571699864	0.19205541281728	0.10128604709626	0.134160339606178	0.00492147925079661	0.0067275900912493	0	2.22044604925031e-16	0.315040739560126	0.351062905279249	0.0469921455016834	0.295913477511664	0.317123822429752	0.292751345870108	0.307223868323343	0.321587660319746	0.281095761253915	0.206464098648492	0.261825958332148	0.275708050185873	0.279008706151602	0.264171355613969	0.21586875105461	0.196990639354003	0.178165946821728	0.263341463736216	0.228550969990937	0.170978802202526	0.187512759029598	0.255869790940395	0.266982164911301	0.211194973595212	0.24288926796423	0.195742866094975	0.252980975580867	0.214699776690572	0.0107169859008602	2.22044604925031e-16	2.22044604925031e-16	0.228694426579906	0.2169596742198	0.240580044348524	0.220125914813182	0.134062076267879	0.179892336798108	0.199138422309533	0.17967017949345	0.335019841269841	0	0	0.31330753968254	0.37266746031746	0.0760326402556029	0.0281807239039403	0.0983440005163449	0.0677350793213301	0.0677350793213301	0.0298887102472196	0.375693650793651	0.791391491889954	0.806678652763367	0.806678652763367	0.5	0.791391491889954	0.791391491889954	0.0239119324248039	0.0758391315954719	0.0690844222860188	0.0867799731315281	0.0459520654522544	0.0459520654522544
GSM901133	0.957824622800122	0	1	0.556913394844897	1	0.706778172771244	0.583215391236621	0.731005470715528	0.607402572306749	0.641717330775398	0.74497765404818	0.731310998306704	0.623872509675257	0.796963604509787	0.743443765026379	0.676269478312436	0.633905987172278	0.780847512189007	0.614862068468553	0.786077072885665	0.772488164897057	0.832667742062704	0.653237302926891	0.656740387635007	0.76762870680772	0.723403940871395	0.980135551592921	0.973901598349	0	2.22044604925031e-16	0.388031839101494	0.415286305948183	0.447451988609624	0.399561415841099	0.429782493814009	0.43984623848548	0.434836459294959	0.446972742526738	0.437730210820643	0.408926866503457	0.4268386501867	0.430995202283202	0.432011295606975	0.609250652079502	0.652139300642831	0.68677633337859	0.705139483458003	0.632897386105369	0.661531545966975	0.712859102102414	0.696359641136438	0.650590359042404	0.639316333777296	0.670174709402746	0.64959261233692	0.690579350481602	0.640011117262678	0.672029343293127	0.957824622800122	2.22044604925031e-16	2.22044604925031e-16	0.664995154916384	0.675416342405799	0.660393150457168	0.683434620979744	0.727623930610749	0.670020474470253	0.689553484122985	0.715026415125875	0.450431349206349	0	0	0.491671825396825	0.460526984126984	0.191000286771847	0.867762125612235	0.343388507637787	0.816208800104311	0.816208800104311	0.901876876174442	0.454792857142857	0.213434189558029	0.213434189558029	0.213434189558029	0.213434189558029	0.224767714738846	0.224767714738846	0.253526582187537	0.893424469504803	0.890635102659346	0.176815428068975	0.403197417988277	0.403197417988277
GSM901134	0.00823083420513424	0	1	0.470223224686763	1	0.519463809767928	0.513918539252472	0.50882521174047	0.535308098001219	0.542764126336835	0.495569171629906	0.505925563913178	0.544342287863155	0.450357489508126	0.444325031273699	0.538446970636481	0.563829408603743	0.459572373266451	0.551823611799816	0.448176098231713	0.455301982686478	0.375156408165599	0.547631236955854	0.538809937915827	0.446564248241091	0.487265149763075	0.0546412584799591	0.0377021077653138	1	2.22044604925031e-16	0.605384041671348	0.599983924554984	0.0956499243423343	0.615249306891286	0.616202230939783	0.626182010795609	0.629014342278466	0.620969017292067	0.629436003917784	0.597482779212846	0.623179837210939	0.619528692727246	0.626684089280401	0.375896782502464	0.337597813941694	0.482470782421513	0.45327575979507	0.41491913382949	0.382713214442722	0.43626459503042	0.459578364593413	0.451041011449162	0.461979794181187	0.503069628903164	0.498184910710432	0.458167973768448	0.519382466308896	0.483353879921217	0.00823083420513424	2.22044604925031e-16	2.22044604925031e-16	0.475269574739013	0.46965736684248	0.469482306047491	0.447722387686712	0.401493972728871	0.483995736985576	0.459716848255442	0.438070865075536	0.568312698412698	0	0	0.656425	0.51850753968254	0.68486410616513	0.383876544336278	0.247047201172846	0.0370814852109216	0.0370814852109216	0.265669776333389	0.498950793650794	0.444671928882599	0.806678652763367	0.806678652763367	0.784843325614929	0.444671928882599	0.444671928882599	0.925517473270971	0.828320091474319	0.846545459682912	0.768997692499604	0.897474011498603	0.897474011498603
GSM901136	0.985736809308981	1	1	0.734222852557093	1	0.849906871469612	0.744807505110763	0.872160662600085	0.768867240046782	0.800663250978988	0.883246298828092	0.872260547036432	0.759477495980605	0.918117975893822	0.889361117805743	0.830539230823454	0.790918951618269	0.908198621496518	0.749378845525704	0.911287155545586	0.902997516196654	0.936284332237968	0.803977700496932	0.803407090209367	0.900659392041212	0.870521145257042	0.993314981711101	0.995562744853131	1	2.22044604925031e-16	0.624703069075978	0.613625372096609	0.769020700231376	0.655264535913318	0.641301668437572	0.659464227598711	0.637273772151752	0.634586315312939	0.671340525977948	0.716709158029234	0.672551110177429	0.6765149926693	0.663611665382396	0.753760820675155	0.80068527119701	0.847375065165989	0.861858438167246	0.771871924619942	0.808367774339976	0.863999971485601	0.850396010977679	0.78533578477259	0.770027776019967	0.839983909639531	0.792529018986867	0.840680548894057	0.787344905037969	0.822898170167174	0.985736809308981	2.22044604925031e-16	2.22044604925031e-16	0.809217422552806	0.824224733637366	0.799323215648196	0.827545843972777	0.889734747735865	0.840649309459978	0.841323275595624	0.870709595111718	0.557310317460317	1	1	0.65419880952381	0.546882142857143	0.90748220323863	0.978810875132396	0.731549191942527	0.88508847848214	0.88508847848214	0.987278337802623	0.538678571428571	0.213434189558029	0.213434189558029	0.213434189558029	0.213434189558029	0.224767714738846	0.224767714738846	0.836966293356187	0.98773058765293	0.985592941246206	0.762639974049251	0.860476574359247	0.860476574359247
GSM901137	0.620882532221047	1	1	0.633856921958239	1	0.735492969256528	0.641746540911554	0.757060227099122	0.652981395225219	0.66543842495427	0.766601285875487	0.756360686071963	0.6528499479183	0.804556815276488	0.761481236910551	0.693670022387479	0.687094787649984	0.790874457399619	0.653391215870198	0.79259510916112	0.780966920150919	0.819201702027255	0.693979213364908	0.692831172898377	0.773466529419738	0.74297427654434	0.934236205535531	0.93142658913236	0	1	0.518780583724844	0.517063487083908	0.179302043032488	0.488299859314907	0.487486481037562	0.455713630693974	0.456992945467109	0.471605793757143	0.451447029414086	0.361914665340821	0.421587881705194	0.453767603092558	0.439364825019267	0.614224577816056	0.630453310998332	0.632867503910909	0.645464876126118	0.621050269637681	0.633140762962652	0.655628123889514	0.64378907690661	0.616310046824205	0.611321032885664	0.619814206578133	0.614648397549809	0.642334229145075	0.60343847530298	0.629517385412464	0.620882532221047	1	1	0.623190229072609	0.626460103899012	0.614692658491998	0.626045281745482	0.639758467414053	0.624100490675705	0.635923439100665	0.644720125847702	0.529218650793651	1	1	0.549531746031746	0.408438095238095	0.874187433023534	0.870459421479724	0.342843603430798	0.298465711904169	0.298465711904169	0.916312072843477	0.431070634920635	0.731058597564697	0.731058597564697	0.731058597564697	0.731058597564697	0.224767714738846	0.224767714738846	0.936522953124664	0.928321560801466	0.919792918485588	0.548899141201376	0.922757953171832	0.922757953171832
GSM901138	0.847672171880529	1	1	0.742634708884693	1	0.783515948016199	0.737788222179592	0.804108936844739	0.735804863311803	0.736864480055678	0.811753892599754	0.803189799759963	0.710730242694129	0.844909163050887	0.790821791051743	0.751802992253657	0.730635706639748	0.83151474266105	0.70801170728961	0.83162914854573	0.819153736574148	0.854787129527534	0.734507740995604	0.740052452883342	0.807005662886912	0.773263804941525	0.968153216100451	0.917192174804246	1	2.22044604925031e-16	0.718510950941479	0.68387158337254	0.888410662001296	0.715857336353361	0.680849218755884	0.676872787596306	0.673932998357822	0.661169703484411	0.683199801134826	0.72657488735677	0.69959719650731	0.693157860555394	0.687704908885544	0.668109076376994	0.672507730941405	0.61341532605426	0.631832592806995	0.655859058931561	0.668108834562384	0.653121771508667	0.637402941013953	0.64721114654011	0.64302177776093	0.592101407635489	0.616201796222623	0.651831592723643	0.597125490677333	0.626754762003913	0.847672171880529	2.22044604925031e-16	2.22044604925031e-16	0.642583477881993	0.650149498908868	0.641889302193939	0.65342781067904	0.658235793859907	0.627313335516375	0.656120085017632	0.662574566608383	0.760636904761905	1	1	0.785443253968254	0.729590476190477	0.451963169044206	0.835727095485125	0.861297490531781	0.217548182006939	0.217548182006939	0.776336148175495	0.72135753968254	0.791391491889954	0.806678652763367	0.806678652763367	0.784843325614929	0.791391491889954	0.791391491889954	0.971498496959845	0.932367988005028	0.944734241411709	0.979716374806497	0.911173661018207	0.911173661018207
GSM901140	0.494737221126546	0	1	0.494569216080083	0	0.525520970371239	0.508805429243609	0.539436672586881	0.515124601223657	0.521521647662371	0.553801073697824	0.543865448635548	0.517455060515676	0.58284357445673	0.539940335120044	0.540231002182563	0.513069995447809	0.578724450909598	0.518195382936189	0.585533286876957	0.583269552807081	0.619511795854321	0.539766847979244	0.534657873153771	0.590613143143833	0.575148505045709	0.783345218192593	0.715740542461878	0	1	0.409556732147274	0.437825766413121	0.12332040790089	0.398612491361905	0.423846483110394	0.405732000166143	0.398314831587696	0.419419241864698	0.401832873310616	0.339492303601165	0.378590613762404	0.39164422099615	0.390805492570658	0.457380958422226	0.445448848950377	0.464547482138293	0.463254399442869	0.448789110531408	0.441490923195525	0.453023066961611	0.453972249378294	0.437811651628978	0.43942942278362	0.467901279679902	0.445544617191968	0.439712442196253	0.453123842255712	0.448196617945964	0.494737221126546	1	1	0.43377174298339	0.432373077956493	0.433523051604642	0.430511107630754	0.418191180957103	0.41786341602063	0.434965573558915	0.433974316810496	0.485522619047619	0	0	0.511054365079365	0.337793650793651	0.289880509225184	0.659009053558754	0.155296491179194	0.4153772444282	0.4153772444282	0.659905440775146	0.36271865079365	0.731058597564697	0.731058597564697	0.731058597564697	0.731058597564697	0.224767714738846	0.224767714738846	0.275336744546321	0.291546521721064	0.325195602922735	0.204701528239031	0.195961556374674	0.195961556374674
GSM901141	0.36688614715767	0	1	0.528048453114064	0	0.627346709203005	0.574796102516455	0.640143175026444	0.580235006248549	0.581031812228636	0.644708500183593	0.638002296692516	0.5687421286862	0.681183669888824	0.593917452017169	0.590162944172314	0.553248325887012	0.666187320145778	0.561121698740584	0.668242210237699	0.654773679614371	0.706145671799284	0.570981832719282	0.579972819262978	0.644850525937945	0.608451827260775	0.922638294326857	0.710278078731672	0	2.22044604925031e-16	0.424288978855307	0.45022670648787	0.296017083270995	0.406940953716219	0.421648394058152	0.387894773730274	0.384287383164283	0.407037556023272	0.381934232877724	0.303696016274111	0.357150076091506	0.380628309046132	0.370954194768695	0.442225769994819	0.416878126960325	0.401434136413505	0.414409295808106	0.466850946168151	0.45019968557687	0.43434574186006	0.424276841042374	0.475748081504034	0.479495216140652	0.379701912415539	0.432915333668537	0.444959989628748	0.413848513123288	0.42664880583451	0.36688614715767	2.22044604925031e-16	2.22044604925031e-16	0.45637732075332	0.456642405869329	0.465281019164619	0.462742080348213	0.376105904184595	0.386049923039721	0.451535897408153	0.442330348419675	0.594403174603175	0	0	0.637734126984127	0.503582142857143	0.00340628563242159	0.623862573590777	0.317219323751298	0.0447151727788568	0.0447151727788568	0.494816714193633	0.508771428571429	0.731058597564697	0.731058597564697	0.731058597564697	0.731058597564697	0.224767714738846	0.224767714738846	0.534978684393021	0.692978243933717	0.734902363141049	0.52409619695929	0.297187329271248	0.297187329271248
GSM901142	0.994742548904817	1	1	0.651329833122275	1	0.845494789049929	0.718781569684817	0.871720337682452	0.756984738625697	0.787425878780273	0.885725668293474	0.873042587224394	0.756303167198703	0.924583711291186	0.87086605895118	0.824752323879843	0.774175936972009	0.913873685305325	0.744728716741352	0.917418201935935	0.907790885598044	0.946143651161236	0.791222774155053	0.797769615245614	0.903500211462763	0.864608908661935	0.998393765054335	0.990526471568127	1	2.22044604925031e-16	0.657757515899067	0.662903709343347	0.95589386885842	0.730659943907336	0.709695297218278	0.745207008816204	0.724864834515108	0.703035361188086	0.760211626008685	0.872421707284947	0.799726980852408	0.759066679253525	0.770059597947386	0.583829852451008	0.58367171442109	0.780975269355012	0.801506347955979	0.646105408952363	0.650504264062903	0.805142444174987	0.78675820567772	0.688736134975251	0.682491808593405	0.765750325845885	0.719754535863372	0.770464711382835	0.71569554506569	0.753063807355446	0.994742548904817	2.22044604925031e-16	2.22044604925031e-16	0.72808357162484	0.742856336756771	0.712955184651668	0.728903848875224	0.831574626730052	0.779057254976693	0.766225571887131	0.781805482127718	0.659847619047619	1	1	0.802914682539683	0.627142857142858	0.0425386766004591	0.965288052351131	0.855831031562731	0.182981021302938	0.182981021302938	0.896297435524184	0.613642857142858	0.444671928882599	0.806678652763367	0.806678652763367	0.784843325614929	0.444671928882599	0.444671928882599	0.991866554498265	0.977932454499923	0.975961460587714	0.961906444187626	0.985117475878687	0.985117475878687
GSM901143	0.941425758652675	1	1	0.687969777074423	1	0.721348771375858	0.694757845439158	0.742298486222673	0.696124408568942	0.701474408512351	0.7530695761417	0.742705618153403	0.659024617135944	0.790252142127234	0.74220672207191	0.710931992931363	0.669323323484366	0.778065450628511	0.650785381096127	0.78064810796447	0.770019683398697	0.811445864418069	0.680221670471464	0.684524502224987	0.763583705404187	0.729606319534461	0.950277833036087	0.929776835407696	1	1	0.699776779786859	0.670732425280735	0.916367509117163	0.712710036934506	0.674907079500681	0.676963263339187	0.661842078474989	0.647012010447134	0.688547312267055	0.776145029315002	0.714710594293304	0.696480322843302	0.693739370338866	0.636122423210461	0.659488364121657	0.642590085152758	0.658103127566155	0.627622543051989	0.641557058239724	0.666225309574273	0.65251237740545	0.630116115540394	0.624701619396706	0.631267555393331	0.615004227035412	0.652923168506042	0.607368890299242	0.633360053993324	0.941425758652675	1	1	0.634441943125577	0.646928551307132	0.630326344125625	0.649068385653625	0.693921436194317	0.642365402753966	0.658399474946261	0.681499535658966	0.629215873015873	1	1	0.685096825396825	0.534627777777778	0.720412886389636	0.841818439355006	0.873422631152494	0.570533686675808	0.570533686675808	0.811247928521144	0.551478174603175	0.444671928882599	0.806678652763367	0.806678652763367	0.784843325614929	0.444671928882599	0.444671928882599	0.993348937605759	0.803096717216852	0.821549304046116	0.959079050792007	0.984952830172515	0.984952830172515
GSM901146	0.00746325415326239	0	0	0.31009511867582	0	0.196232702255478	0.304968785670888	0.166173498445015	0.27697828813684	0.244899985627245	0.149608768986626	0.163228274964214	0.276258697730406	0.112240813003862	0.132099431336235	0.207211113127601	0.212013520406127	0.122960284595649	0.27908245899778	0.120691982472549	0.130358982322208	0.0979236721949197	0.224963038668621	0.225852484979218	0.137283055911977	0.169139104910616	0.0194902397391951	0.0253934619776088	0	2.22044604925031e-16	0.361219167274544	0.374786172838861	0.0595945908685232	0.29193522972219	0.320513921501267	0.266476650304322	0.263334958709072	0.304965845736965	0.255406871266671	0.12632992902107	0.20095921106159	0.25559022112638	0.23189129075812	0.245580456913579	0.191070784793326	0.14033877046454	0.129642561499509	0.238235363714885	0.205655396736826	0.128034870726246	0.138849271215196	0.22242788877927	0.235425158195808	0.145799685009086	0.192895486843721	0.151077155547243	0.1931151369555	0.162827879885674	0.00746325415326239	2.22044604925031e-16	2.22044604925031e-16	0.188074409978769	0.174850255801965	0.20323948490217	0.180281199526769	0.0819983313351464	0.119102447023358	0.155093250469486	0.136751330460063	0.489805158730159	0	0	0.526535714285714	0.355824603174603	0.00541776960548666	0.0403325631314053	0.136221446443547	0.00977176862195207	0.00977176862195207	0.0585609439002879	0.394756349206349	0.731058597564697	0.731058597564697	0.731058597564697	0.731058597564697	0.224767714738846	0.224767714738846	0.0364516292630892	0.118089464043806	0.0772382564624012	0.0788177482336323	0.0265042158667943	0.0265042158667943
GSM901147	0.888988166486406	1	1	0.623513119759538	1	0.698263941973326	0.628547069503772	0.713363583249513	0.628648547226213	0.646454823736251	0.717144001286062	0.711093213862612	0.629277662577154	0.742563380987456	0.725808178105655	0.665737909899856	0.661358954071394	0.731022866256754	0.62656945432695	0.729975183654291	0.719979701885714	0.742197359837014	0.655071132634299	0.656264755018709	0.710269312816081	0.687516463643641	0.816133134173919	0.910633372704708	1	1	0.592967615188444	0.575799304986961	0.837421929331022	0.629498998267355	0.608065776630338	0.6366289023927	0.63396992813636	0.616156639952824	0.644642815143615	0.699930813068769	0.66073647773839	0.653406532286729	0.649134336861444	0.721462835980126	0.77446024627911	0.715227142531188	0.727629760852705	0.703113793304248	0.743900954241984	0.736733213946161	0.72500795507786	0.694286284931023	0.678855122485325	0.707449682436841	0.688125120822921	0.725212858230691	0.679011820754989	0.708084378787186	0.888988166486406	1	1	0.703239755154605	0.712823287369921	0.698058958836106	0.724084139191128	0.767859046913577	0.732203365542145	0.724941362564255	0.748440411368523	0.503298412698413	1	1	0.57976626984127	0.581857142857143	0.481214062389122	0.809845921237444	0.795753987871497	0.981423269855197	0.981423269855197	0.885422715675736	0.580393253968254	0.213434189558029	0.213434189558029	0.213434189558029	0.213434189558029	0.598687648773193	0.598687648773193	0.986595801667781	0.752468430834906	0.662010953550119	0.441690783126899	0.974116693521055	0.974116693521055
GSM901148	0.649630773976173	0	1	0.496914478077873	1	0.598677092003349	0.539816296003107	0.620068554703707	0.570837158777605	0.596675363168728	0.635260061592524	0.624129484587212	0.56780519738374	0.66097059258778	0.632338409631021	0.619284889900659	0.611824856224583	0.655400853354962	0.567693032108662	0.657392622062794	0.653335252300648	0.66541883918148	0.609390233120404	0.60031873291884	0.651996033020879	0.640692089403497	0.639807258480137	0.662335176496495	1	2.22044604925031e-16	0.514451086037881	0.524131556162071	0.349629518078443	0.555875946288003	0.547376497216982	0.572394226871307	0.572169668491102	0.552294391221483	0.578791480215678	0.650925935824086	0.605444575991118	0.572015181251574	0.589595185494286	0.55043650390501	0.571930623616729	0.716478558721157	0.715707620634545	0.59853078343761	0.61151692207367	0.703336706691884	0.70145227401504	0.620498976622707	0.612554829519802	0.72438742852451	0.656727046951891	0.67973730663653	0.670817284753561	0.681687295867224	0.649630773976173	2.22044604925031e-16	2.22044604925031e-16	0.647420338284015	0.658974018522922	0.634631513472073	0.653378770225937	0.733656618578488	0.71223020513622	0.67636630825864	0.696638289361266	0.518735714285715	1	1	0.618713888888888	0.552971031746032	0.33310388509112	0.807507395354697	0.40753901526427	0.52966062210069	0.52966062210069	0.777598491841059	0.582764682539682	0.444671928882599	0.806678652763367	0.806678652763367	0.5	0.444671928882599	0.444671928882599	0.0363427732280473	0.292230878875086	0.32659371103568	0.207817333571715	0.0644780733599881	0.0644780733599881
GSM901150	0.788574302067271	1	1	0.715143637605653	1	0.69076349575423	0.683062973320012	0.709050346519523	0.673165324451557	0.672370131284715	0.716419095421399	0.709268410762123	0.642693996430585	0.738134953768245	0.71664063465412	0.682935102324566	0.679260112858662	0.729160749955587	0.643500907159059	0.72786784355014	0.720099076432208	0.73282997296876	0.672469847276751	0.670448823169196	0.711262809067799	0.695148696583827	0.756771982635547	0.821881247444865	1	1	0.735510587731627	0.675322932850768	0.890687775505327	0.723812131200729	0.684225808623009	0.694398763022055	0.694377377169287	0.670468824128775	0.703068284951562	0.769457926055321	0.727556288987543	0.710830679319156	0.711942591718992	0.717806856447868	0.761197534233157	0.670851841561847	0.676124406723513	0.671995082388974	0.705432024564225	0.678139959838499	0.672062928447366	0.645185978840462	0.636754461057557	0.669939783487348	0.64254628499681	0.667874977241205	0.642321213976827	0.659133741224416	0.788574302067271	1	1	0.648438236153228	0.657080510785073	0.641928147593623	0.660113509158299	0.711553040828617	0.68648126981526	0.667905898526246	0.685822482059729	0.697980158730159	1	1	0.594535317460317	0.621358333333333	0.994303260024428	0.786931451614044	0.88417232719396	0.948722392372081	0.948722392372081	0.812624188217827	0.65758253968254	0.791391491889954	0.806678652763367	0.806678652763367	0.784843325614929	0.791391491889954	0.791391491889954	0.96451577767934	0.621081806749018	0.637617011138532	0.98552267862456	0.937352194424223	0.937352194424223
GSM901151	0.742876279861193	1	1	0.559476208754909	1	0.702383274520403	0.574606343662133	0.710473143345959	0.595902597273937	0.631173319550484	0.713324725369072	0.708782241824073	0.658038480828601	0.7344927179472	0.698749605715808	0.67242497286527	0.652720900001558	0.728053386702144	0.658847863980998	0.730782780467832	0.726446842332317	0.754497940791415	0.676768844982977	0.676722567421244	0.728781295354574	0.711694777612784	0.867887377012035	0.875344263517298	1	2.22044604925031e-16	0.641615588589894	0.627595951625638	0.738799430268353	0.670373076490997	0.681650827862992	0.714489386347068	0.686629586693184	0.691943157787456	0.726678360881515	0.744429293924021	0.716935507901167	0.722579486241384	0.712533196489779	0.529570111303551	0.51598540636112	0.632276246089635	0.632549200688412	0.519977222522773	0.52778565314374	0.619857065269715	0.619121951574793	0.531934106070454	0.532780705066856	0.637727804772227	0.598565992329391	0.592510187868602	0.608483291867605	0.607405827243864	0.742876279861193	2.22044604925031e-16	2.22044604925031e-16	0.571508392041103	0.565861202439559	0.558348689274951	0.546978142809085	0.5947814035725	0.60111428032518	0.574812730529064	0.562899890763653	0.703280952380952	1	1	0.79083134920635	0.67927380952381	0.0729917694124647	0.814799101112565	0.612155286666821	0.395782641134095	0.395782641134095	0.817400998403082	0.685272222222223	0.791391491889954	0.538385808467865	0.538385808467865	0.784843325614929	0.791391491889954	0.791391491889954	0.999072472028939	0.985199538339943	0.985965731636197	0.99660832406526	0.996306425143451	0.996306425143451
GSM901152	0.0996699774745747	1	1	0.569064477398165	1	0.647823037879542	0.570371848638177	0.661929028013118	0.588117081251752	0.605996380800888	0.669407188293231	0.662909290158245	0.616633322269497	0.689111028579585	0.634516663224165	0.63414342387387	0.63507406259982	0.682758534164474	0.623918199607949	0.683693697049069	0.679053596048031	0.694108979125154	0.648551749090858	0.642495510168807	0.677137231405615	0.667824491699756	0.727894348012339	0.538858622300679	1	2.22044604925031e-16	0.521185303865071	0.528040835934614	0.138106302622248	0.509908056129753	0.527070945187514	0.517662831803252	0.514287273172774	0.531989410343122	0.514961054203806	0.415914139243387	0.479331662787026	0.510300013891923	0.498923494135253	0.457629858476535	0.431401586717489	0.499012205239166	0.496162188812416	0.466224774458632	0.453467515081091	0.494695005699074	0.496688363289158	0.47904749214472	0.484515205884523	0.500502721595534	0.501523648413947	0.493752794956151	0.50180931399238	0.499202191758838	0.0996699774745747	2.22044604925031e-16	2.22044604925031e-16	0.494631638486524	0.489670627273414	0.49057870186335	0.475585215697774	0.43031096413525	0.470184867810494	0.487810325095756	0.46714219118274	0.681079365079366	1	1	0.765512698412699	0.613856746031747	0.67798090951638	0.726678555309014	0.216880732429063	0.103982559086504	0.103982559086504	0.658980827213156	0.607678571428572	0.791391491889954	0.806678652763367	0.806678652763367	0.784843325614929	0.791391491889954	0.791391491889954	0.437942536156664	0.717911470146273	0.758953223253244	0.485522715685084	0.219662719080863	0.219662719080863
GSM901153	0.0421705299655339	0	1	0.368532464818449	0	0.336439811924474	0.372443118549543	0.334087275309819	0.364701817720116	0.3560132812483	0.342705680225979	0.33885028169989	0.372021677363808	0.347402302312419	0.331120343219156	0.360268891804587	0.362143568997723	0.354617187721799	0.379104340042188	0.362911283184656	0.371989608507162	0.38067650811799	0.394048421745613	0.377729768442613	0.394305171634724	0.408844461491758	0.350906587684389	0.309435958004883	0	1	0.256053316614983	0.271338200434365	0.0055275705719859	0.17254324157882	0.209417029693249	0.16276702584642	0.165897439785207	0.202850047811507	0.150436339629888	0.0581147074648903	0.109221551858498	0.144606921425626	0.134466958809754	0.482223443845778	0.477395591233746	0.476869853973366	0.468146302195856	0.464442407070319	0.460780196928712	0.448116385631984	0.454739354839578	0.44301108034856	0.447792829968463	0.49117459981326	0.449029350123193	0.433367196701056	0.461437375174753	0.450494962443595	0.0421705299655339	1	1	0.430702075848299	0.425885976455525	0.43185800613776	0.424458241436074	0.359860521699412	0.395054386029934	0.425294103073813	0.417599938289451	0.478048412698413	1	1	0.416723015873015	0.468251587301587	0.115066099767568	0.49740693962523	0.0259121610183922	0.320297750806474	0.320297750806474	0.566598929235952	0.470919841269841	0.213434189558029	0.213434189558029	0.213434189558029	0.213434189558029	0.224767714738846	0.224767714738846	0.670149436691181	0.565591820653859	0.610496945310041	0.696665274452541	0.780230013561976	0.780230013561976
GSM901154	0.103703953100343	0	0	0.362957127747389	0	0.257472066394538	0.3654134932252	0.241629051375403	0.334220785695005	0.301054835813882	0.236302649182586	0.243279500993105	0.329551854765214	0.209430296447972	0.227783060854968	0.278457576447076	0.287508467183159	0.220830460679666	0.338243999139256	0.221643729862943	0.232054067173608	0.208940699310401	0.303606799308963	0.302274594844616	0.243121457998875	0.268173166770159	0.124314979550919	0.153870596308612	0	1	0.369689613105488	0.408873484470246	0.165758138147599	0.365505784933955	0.374106001661391	0.340369231191217	0.343966583862009	0.367649096095847	0.331062362883872	0.242691475738069	0.300397214027029	0.336505539231004	0.320368307676791	0.2632722770447	0.223485169995565	0.172635300023164	0.168026964962033	0.245786058135667	0.213054645349696	0.169499682939252	0.175385881956108	0.236920228575637	0.246530119089807	0.1761866881363	0.213430728573945	0.185265531918189	0.209553839537887	0.191844927195392	0.103703953100343	1	1	0.211421028740562	0.200567453297103	0.222258063015963	0.203459197265169	0.125133574094274	0.152847385726307	0.186507961195007	0.169367112506126	0.479322222222222	0	0	0.378994841269841	0.401393650793651	0.828714965258968	0.106555227153521	0.209571806367712	0.291340429783983	0.291340429783983	0.138212287945312	0.387746825396825	0.731058597564697	0.731058597564697	0.731058597564697	0.731058597564697	0.224767714738846	0.224767714738846	0.76389705811331	0.130494194182122	0.146640571249615	0.850095552803414	0.397614902912568	0.397614902912568
GSM901156	0.228448955424458	0	1	0.488148443202555	1	0.610391990138074	0.525666139607238	0.626563055592398	0.565155429829471	0.594286358805626	0.634137277171544	0.627627811661752	0.580376579181164	0.65234221230018	0.593518923818651	0.618687019471486	0.608670621519571	0.644124542452832	0.578893991579598	0.641957561632535	0.634397989342738	0.640336974048271	0.602380463120705	0.599465670908567	0.623152109872938	0.611989101745285	0.636726722692226	0.364890563300066	0	2.22044604925031e-16	0.451496638212416	0.472335146935783	0.191631100463099	0.482805547237762	0.508182091819639	0.539465409144374	0.548562571594547	0.535626926270173	0.539642389964552	0.546746630591252	0.554994759897087	0.520319360196758	0.548696504419587	0.445397563105788	0.443587914745887	0.587017474320607	0.578260672455878	0.491203210087778	0.487310760233684	0.567879225348033	0.57334508449637	0.522311390839322	0.52269737185996	0.590385946428895	0.563256020597072	0.562413491972976	0.577506378074963	0.570719659671317	0.228448955424458	2.22044604925031e-16	2.22044604925031e-16	0.551013626244301	0.555827348136368	0.543021051782599	0.541883441225983	0.569883026352918	0.589053559009798	0.562107948948332	0.561026097248206	0.558729761904762	0	0	0.663740873015873	0.552871825396825	0.355403736864263	0.661811956667575	0.214380528508994	0.253709832176082	0.253709832176082	0.476976544240947	0.568296428571429	0.444671928882599	0.806678652763367	0.806678652763367	0.784843325614929	0.444671928882599	0.444671928882599	0.577901168212536	0.428150570407526	0.476936761798315	0.184518128314009	0.618033706408906	0.618033706408906
GSM901157	0.320853087416579	1	1	0.540704449703562	1	0.562104273403929	0.527562697538709	0.549865511273726	0.545907941016601	0.557470044417041	0.532607701094192	0.544022959565403	0.568712438010288	0.497737666480568	0.498580687453466	0.549238925339379	0.563696883283482	0.500897727805189	0.571597361948076	0.490123328258759	0.491532825294651	0.439528167839938	0.549031320470448	0.552997508787778	0.478548068174637	0.499516307807699	0.198223416784755	0.200814358820307	1	2.22044604925031e-16	0.714882049142046	0.699160549722137	0.857368600478356	0.765643236922516	0.740757620500242	0.775197899744424	0.772647507786381	0.74872425329081	0.785066815056553	0.848004971744166	0.807615458524644	0.789492574319908	0.792092175749799	0.501076809244588	0.489112304393135	0.545828196575524	0.53621267266169	0.512143081261266	0.499904223100947	0.536837916788294	0.544707444143735	0.532584620236492	0.535746888821994	0.551278005622675	0.566040201154771	0.552185029113094	0.569949396678654	0.557735190194206	0.320853087416579	2.22044604925031e-16	2.22044604925031e-16	0.561415816488101	0.558894645423702	0.554673785466731	0.541135793977681	0.544552137696715	0.574335238819992	0.55393217829007	0.542323930840149	0.550075793650794	1	1	0.65177380952381	0.521803571428572	0.927693869347168	0.332120208155869	0.833081207080087	0.446063270347766	0.446063270347766	0.258646764107329	0.525157142857143	0.444671928882599	0.538385808467865	0.538385808467865	0.784843325614929	0.444671928882599	0.444671928882599	0.879292245141982	0.835350586955493	0.851321315821804	0.85523550463172	0.875724067665458	0.875724067665458
GSM901158	0.961378613732394	1	1	0.521127906399079	0	0.656088630047807	0.561033002814622	0.686336561183762	0.59009155628532	0.613639856820425	0.70741135869033	0.690033646674068	0.582655771261803	0.763636302959703	0.703626975834001	0.642478941764667	0.603576355778286	0.749761803767665	0.574462924990444	0.757595934729538	0.746446045561206	0.809722478759796	0.619371686118762	0.622008312597663	0.747054102175762	0.701743886179294	0.971079515297151	0.954619222693996	0	2.22044604925031e-16	0.522474219458341	0.5052051801921	0.930938150687234	0.543809583364674	0.519241779007963	0.531403579764299	0.519282970416541	0.507502170031639	0.539817789714633	0.639607185644449	0.568918548654939	0.548110704289564	0.547855050934052	0.53416071033372	0.559195654182374	0.64460806138893	0.669450141756469	0.568373704377108	0.594318199239298	0.677076583643604	0.655503366954874	0.578651230824907	0.56966395781985	0.632002431023546	0.589272376769324	0.644286229261841	0.578580221509447	0.620935464948295	0.961378613732394	2.22044604925031e-16	2.22044604925031e-16	0.606390948603211	0.620701623189381	0.593911600915881	0.613376789632178	0.690467047944427	0.638492309670857	0.642117568615107	0.664340789255175	0.531699603174604	1	1	0.604687698412698	0.43570753968254	0.0272148491081634	0.877576706655106	0.82771320169323	0.38021684012218	0.38021684012218	0.834682662916151	0.442382936507937	0.731058597564697	0.731058597564697	0.731058597564697	0.731058597564697	0.598687648773193	0.598687648773193	0.0241684882557963	0.246155526885072	0.286688364710515	0.050898059960097	0.0161757704098444	0.0161757704098444
GSM901160	0.178153332504117	0	0	0.311941501468074	0	0.351050304890735	0.353391418512681	0.340873983726509	0.354362658840474	0.353254309399691	0.335976681992324	0.340507586176557	0.376325861695251	0.321118294063966	0.318577364908349	0.34759711653042	0.361211741496648	0.325704830370621	0.3797179945302	0.324680822368864	0.328503781700877	0.31228420239627	0.365197456367336	0.364069071120447	0.330296145805028	0.343803271192508	0.231985494292393	0.214619606521519	0	2.22044604925031e-16	0.28657093610186	0.331080576320757	0.114413672836082	0.290225220332546	0.317131976269527	0.306675211454138	0.316172347155096	0.330843882132104	0.297089737142565	0.23067385188717	0.278429354239428	0.293204658582747	0.293459743227452	0.398979691745088	0.382722379544962	0.403507268402677	0.400977576314754	0.428154045131612	0.417700284860371	0.404814689474454	0.407323110176721	0.434852617070483	0.435615346855323	0.402321786215412	0.42411145480001	0.414269702450446	0.420349465714309	0.415847734093734	0.178153332504117	2.22044604925031e-16	2.22044604925031e-16	0.423997788169861	0.419020921712239	0.429512518549868	0.425950755613868	0.361209969543163	0.387446590395706	0.413328669274558	0.403126102290143	0.256070634920635	0	0	0.177168253968254	0.314632936507937	0.000946653659932014	0.25222084354681	0.149463506805285	0.225069198847958	0.225069198847958	0.27400891698677	0.316513888888889	0.213434189558029	0.213434189558029	0.213434189558029	0.213434189558029	0.224767714738846	0.224767714738846	0.115461466366021	0.129962742590443	0.126100580228171	0.109043556550681	0.161794549975993	0.161794549975993
GSM901161	3.21197931303839e-05	1	0	0.152613162900587	1	0.164235022688344	0.181161421465025	0.13226851248244	0.192951776123917	0.185832821501429	0.115268083015596	0.129965828376038	0.272812669712939	0.0750053635877337	0.0773752848883807	0.173065053058796	0.205723155045168	0.0855938445797972	0.289944033404019	0.0821786106357831	0.0917524817567083	0.0558714140141168	0.220716035790619	0.216511674953629	0.0963649430960019	0.135835822850217	0.00330984768968409	0.000504926137101665	1	2.22044604925031e-16	0.21288567511764	0.300417484641013	0.000348179705253063	0.197633196992784	0.278737472663498	0.246902601079587	0.251173766672701	0.307903370394021	0.229259878131106	0.0678056645913418	0.159082072082559	0.207401498051022	0.200331532535031	0.0795797709352971	0.0389244698258969	0.0879650589689508	0.0715086469862193	0.10334897302117	0.0634564880351256	0.0649299175637888	0.0786500368672397	0.118676600119748	0.137541657626095	0.0976135508432175	0.139727765520554	0.0813316280178273	0.152275048371523	0.105123357764917	3.21197931303839e-05	2.22044604925031e-16	2.22044604925031e-16	0.111587208664691	0.0939886301113967	0.119200573686624	0.0837714948459431	0.0271217052872807	0.0664629918991305	0.0777507771251747	0.0502007728127602	0.555776984126984	0	0	0.62423373015873	0.530718253968253	0.000915468847093068	0.0140994090652904	0.00218040986447728	0.000136998861551717	0.000136998861551717	0.00514941476301544	0.520622619047619	0.791391491889954	0.538385808467865	0.538385808467865	0.784843325614929	0.791391491889954	0.791391491889954	0.00796567864618083	0.0291045925465982	0.0346534188887872	0.0687301569310444	0.00814546953946512	0.00814546953946512
GSM901162	0.165505376757735	1	1	0.572398055601426	1	0.444038299007832	0.542233145379269	0.433060988027103	0.521298608870694	0.494377755762675	0.424648286735023	0.431853872971861	0.480668965279753	0.39872601757134	0.391672028587523	0.461490885512252	0.458562954999727	0.405615941391292	0.482972355362833	0.401878043786994	0.40751938040876	0.375739282913231	0.462012674193625	0.462042784990803	0.407790557754741	0.427615202620868	0.227582001280504	0.17549340494773	1	2.22044604925031e-16	0.682082133640205	0.625505548401678	0.884975015152628	0.644333883118283	0.605531958597111	0.589593117028723	0.587654774441018	0.582817540460635	0.592881570458865	0.611922808187954	0.595437535906082	0.609690996204264	0.592577996879647	0.499714295109686	0.480281415652362	0.398532536414253	0.397805727328659	0.477606796923544	0.473057190506596	0.407482210270261	0.409288120723924	0.468745130265071	0.473816998877642	0.399538766169664	0.435617302679969	0.432905082478124	0.426289573582357	0.422387944082537	0.165505376757735	2.22044604925031e-16	2.22044604925031e-16	0.458371872964236	0.459707466210815	0.465840829637121	0.457159818901512	0.375129308799573	0.395929940765951	0.447709664041038	0.442906321984111	0.644954761904762	1	1	0.676824206349206	0.582434126984127	0.707930915293683	0.277659800597295	0.863683161568345	0.14637439865834	0.14637439865834	0.207312255087862	0.565426984126984	0.444671928882599	0.538385808467865	0.538385808467865	0.784843325614929	0.444671928882599	0.444671928882599	0.966823149184251	0.372395565069858	0.423099592563769	0.985185325107519	0.954710257107672	0.954710257107672
GSM1306893	0.5318629359473	1	1	0.640602907501252	1	0.720099463196423	0.643985419432333	0.738833145395601	0.661216559271697	0.681524030487517	0.745928181346847	0.739528247494397	0.676318119823562	0.762004494455972	0.743112200859417	0.709869583333456	0.71576279101825	0.754758624671643	0.68296526444325	0.752436177301278	0.745955559505891	0.749314522494583	0.710622998601238	0.707848254995691	0.736596285140125	0.7252212530768	0.704946058771937	0.785857246954374	1	1	0.689315380531672	0.667957921142814	0.620308758701082	0.72367524737164	0.704791146993558	0.729212931814844	0.726044356487462	0.707444634343097	0.738094009687117	0.776049469729567	0.753813209869956	0.73630787598539	0.742085981425717	0.471645731518089	0.482144107764662	0.522362648853585	0.51680011130818	0.46507040830925	0.463570551328082	0.512702279148745	0.516476517097745	0.473688958079194	0.475633326190207	0.527082006992711	0.514761893845021	0.507621799303582	0.521472091996939	0.517368665474319	0.5318629359473	1	1	0.49750755231351	0.493966703674554	0.485867704566871	0.480477339211542	0.520666836186937	0.533289064288643	0.498218520102656	0.49296515927679	0.512250793650794	0	0	0.585929761904761	0.435452380952381	0.998699761101282	0.7815402100694	0.627663127748127	0.639033527554337	0.639033527554337	0.822231316110956	0.408802777777778	0.791391491889954	0.806678652763367	0.806678652763367	0.784843325614929	0.791391491889954	0.791391491889954	0.607564224916027	0.938459147744919	0.936991883875815	0.88935423241495	0.0394017255450463	0.0394017255450463
GSM1306894	0.234503453345347	0	1	0.515988887191922	0	0.474375116241522	0.507026500345505	0.466490147802869	0.505879500944109	0.501892010089111	0.455452768274284	0.463152157028272	0.488978759670546	0.431637547394881	0.41927247421479	0.481916669774496	0.485112300556107	0.433047175653262	0.487083966208834	0.425046793021052	0.42489179966242	0.38853776966694	0.467836949449033	0.471407229374871	0.41304133724068	0.427358980166293	0.223832622589794	0.154234728930587	1	1	0.583283063957097	0.55625624805212	0.778278582284245	0.59254392549687	0.57508548747767	0.597072157528178	0.609771800614434	0.586154398565667	0.599489501960491	0.646670604733449	0.625628278579469	0.602468632555814	0.61344023610341	0.554341420704532	0.590025650035325	0.485367776020633	0.480021597449916	0.53140263785942	0.542809434551824	0.485453916281765	0.489724434108661	0.524330283436703	0.522687601304184	0.484921650969885	0.507470129600254	0.50629856846008	0.506669245598468	0.500641417755231	0.234503453345347	1	1	0.519946557075925	0.524168009693481	0.525197658585562	0.526972407385473	0.492286616752861	0.513640609701584	0.518544332588847	0.520041682496985	0.476478571428571	0	0	0.446088888888889	0.506939285714286	0.703072105872916	0.271673327928032	0.741828445387412	0.933366532631611	0.933366532631611	0.184019383212148	0.505143253968254	0.444671928882599	0.538385808467865	0.538385808467865	0.784843325614929	0.444671928882599	0.444671928882599	0.227865206825949	0.273159191018158	0.317503673743625	0.502151809784468	0.290681386208018	0.290681386208018
GSM1306895	0.912797879947251	0	1	0.53511163615147	0	0.517446236707587	0.516845810240207	0.524003337010861	0.516885108494539	0.522383209298457	0.526841119970702	0.524395222048955	0.508400528356121	0.534950369784002	0.528169687352286	0.522736433390102	0.513299272786553	0.531117575869225	0.505342466055862	0.530198033605386	0.526449243736892	0.53313759259197	0.506795011645755	0.510310517195626	0.520839159254131	0.51171653233313	0.592680413255322	0.673567781752794	1	1	0.584810636352514	0.561929850283788	0.937020046799717	0.625817147424488	0.600106227406269	0.639980392306922	0.642410415047506	0.610787750918615	0.648710436239592	0.763598346912482	0.693944866668955	0.653160671540707	0.667607654403411	0.563971462935507	0.601252306467453	0.59464283840726	0.600860834207252	0.551391291729092	0.573344050212215	0.602583392041449	0.596507792161942	0.558162110626758	0.551836126412188	0.59310552097693	0.571984553797318	0.592871838591468	0.572637519831596	0.584903131457151	0.912797879947251	1	1	0.576954009275	0.58511257518889	0.570272437660065	0.583237633818551	0.647918884131969	0.614533574253647	0.594732035416956	0.613257996120384	0.500430158730159	0	0	0.568889682539682	0.55238253968254	0.950859593720994	0.495653387474791	0.856465886192118	0.909327175138612	0.909327175138612	0.49079336777883	0.554838492063493	0.444671928882599	0.538385808467865	0.538385808467865	0.784843325614929	0.444671928882599	0.444671928882599	0.0580356145755263	0.24447372442149	0.268574122390733	0.302606554080005	0.0926056208722861	0.0926056208722861
GSM1306896	0.754778329961708	0	1	0.483832494956767	1	0.53424504609379	0.490102445632124	0.535013991009049	0.50652110938809	0.515282895443269	0.528921547757287	0.532198616559694	0.518723863741762	0.519518511984792	0.509311018458787	0.519486054432877	0.534405359538234	0.516584723861662	0.517894623535696	0.509569959261793	0.505559324271547	0.483683909302318	0.510694918886433	0.516830055518972	0.491114327601302	0.491493638872317	0.372341875973811	0.367315887279865	1	1	0.668869452430556	0.627685753698185	0.936342651573471	0.703951018767924	0.671473582587438	0.713643996796767	0.719053839778366	0.676923898977382	0.724596079310166	0.838883396708498	0.775873691967196	0.724427106734408	0.746772418595316	0.514526509532555	0.532487767235279	0.602471312035317	0.597808541803344	0.516569433171538	0.521566051687374	0.591885097529099	0.59447555008082	0.525917329477687	0.527920161453193	0.605904624417946	0.58146650261759	0.580998558998509	0.592926211347879	0.590353003043474	0.754778329961708	1	1	0.560850203175497	0.561710317647937	0.544316111383324	0.540367322491461	0.633088085462172	0.644234767544327	0.572118409256265	0.567741452378389	0.461133333333333	0	0	0.547664285714286	0.516330555555556	0.74879764185529	0.418813067746036	0.894491402664564	0.570560157862958	0.570560157862958	0.308412668008486	0.509295634920635	0.444671928882599	0.806678652763367	0.806678652763367	0.784843325614929	0.444671928882599	0.444671928882599	0.0842869139558981	0.267167973057096	0.307381815579756	0.592243970754826	0.111834465286163	0.111834465286163
GSM1306897	0.825388107349609	0	0	0.49669424005346	0	0.554536825885412	0.499345422052181	0.56829664828937	0.51128859490349	0.52505183385587	0.576101982096479	0.569118174867499	0.521780568169911	0.603200726741745	0.566304979021315	0.54082855599863	0.528736379924558	0.59302922658482	0.519728631863662	0.594164434419014	0.584972488823625	0.616429848337074	0.531268341095555	0.534989194662201	0.576749808303864	0.553594729767442	0.794879702371498	0.753372169237378	0	1	0.441499373267598	0.450852667257504	0.569751972070698	0.4542730570215	0.463837747917939	0.477480366448838	0.484407008885988	0.476163718280587	0.476243505446959	0.500116902435492	0.493917303117602	0.469633282444318	0.485962341175123	0.496495422553698	0.515641710844227	0.530444880197098	0.53653680685798	0.501802346896278	0.510429293659388	0.54096646123407	0.535160968277236	0.50885310520007	0.506876558168204	0.521661566974347	0.520432871041492	0.532259225574887	0.51837265539118	0.527833798482442	0.825388107349609	1	1	0.51995240097007	0.522255979293315	0.514681635968254	0.520284662853055	0.552827279689029	0.532255230687009	0.528936436317982	0.535378008421074	0.441550793650794	0	0	0.491742857142857	0.460352777777778	0.609283121998507	0.569055541702703	0.466951551498305	0.582807793352584	0.582807793352584	0.57761460933608	0.467755952380952	0.791391491889954	0.806678652763367	0.806678652763367	0.784843325614929	0.791391491889954	0.791391491889954	0.0231232733262327	0.383698935781735	0.401908450065921	0.130020394334078	0.0340540094097248	0.0340540094097248
GSM1306885	0.99996556705711	1	1	0.713943201233884	1	0.759280446484487	0.716218281882817	0.796249266402977	0.708706966846672	0.722161454719569	0.821198208867435	0.800536277312353	0.662635473649552	0.884516968827453	0.846649903287371	0.746886134822792	0.659072750719719	0.869640651798029	0.644307132302807	0.87803285799391	0.865345590886106	0.92922220524798	0.694936639662817	0.70609293171986	0.864629441759186	0.806496033286221	0.99925359085599	0.999507061098868	1	1	0.575519096694046	0.571672310209649	0.995395487884315	0.63282106410875	0.595681202654043	0.620649829374416	0.594596727229303	0.576197064774146	0.635658087953105	0.812264774842261	0.69288162624305	0.648193724222323	0.651707164010382	0.738039556444447	0.801403457164874	0.738430528482971	0.77678364978917	0.726381343577198	0.769898988902895	0.792937713005647	0.761947823632846	0.723236860567959	0.703032335742885	0.710883912014514	0.67541323379233	0.757156377968531	0.652226785529727	0.716509771979938	0.99996556705711	1	1	0.71521604034761	0.73735972766612	0.71475811822029	0.762755107955164	0.855234003221276	0.726095317215842	0.761797270126037	0.811903386439408	0.57745	1	1	0.538454365079365	0.575171428571429	0.85172322735285	0.94669514292916	0.953592765490559	0.994960264125621	0.994960264125621	0.971283781836563	0.572698015873016	0.213434189558029	0.213434189558029	0.213434189558029	0.213434189558029	0.224767714738846	0.224767714738846	0.97372237572905	0.954901155111664	0.942527714047577	0.791059992352754	0.973917097361566	0.973917097361566
GSM1306886	0.0216811600654	0	0	0.202253360717774	0	0.110450065916216	0.188676152427868	0.0976778536536703	0.167400971923417	0.146985601954555	0.0955298122525875	0.0995983973265528	0.176668059826869	0.0800196136244857	0.0925015892735742	0.129259969102855	0.135227485753731	0.0879142270272669	0.18315429188969	0.0899628215990076	0.0977654328789637	0.0861963731841446	0.154004192666235	0.150543327455881	0.108396698655184	0.128244426403834	0.0497510426854779	0.0562889310057323	0	2.22044604925031e-16	0.122799448470395	0.148661988200863	0.00956520022242659	0.0773594493589734	0.104759740528667	0.0746210570389133	0.0788422206021562	0.104408657437614	0.0655748243667578	0.020206089170469	0.0456060942804743	0.0626887358545162	0.0586411225333921	0.174862550877969	0.141630059867052	0.098771509918389	0.0936785236288886	0.16166208488681	0.140114872031885	0.0928715223897702	0.0985804960155361	0.150149120418145	0.160833240452086	0.101176368895661	0.131705747866505	0.104441177728374	0.130099391395232	0.112430644043709	0.0216811600654	2.22044604925031e-16	2.22044604925031e-16	0.126893102764805	0.11667095270347	0.136519825040383	0.119849392618445	0.0545049366953479	0.0716388491424976	0.104538061832747	0.0918109289857282	0.274090079365079	0	0	0.22065873015873	0.293625793650794	0.020576914909077	0.0384731873862698	0.0160209824417988	0.0188369757920592	0.0188369757920592	0.0761777924556093	0.307013888888889	0.213434189558029	0.213434189558029	0.213434189558029	0.213434189558029	0.224767714738846	0.224767714738846	0.000631832190153352	0.00478966061957031	0.00357305456087311	0.00162515069167799	0.00113410973280918	0.00113410973280918
GSM1306887	0.479304659408197	0	0	0.371346554999914	0	0.369875458677145	0.387927787634986	0.360961485072985	0.382065809346836	0.37136046165596	0.358395266935196	0.361591715370401	0.402543811519019	0.351379666762286	0.355219587899411	0.363310972762261	0.358140184385784	0.355214173059	0.407809948420208	0.357676226071064	0.360998980568575	0.368912623999057	0.381713950845664	0.386016659939017	0.367162680646837	0.370434241592517	0.494518477782978	0.572224948086452	0	1	0.381373590864925	0.396778975394143	0.377066940263419	0.349097569924948	0.370864816607586	0.341243269900951	0.34007741298963	0.368015452830517	0.332434604258612	0.243104416537294	0.301503022339923	0.332963966355277	0.320101498410949	0.276420170225142	0.255894899339737	0.20761452783367	0.207963128952481	0.267433054788643	0.244497476174218	0.21511429514074	0.216966797383092	0.263312424587805	0.272978758635431	0.203071515850041	0.252423478330861	0.228728011552654	0.243022882914438	0.231710543051477	0.479304659408197	1	1	0.252141224686805	0.240036628886692	0.257629166636896	0.237876775541366	0.171520436858537	0.184908545382023	0.227151090465432	0.212360048351776	0.493330158730159	0	0	0.519284126984127	0.374133333333333	0.823728823044304	0.206178735698012	0.300047875101046	0.335209739704095	0.335209739704095	0.341189860612081	0.362996825396826	0.731058597564697	0.731058597564697	0.731058597564697	0.731058597564697	0.224767714738846	0.224767714738846	0.0435633988695708	0.300723108284261	0.232897653710216	0.137237761120545	0.00855926390006761	0.00855926390006761
GSM1306888	0.728455513406718	1	1	0.520491549454683	1	0.535496286361687	0.535729927351269	0.537712589968266	0.52551643406805	0.519868590668498	0.537666963413381	0.537050070784693	0.530245685584095	0.545930731160307	0.526768296981662	0.521675692095466	0.505266563417005	0.542064354921237	0.531644728470058	0.542837643337347	0.53931672872371	0.558881260090865	0.520936921840315	0.52727530327806	0.537115306982512	0.525626481336126	0.721413753352223	0.734315853943502	1	1	0.56582590820707	0.551819753039311	0.822710089753114	0.568273778120107	0.562077832235544	0.564988942665357	0.558004104360045	0.561029160818228	0.567672571393433	0.569210397006587	0.566661302520913	0.572955502311758	0.564366573284449	0.410344195545502	0.407412643589659	0.347013184269929	0.351834039277548	0.390859907705472	0.380570419754069	0.362040615208295	0.359632943569833	0.393324113626762	0.398424201135136	0.339633723185679	0.380764269760097	0.371811436172241	0.370361060336634	0.368012519543603	0.728455513406718	1	1	0.386779275940555	0.380353116157379	0.391476966149436	0.380955817755838	0.336508231793334	0.337207798733647	0.372452160020451	0.364137769520234	0.503693253968254	0	0	0.485445634920635	0.420455158730159	0.92247194620889	0.413112104657341	0.692256339967207	0.695367837712331	0.695367837712331	0.478341304609622	0.389598412698413	0.731058597564697	0.731058597564697	0.731058597564697	0.731058597564697	0.224767714738846	0.224767714738846	0.240081271425131	0.667921335243744	0.669267696364161	0.702831974059008	0.0361463396691929	0.0361463396691929
GSM1306889	0.995779735547274	1	1	0.705203203121077	1	0.734824759140687	0.687284441082935	0.762451185708127	0.689140771505896	0.706120009923213	0.781228862803036	0.765009134391495	0.65666322049594	0.834432212010016	0.798296358846503	0.724936861412004	0.661752870912901	0.821549826637765	0.645038937749903	0.82907294438445	0.818902097384911	0.877176718062726	0.692304578602911	0.694663082979107	0.82059566253923	0.777574040137671	0.990252356849429	0.994398174494175	1	1	0.582662854332489	0.575883159786318	0.940129365961901	0.608472298095411	0.581349828349697	0.583536094386278	0.555046886320774	0.558018062871743	0.594898708518885	0.681657793336498	0.606401939644284	0.60896139719235	0.590320423064979	0.711086882220151	0.762743340261396	0.714757611048661	0.742848598653145	0.700485574458453	0.738977701739604	0.754738637772185	0.731166321952828	0.697271069847994	0.680330233042367	0.698747604806739	0.665365179495739	0.729674008656728	0.647478017107842	0.696697749634832	0.995779735547274	1	1	0.700909806749832	0.719058925779463	0.698370849752398	0.734336862483002	0.788528121759898	0.69053965338252	0.73609813282743	0.778425505127951	0.614601984126984	1	1	0.649489682539683	0.529810714285714	0.966027846118618	0.932769300565733	0.846713554663846	0.972140355218458	0.972140355218458	0.963576262143697	0.534575396825397	0.731058597564697	0.731058597564697	0.731058597564697	0.731058597564697	0.224767714738846	0.224767714738846	0.694160279383555	0.869421709980896	0.814200777084392	0.644120456593141	0.676298636189754	0.676298636189754
GSM1306890	0.277747367548614	0	0	0.422838765991043	0	0.373269961300772	0.392870037052485	0.370469941491121	0.379747799373392	0.37355552356999	0.372394219648822	0.372439459642993	0.396589028135388	0.370161795312702	0.369056320466092	0.376627209146748	0.383580170345219	0.372040624675822	0.402560306313839	0.372984836060826	0.374568449094369	0.372460211454991	0.39635119788143	0.392953844329047	0.376073073448321	0.383260290262714	0.374825076914126	0.418320191782955	0	2.22044604925031e-16	0.256267143943181	0.28764329716062	0.0413206569603863	0.219728396786263	0.262432872268148	0.240623844490292	0.251735603942041	0.276320042519843	0.227431186256464	0.136067509572342	0.200143931552656	0.215694285232676	0.220748533438488	0.421396823619406	0.405585165625422	0.348208214011081	0.340838414751121	0.395796066606851	0.394303594911783	0.340027576213805	0.346605784658947	0.376260513703972	0.379383587591975	0.347073757350726	0.37297240308022	0.349172851072905	0.374207617690475	0.359525800863684	0.277747367548614	2.22044604925031e-16	2.22044604925031e-16	0.362404386846521	0.353201570541879	0.366520522924032	0.358526757764938	0.302463987097286	0.315424380023373	0.344985518963386	0.337071038180529	0.442678174603174	0	0	0.463414285714286	0.477580555555555	0.399559184045413	0.289833175780058	0.0592517805090959	0.207014455573285	0.207014455573285	0.448258032821401	0.485478968253968	0.213434189558029	0.213434189558029	0.213434189558029	0.213434189558029	0.224767714738846	0.224767714738846	0.038931517240879	0.20421217752421	0.127547664672075	0.0328876138644081	0.0732345400427097	0.0732345400427097
GSM1306891	0.965349055720288	1	0	0.248371254201117	0	0.194088212727275	0.241355697993738	0.181149968558458	0.229040726074665	0.217746383405959	0.181464843633345	0.183608796390087	0.250007309783907	0.175547687575367	0.18999517659274	0.214620805148832	0.186336418674479	0.184498561131616	0.244010060285288	0.192431102030879	0.20145474315219	0.223062666157415	0.212565196199677	0.219194338242264	0.222269692776115	0.222775560770902	0.505119740956475	0.653615923724876	0	2.22044604925031e-16	0.320460495859453	0.33926130581036	0.874125973138839	0.339368269272914	0.363312034351034	0.377821006931878	0.35391538521857	0.363013437442224	0.383294618070763	0.459070879298277	0.400211143948423	0.374088029247597	0.383578361271047	0.17679629177961	0.138785240391492	0.231572965541605	0.230089776418575	0.174976556968448	0.156667506643046	0.211407361360168	0.21479123109877	0.179489607037838	0.188999315237178	0.240596535281186	0.216396023708207	0.189592691412832	0.230503983142836	0.210737188705336	0.965349055720288	2.22044604925031e-16	2.22044604925031e-16	0.185383147093868	0.176588478834609	0.18281767118715	0.166459738738088	0.190967358999425	0.196822546524345	0.177974412211336	0.169041106501138	0.343376984126984	1	1	0.42839761904762	0.357438888888889	0.0523718119861048	0.143858174599197	0.561590207595411	0.0208744928933847	0.0208744928933847	0.157943502877197	0.352522222222222	0.213434189558029	0.213434189558029	0.213434189558029	0.213434189558029	0.598687648773193	0.598687648773193	0.0011416622169805	0.00784000505652626	0.00904344796608221	0.0178622425566607	0.00106876918786128	0.00106876918786128
GSM1306892	0.555479985871068	0	0	0.381508804231848	0	0.42471192735541	0.380618719517766	0.42609198367308	0.398355358149784	0.416833795859315	0.42871088380711	0.427239425955864	0.431210401545276	0.433606679350101	0.402438911007408	0.433156898606695	0.421789244429101	0.432915368428725	0.427297355420648	0.434278249786475	0.43347620494701	0.442634014456145	0.423261323719873	0.426179136466451	0.433700245482587	0.428149911829104	0.519343959749867	0.364361825814938	0	1	0.366172834974906	0.38782013821665	0.488191603721839	0.400360118250002	0.429162501742131	0.466342998944534	0.470304548994973	0.458317217883126	0.46740255109871	0.51024300059699	0.491952664326449	0.450411968748188	0.479089621583809	0.364909319134674	0.365499382666669	0.471959862075834	0.465858408025763	0.382788483772212	0.379445555591558	0.450807331892377	0.455473787250583	0.402809948683592	0.406536345446755	0.477338533628459	0.446670631049929	0.434178562654305	0.4628503434837	0.450683711925076	0.555479985871068	1	1	0.420536755679951	0.418678948147387	0.415532856162978	0.408947674463344	0.444659692601589	0.468886908857057	0.425488887672671	0.416512244438549	0.386383333333334	0	0	0.304850793650794	0.4332	0.2184014835603	0.395564117850087	0.338881093358039	0.419164731404644	0.419164731404644	0.262658151889569	0.417814682539683	0.213434189558029	0.213434189558029	0.213434189558029	0.213434189558029	0.598687648773193	0.598687648773193	0.0131714994399634	0.0998308532466171	0.1193789532198	0.0900627581472671	0.018679432588385	0.018679432588385
GSM1955148	0.795307579750883	0	0	0.497654645174917	0	0.422744151638852	0.457861497871849	0.423242776235083	0.448955898672096	0.436852608372527	0.429860473034554	0.426317179562486	0.435912521288441	0.437538349234435	0.438295474170768	0.428564294274153	0.424879018537868	0.44080118742118	0.438882244066364	0.446508879553437	0.450620332901156	0.465151183232051	0.44483711035348	0.440404181816152	0.462884288108687	0.462418074301838	0.536663280635603	0.673476724868312	1	1	0.52018470893268	0.507812629138427	0.708024502494261	0.499533720538947	0.473321071901737	0.448864223789669	0.439079554554427	0.445909611946006	0.450277697414233	0.479377233731224	0.448520187919725	0.464625561453237	0.447157761509879	0.550922680505431	0.559923491984226	0.567252408656497	0.57830487194102	0.540825356185475	0.544153573559825	0.581112522379425	0.571614598954042	0.537479639244721	0.535499777726554	0.568009777512995	0.543635378922308	0.566186212182259	0.537389126844955	0.556537914064612	0.795307579750883	1	1	0.551705507495032	0.555886728360056	0.542832757818709	0.547777221886484	0.57021826344592	0.536786408521253	0.563577366491269	0.575225648347097	0.478026190476191	1	1	0.536191269841269	0.510593650793651	0.99417423752849	0.526521195202456	0.688499392177917	0.650584961891367	0.650584961891367	0.60728162514915	0.508861904761905	0.213434189558029	0.213434189558029	0.213434189558029	0.213434189558029	0.224767714738846	0.224767714738846	0.217045421331198	0.298510244094475	0.277752392875157	0.611753422607027	0.370915019444996	0.370915019444996
GSM1955150	0.0176817995792947	1	1	0.517281369916353	0	0.516858114493797	0.507992409873173	0.519025164771669	0.50825124638294	0.505275364400021	0.520393927695904	0.519376742134005	0.513562926871474	0.519781141883511	0.481883171592818	0.510921027975334	0.52743736470708	0.519987259458481	0.522588762614698	0.519167528283494	0.520351350106567	0.507506553403977	0.538411846100467	0.527455629183545	0.521690020441171	0.533127870969585	0.350783307648725	0.223307034840036	0	2.22044604925031e-16	0.399235999050725	0.425049118541534	0.0171749343124391	0.350615081346772	0.374848081100643	0.328889158890146	0.335415091338688	0.368258525556659	0.316538672215992	0.176027360615576	0.263255407453795	0.31414461306981	0.296819492165264	0.498952801590898	0.474341192335662	0.476336338330833	0.469692829477745	0.508583825294425	0.494267789067635	0.470511444175307	0.475559206736682	0.505839929187758	0.509086640412964	0.479462574691604	0.491740041258705	0.482458362991366	0.489218274947929	0.484809296761208	0.0176817995792947	2.22044604925031e-16	2.22044604925031e-16	0.494303488785262	0.490163500302439	0.498406872976936	0.49056500525343	0.388681590529866	0.438946412046374	0.482713168394013	0.466194697326626	0.48426626984127	1	1	0.453319047619047	0.493334920634921	0.526776537568331	0.556025459729552	0.0744875627962894	0.105141501280536	0.105141501280536	0.539016171898393	0.491957142857143	0.213434189558029	0.213434189558029	0.213434189558029	0.213434189558029	0.224767714738846	0.224767714738846	0.210070845631846	0.453566534933885	0.49403607173794	0.368810903236295	0.279376977287281	0.279376977287281
GSM1955152	0.579519103444641	1	1	0.67143783738466	1	0.678330019522661	0.673911956010003	0.699096544379839	0.671445226188527	0.672436015847264	0.712555835571308	0.70165950134897	0.632050813549369	0.741486444729626	0.710441663531075	0.682016803875884	0.66831720225686	0.73509345495102	0.632911580689916	0.738424360011958	0.734240972612023	0.755952436193091	0.677823262740264	0.669277278214588	0.73630701180651	0.721048261472807	0.783892365523546	0.828021910645283	1	2.22044604925031e-16	0.674718512897619	0.640894409927604	0.756443543207422	0.672713823222944	0.628026144931236	0.616561767016221	0.601694115147063	0.597664127892355	0.625607539335995	0.668855957951071	0.625789651171691	0.643142572754889	0.620221183153471	0.679104869894274	0.709081535497768	0.700336771144834	0.712906449873812	0.672200574286531	0.695447549828724	0.717844311209681	0.705925829635819	0.67194689724087	0.661697804303572	0.700480031536951	0.661257899545803	0.705058176072705	0.653253898747465	0.684763337590556	0.579519103444641	2.22044604925031e-16	2.22044604925031e-16	0.684664638816354	0.698534953090975	0.677903094667664	0.699070584219008	0.720555389381154	0.686830190876701	0.710359263719483	0.73343204958711	0.69422380952381	1	1	0.695168253968253	0.637086111111111	0.979641300654589	0.88468455349846	0.795658880892532	0.84176798919288	0.84176798919288	0.88969139513434	0.611675793650794	0.731058597564697	0.731058597564697	0.731058597564697	0.731058597564697	0.598687648773193	0.598687648773193	0.684558839293819	0.697004849413085	0.716909263014581	0.894373549263287	0.549686406584495	0.549686406584495
GSM1955153	0.898021289388244	0	0	0.372534198983132	0	0.440563250537295	0.410059876519718	0.457587081286306	0.433441891118092	0.450043563324425	0.477059982719397	0.46519919594126	0.449307322054176	0.503230055744551	0.50646462854072	0.474694421833792	0.469038586535464	0.502919835520416	0.452651274220036	0.510696865889751	0.511917083348267	0.539138056759624	0.478556062364112	0.470228091603745	0.523154241893442	0.513338429672469	0.643660653780701	0.806302863510143	0	1	0.399235167055636	0.414102742385212	0.29332040528728	0.417370038760219	0.429989658904468	0.448620189675149	0.454621415074987	0.443926529741262	0.448289421127014	0.485969393466708	0.468377718173288	0.436019866564422	0.459328193205974	0.393111532501446	0.401324628509678	0.567239280082329	0.563755208018361	0.421329059898878	0.421507761460456	0.53922385329006	0.54058184018547	0.434439653608739	0.433955779983033	0.581365468961888	0.49977972475821	0.500479316099633	0.522296619309858	0.519687972335423	0.898021289388244	1	1	0.465783146951809	0.467583487703463	0.448647554208781	0.452374098208365	0.569709801926049	0.544780625912508	0.484897689622911	0.500162181709232	0.397648412698413	0	0	0.49759761904762	0.439833730158731	0.878403576487264	0.627662237306016	0.277457651227589	0.536831945869931	0.536831945869931	0.72399569365525	0.439073015873016	0.444671928882599	0.538385808467865	0.538385808467865	0.5	0.444671928882599	0.444671928882599	0.0103587373098597	0.0932767073042758	0.106799295095924	0.0322062324523139	0.0178079744018767	0.0178079744018767
GSM1955155	0.767852442640318	0	0	0.429850558378177	0	0.436620420763923	0.415330643222516	0.434609820805287	0.418604612311532	0.42503372191259	0.435303974414522	0.434863731487193	0.440310376051052	0.438757314331689	0.426399088484564	0.430768849943284	0.431788741803797	0.438012259287732	0.440326369091688	0.438857792392322	0.438326271172545	0.443875959482622	0.437997960223026	0.43758588060238	0.438474915482748	0.437604440123939	0.503466931485247	0.504025839286165	0	1	0.400530323363075	0.429469513446484	0.317422291363617	0.416021848085856	0.431911224189476	0.441931049060371	0.445634141493533	0.442702621183073	0.440047383724344	0.462294554653968	0.450898331669349	0.432315962217221	0.446453096340171	0.564991999878729	0.580587406668424	0.627927561850217	0.627478152746483	0.572799603100275	0.576960967600186	0.6205438189653	0.619550049377461	0.577233272296345	0.573897140603637	0.629331898105353	0.598723457800528	0.603559465162588	0.606817313806765	0.609843899455073	0.767852442640318	1	1	0.584379882572719	0.585608948358363	0.578787391665135	0.586362332874442	0.63100489682779	0.615408395934856	0.594967155912927	0.598899512656115	0.555726984126984	0	0	0.642892857142858	0.611071031746032	0.478392404383927	0.43278288024123	0.327931911111678	0.769459891612925	0.769459891612925	0.436522859779003	0.618780555555556	0.791391491889954	0.806678652763367	0.806678652763367	0.784843325614929	0.791391491889954	0.791391491889954	0.179885441139831	0.587509867670284	0.586194733032709	0.450772493886202	0.305374592028169	0.305374592028169
GSM1955157	0.999998721936928	1	1	0.937212663599598	1	0.977373429113419	0.92624089333921	0.984967319030515	0.933064902212904	0.949144347504909	0.988041161712339	0.985064458387303	0.92337191359595	0.994951614878527	0.990410507790371	0.966073661733252	0.948057209613136	0.993317374198162	0.915707662042883	0.993812218035643	0.99222421983328	0.99722590763482	0.952698281372838	0.954422484775555	0.991479097886308	0.982944518135467	0.999991695139379	0.999995680846939	1	1	0.898306539451421	0.853613495740865	0.99979296160362	0.924663848901732	0.890884245473156	0.917779105070729	0.901772299468664	0.87803996299762	0.929939041468722	0.983831284319475	0.951529184521032	0.936636040341599	0.935028107248206	0.967906716548535	0.986270683230851	0.983714697571163	0.987936256847902	0.960564143512298	0.97715675031604	0.988915699918765	0.985323817150232	0.960250811537004	0.952096710969447	0.980878501054562	0.963066967901823	0.982381441689047	0.959583666195786	0.976525289627685	0.999998721936928	1	1	0.96927186283932	0.974912699786798	0.964367853972576	0.976307515738436	0.995063388068147	0.985437755669723	0.981553381610838	0.988230329985778	0.845370238095239	1	1	0.891542063492065	0.898192460317462	0.999991410702861	0.999637931679744	0.99834071669387	0.999992327293105	0.999992327293105	0.999787251259794	0.887606746031748	0.791391491889954	0.806678652763367	0.806678652763367	0.784843325614929	0.791391491889954	0.791391491889954	0.999999726318602	0.99997889163118	0.999977355676066	0.999832947309806	0.999999797118711	0.999999797118711
GSM1955159	0.123338190358234	0	0	0.441871861106315	0	0.492635168509874	0.46437253880967	0.48121007082454	0.474117973649068	0.466495399441518	0.466472772188191	0.474633619062441	0.476769118385223	0.452847272970503	0.405014016772971	0.45612183267962	0.463552920143368	0.4495347706285	0.472697756229562	0.443092963219719	0.439278242761577	0.423941043962801	0.454207065875961	0.461024621908649	0.427622737634683	0.430906435000543	0.369852062085453	0.140697695815761	0	2.22044604925031e-16	0.508081731667436	0.5068881665457	0.434158188922175	0.500571541064053	0.494823706218444	0.487036784371677	0.494925717065911	0.490266362740194	0.485308425071393	0.469225573654781	0.485833139045241	0.487879642015925	0.487635832189682	0.496432982199264	0.468360831015454	0.550011080531542	0.549918410894634	0.537418751608011	0.519550877975452	0.556893424995882	0.556481171715715	0.556839730461952	0.561362842112843	0.543073614007243	0.562757586452193	0.564714066624648	0.558792398443843	0.560835733195007	0.123338190358234	2.22044604925031e-16	2.22044604925031e-16	0.566867549860678	0.56687256410336	0.563901825279642	0.554644533591751	0.519799973163151	0.566865529235101	0.565778089335834	0.548426031560489	0.372589285714286	0	0	0.349315873015873	0.36079246031746	0.0309458863647654	0.330591814344383	0.558161217793796	0.0478926250501524	0.0478926250501524	0.164773606594713	0.390613492063492	0.213434189558029	0.213434189558029	0.213434189558029	0.213434189558029	0.224767714738846	0.224767714738846	0.17291312501852	0.406094358737174	0.454296295593889	0.54817318512802	0.32579945331128	0.32579945331128
GSM1955161	0.014721192021491	0	0	0.241807122476131	0	0.200961258539539	0.261885903068766	0.173155531171272	0.253852773793601	0.234003334696137	0.15613077052607	0.169356466778041	0.264225320385004	0.122201031692487	0.126834342785649	0.200540554551534	0.213127144003577	0.129922149494235	0.263947669804412	0.126242777838822	0.132443692756193	0.103046874561688	0.212225634482696	0.216072882071188	0.133136973227585	0.157794735249666	0.0312751574368446	0.0129758333307796	0	2.22044604925031e-16	0.274406997398964	0.307837757417486	0.0852171124921067	0.243036585701303	0.273701759542657	0.248164910596121	0.262882876398366	0.283976834089928	0.234835191578932	0.143404360272241	0.206758162679546	0.232691751982014	0.228440863641248	0.320471631033828	0.263325417139046	0.268522327757589	0.25766034082382	0.350817955118859	0.319039353904799	0.262112352633188	0.272985512063685	0.356428570604661	0.367386353535918	0.268326937083632	0.330433473607763	0.294957413094224	0.326546942209678	0.300782725692798	0.014721192021491	2.22044604925031e-16	2.22044604925031e-16	0.334899930515265	0.324644453881705	0.349118354872854	0.325475736973991	0.200228844232857	0.26067171938778	0.303488268590865	0.277844042650618	0.260890079365079	0	0	0.304861111111111	0.28648253968254	1.33090798671902e-05	0.0356938608637488	0.151620904396646	0.00544956788325365	0.00544956788325365	0.0224225055869349	0.288642063492064	0.213434189558029	0.213434189558029	0.213434189558029	0.213434189558029	0.224767714738846	0.224767714738846	0.00457388722211158	0.0897375772054428	0.106512317235879	0.0625449430633773	0.009680407725623	0.009680407725623
GSM1955163	0.162015620650702	0	0	0.471416620397034	0	0.505642781157277	0.517675323007453	0.499747876357347	0.52267312193028	0.515862825667078	0.490441062463289	0.496254256677569	0.506531624192152	0.474686555036348	0.45565812432508	0.502158039016258	0.501185534634752	0.474465753592235	0.505209024700708	0.468448840016768	0.467442034482442	0.442584057665588	0.493798681736497	0.496101365881102	0.458395836625933	0.467639076376513	0.306286491644963	0.236880730038372	1	2.22044604925031e-16	0.574390727459583	0.547799898847825	0.503101281783795	0.551837213976439	0.5417308235255	0.53518283236034	0.541138390037985	0.535480939939172	0.535126159458746	0.517071561099466	0.535405951502686	0.535964721151517	0.536517125286085	0.465531143665702	0.454416891455466	0.449947004591558	0.443217758879557	0.483087198334848	0.476020048673331	0.445354113232978	0.451071346736101	0.482616226706928	0.486006931054565	0.449991799561789	0.472359439188325	0.462197168319766	0.472917231555544	0.462928462860281	0.162015620650702	2.22044604925031e-16	2.22044604925031e-16	0.476135440367414	0.475548689062691	0.479230229940267	0.47420379098923	0.426876440559745	0.459121164188611	0.468752067896092	0.464098235673764	0.364520634920635	0	0	0.305419841269841	0.31076626984127	0.0244137567599548	0.356980936917199	0.583446975392345	0.14964697748289	0.14964697748289	0.303435087225472	0.332738888888889	0.213434189558029	0.213434189558029	0.213434189558029	0.213434189558029	0.224767714738846	0.224767714738846	0.538488404232508	0.330846722064353	0.362029835349057	0.599253548447675	0.43718672080747	0.43718672080747
GSM1955165	0.0752334287757079	1	1	0.364464042350206	1	0.449387868316981	0.476351315234735	0.433614692075655	0.49639756037332	0.500782477795753	0.421252575386015	0.430376485844701	0.488843537741436	0.396471453534108	0.354579368552846	0.480146949898606	0.438079483518669	0.402373648667132	0.479571930980046	0.399630111981423	0.404505809613604	0.384316218332946	0.449055789660117	0.454018950327095	0.406263842560727	0.420370338127476	0.321583426231343	0.0984509668367031	1	2.22044604925031e-16	0.561332975361214	0.56276557595827	0.586006237924945	0.58388524032002	0.590314085843988	0.606930080022997	0.596433173145643	0.596891277128681	0.612496858263591	0.614852661631568	0.610254899085433	0.609001753401372	0.607209555456175	0.326183453619065	0.280488597336318	0.363269830027991	0.352565902035214	0.393728752027686	0.365765086446908	0.344091704022712	0.354368593115921	0.417099623022978	0.423937847586462	0.370189328314036	0.386569933917313	0.36252057750241	0.395393805681886	0.36899911872014	0.0752334287757079	2.22044604925031e-16	2.22044604925031e-16	0.39017195545657	0.390699651904298	0.409950167412562	0.39971979778817	0.301825137569308	0.3511056563158	0.377768703561993	0.365648678171472	0.507093253968254	1	1	0.539254365079365	0.387785317460318	5.02937343225126e-07	0.25687260598755	0.526188840757692	0.0266041081158719	0.0266041081158719	0.0896156544479271	0.406210714285715	0.731058597564697	0.731058597564697	0.731058597564697	0.731058597564697	0.224767714738846	0.224767714738846	0.987806751366525	0.60725825696929	0.582388733307567	0.498843900765299	0.97242862172164	0.97242862172164
GSM1955167	0.989491386542445	1	1	0.867278695129388	1	0.894946649799677	0.846187279711173	0.912903580456598	0.838719362977379	0.848006410960717	0.920117389366886	0.912292826992416	0.810933398329324	0.945675494499172	0.922649656611989	0.867595921390635	0.84437005187828	0.93710853013469	0.80551454740059	0.938123660529782	0.930170017453468	0.95441741681541	0.849736759948804	0.851045660220665	0.924230513141477	0.898032127257914	0.995921711100778	0.996554722210355	1	1	0.752358370889257	0.716497454948325	0.870588923461612	0.748984202704541	0.712495866224493	0.708943129981126	0.698363835640678	0.689551798098334	0.717811435871217	0.758903955886207	0.724434766700469	0.730748601068355	0.715693530811625	0.899018984503867	0.92768394139538	0.861046085376986	0.876916715740312	0.8786807727202	0.907261531600279	0.88731825126225	0.873545230783319	0.861719857016363	0.848040454893551	0.847149494367595	0.830474873223241	0.875333197488744	0.816499117214208	0.853696162841908	0.989491386542445	1	1	0.854180290844073	0.865868446040178	0.853046403065978	0.880605957492102	0.911965704989006	0.865293598489636	0.877412468569012	0.899360394896214	0.857583333333334	1	1	0.87312142857143	0.869703174603176	0.86165797803956	0.978018930763667	0.882962396383489	0.980419019842831	0.980419019842831	0.988189692328725	0.864673809523812	0.791391491889954	0.806678652763367	0.806678652763367	0.784843325614929	0.791391491889954	0.791391491889954	0.99999752087647	0.997755920204421	0.996717295335837	0.993924578780648	0.999997741344683	0.999997741344683
GSM1955169	0.62363577976736	1	0	0.383362542398648	0	0.430446289299873	0.409104586871508	0.443244473586151	0.411703037507627	0.427312395382599	0.459032751755841	0.449828038338493	0.442887879206506	0.477509194096504	0.474456430489069	0.454992802184405	0.45834027651576	0.478070796180635	0.449693137640506	0.483920910420617	0.485568511622999	0.502026807541385	0.470765178834263	0.461497925032925	0.494322254340749	0.491333826136053	0.548178201117455	0.67044760511587	0	2.22044604925031e-16	0.262570112773012	0.313409195261655	0.111177894685756	0.294364592528581	0.334888707014298	0.355801194130997	0.36415751988518	0.371971755400751	0.348599818193693	0.308690602946564	0.340820764626795	0.335259104502519	0.349403642299111	0.404620206617801	0.399298755833405	0.486231079460062	0.484270769478583	0.416226184135334	0.424435211665567	0.47366127147787	0.474473477352678	0.429710398184616	0.42489335283179	0.493553492050813	0.457712280142831	0.45670674227213	0.466431832175938	0.465861878372746	0.62363577976736	2.22044604925031e-16	2.22044604925031e-16	0.44225285517333	0.44144929564751	0.438850782406622	0.444552997921245	0.466125094911019	0.454633591305748	0.448188815832534	0.454839047053527	0.391544047619048	1	1	0.309332936507937	0.425634523809524	0.0868164983689625	0.555354560354964	0.0917510205583591	0.502150241009914	0.502150241009914	0.672457783046447	0.418632142857143	0.791391491889954	0.806678652763367	0.806678652763367	0.5	0.791391491889954	0.791391491889954	0.115246758031978	0.120216587976102	0.122784648108692	0.247022756865669	0.155343308501136	0.155343308501136
GSM1955171	0.829659326784829	1	1	0.718203002970799	1	0.791186687564066	0.704440045076515	0.809872021883798	0.710518217191071	0.729341841509032	0.8170765446047	0.808626731864575	0.714696939350238	0.849460264150173	0.806850994503266	0.755506237173584	0.741830180755632	0.836892064380258	0.713896954124653	0.837352275239494	0.82624038132352	0.858281136469565	0.749333513044952	0.749195214538403	0.816856924346369	0.788953749296698	0.957507086151451	0.940260718142315	1	1	0.624533395562322	0.604565715739582	0.549005055909151	0.609850588852608	0.60547875967864	0.605681192221093	0.600916643599313	0.603402467110782	0.608222361640915	0.590217665340875	0.598356155624322	0.610555010366281	0.601753214739978	0.774825852310324	0.814194476613053	0.758420249209131	0.769740626602287	0.756907348893191	0.784164724750354	0.779202161766839	0.768293377853236	0.748195155061437	0.738323184950178	0.746511658446152	0.73764140237787	0.769125322117375	0.728193966013351	0.7541545026278	0.829659326784829	1	1	0.751357119593886	0.758518341603093	0.747969768649278	0.766113198965974	0.7882441124413	0.753972355916145	0.76780886226827	0.780520346617423	0.771836111111112	1	1	0.808104365079366	0.80721388888889	0.90121620910609	0.89506687430617	0.593987461189885	0.962570915078045	0.962570915078045	0.912455341084924	0.806250793650795	0.791391491889954	0.806678652763367	0.806678652763367	0.784843325614929	0.791391491889954	0.791391491889954	0.984528956741196	0.965820667134417	0.963335703238517	0.956213423915765	0.990249164385448	0.990249164385448
GSM1955173	0.098689295633868	1	0	0.469498408635966	0	0.394748561874428	0.430680068590699	0.383160877804575	0.429077366930172	0.417154051550684	0.376086024029626	0.38296633102791	0.434657719949031	0.348419408842967	0.348980896123321	0.405496724528542	0.42036453142046	0.356466770370413	0.441552456216778	0.352697960313801	0.359196442820136	0.321996784438529	0.423318046973055	0.42049653997788	0.359386550190819	0.383641812294916	0.151952905248366	0.129727994299948	0	2.22044604925031e-16	0.446007652075505	0.473614778433385	0.214205548492343	0.459381256107592	0.467271869308005	0.46150536985128	0.465163477614942	0.471475520542774	0.457882114567842	0.418899211878787	0.447347919194258	0.456151526741579	0.455062736623936	0.387306128323686	0.350202415999814	0.370743343630962	0.360916962679101	0.402396841355781	0.377612473242113	0.36138433118724	0.37033382533377	0.405000991001869	0.409988777148712	0.375847285230729	0.403683271886464	0.380175006558216	0.404577302605163	0.387730621700976	0.098689295633868	2.22044604925031e-16	2.22044604925031e-16	0.399982801175807	0.392979934689285	0.403893808660443	0.389067849846036	0.319724144556819	0.356822422248228	0.38204174714264	0.364736672647837	0.546015873015873	0	0	0.574696428571429	0.555871825396825	0.990353501597051	0.246292020561711	0.270675616183183	0.212821678943332	0.212821678943332	0.22489854056821	0.553584523809524	0.791391491889954	0.806678652763367	0.806678652763367	0.784843325614929	0.791391491889954	0.791391491889954	0.350246493163445	0.252379056501324	0.259998035111604	0.303448868216362	0.280060484993472	0.280060484993472
GSM1955175	0.895984721239906	1	1	0.865720453468151	1	0.917460041015184	0.839520878290399	0.933338419753316	0.850758526072175	0.873290091280203	0.939527131106379	0.933155426253947	0.845277698842514	0.957905544453207	0.939198307936107	0.898212075319327	0.891057797994613	0.951746125148907	0.84470821798744	0.952059636027977	0.946464184753525	0.961016614364035	0.890274032330954	0.887220517971896	0.94192413269592	0.925343667777584	0.988734025458971	0.989754339462939	1	1	0.782621874362024	0.742653524939205	0.792460919766776	0.795370035496253	0.764383744713952	0.781311845667161	0.773153777115242	0.758539008703104	0.791478810277038	0.826574244223428	0.796468787719472	0.800076533818963	0.789249280337453	0.884526171119643	0.925518337203276	0.900199407647993	0.909079806484089	0.866745678600766	0.89820000506256	0.913493045040976	0.90473452021758	0.863775829061293	0.851226517624723	0.895139191265701	0.866102849273243	0.901710476333412	0.859943399388694	0.888152651382107	0.895984721239906	1	1	0.879712397853822	0.889845545944047	0.87183871815776	0.892059282197625	0.929666213723277	0.905480480541723	0.901377736858784	0.916426927215052	0.785778968253969	1	1	0.816146825396826	0.778996031746033	0.999949980204462	0.98946872779652	0.847579968133027	0.998340068136904	0.998340068136904	0.991792420728344	0.785539682539684	0.791391491889954	0.806678652763367	0.806678652763367	0.784843325614929	0.791391491889954	0.791391491889954	0.999450241309622	0.998324413584332	0.998387982353867	0.992538881863936	0.99930074667783	0.99930074667783
GSM337107	0.259213242328728	0	0	0.261050863482498	0	0.191085729683958	0.27964984835569	0.17382483707325	0.271286069521769	0.249817575476265	0.168088046599214	0.17487985092188	0.262550062559037	0.144612901142148	0.157776920414259	0.220485752151796	0.211822410860377	0.154622714405959	0.261556259139853	0.155710507425941	0.164738286807267	0.147101693654024	0.224099544019797	0.226100129918668	0.174509897551566	0.194379558548205	0.0974842017163897	0.0950906951716785	0	2.22044604925031e-16	0.352213242093955	0.376787044454613	0.368541803449766	0.34017937633433	0.348308243615686	0.323694902138898	0.322449823633833	0.33526336438516	0.318576699434617	0.299352094245716	0.313680939340538	0.317421834634575	0.317531249478573	0.223510917024972	0.177286660115596	0.211075375034635	0.203967380301035	0.236892676307779	0.205966947681413	0.198022348279051	0.205705053631168	0.238182135490977	0.249583150735375	0.21758666583938	0.235710105135913	0.207538853996302	0.240914334532682	0.218360218801783	0.259213242328728	2.22044604925031e-16	2.22044604925031e-16	0.227286169295495	0.220227273653037	0.232764754151785	0.214484131400776	0.165430735299824	0.189612337219414	0.210076932753705	0.199187342597281	0.211252777777778	0	0	0.16124880952381	0.207825396825397	0.00206607534060491	0.0749734819919797	0.332777417627469	0.00768205291043333	0.00768205291043333	0.0645241769987913	0.231269841269841	0.213434189558029	0.213434189558029	0.213434189558029	0.213434189558029	0.224767714738846	0.224767714738846	0.133995107730208	0.0313675758809038	0.0363498931301221	0.104464201642864	0.169531363537172	0.169531363537172
GSM337108	0.108383156501808	0	0	0.232142033709162	0	0.191364274511554	0.26531097071573	0.172291368862288	0.265716876193477	0.24850477938101	0.16413322484563	0.172600888381361	0.264361029946626	0.135217334558677	0.151465424286297	0.218950743049092	0.222103571476156	0.145681261319745	0.26521198772358	0.145014535345451	0.154322733888567	0.127312196918639	0.226635811619953	0.227323750830797	0.16199713868281	0.187044425671515	0.0455381606319447	0.0459615900547309	0	2.22044604925031e-16	0.368260171184411	0.382863444789367	0.396770707317109	0.358504766275483	0.364063368022974	0.349019290052	0.353262929331112	0.359953158477356	0.343875925744655	0.323706777586292	0.340597643735478	0.344290022546992	0.344947182409526	0.205844308397767	0.164955249559085	0.232125841341144	0.222563318810442	0.230598099587121	0.19987194703294	0.216615529705716	0.226148379496592	0.24651677977086	0.258920257656591	0.241093702477821	0.25969180296896	0.229970947977341	0.26544297633464	0.241393018315169	0.108383156501808	2.22044604925031e-16	2.22044604925031e-16	0.251544889359962	0.244441399171223	0.25293309582804	0.230350318089262	0.181310791752082	0.218521301047221	0.233277845133402	0.219749696383784	0.331076587301587	0	0	0.312344444444445	0.369634523809524	0.00711806399883491	0.0673912221701164	0.380278238713528	0.00771003925276734	0.00771003925276734	0.0528480419314889	0.340534126984127	0.213434189558029	0.213434189558029	0.213434189558029	0.213434189558029	0.598687648773193	0.598687648773193	0.095946572875178	0.029673255431896	0.0356565259188391	0.0351672465992597	0.133449880618783	0.133449880618783
GSM337110	0.000366611076256701	0	0	0.15449723881661	0	0.104590920740257	0.177606488207946	0.0834221863755186	0.173427325408308	0.151223178751605	0.0725620756160524	0.0824415458959878	0.189204926365895	0.0445052399712468	0.0566138646702371	0.12266528141371	0.153447129330211	0.0518228767543634	0.198165496652996	0.0492526020630636	0.05572601586263	0.0304669117325336	0.146633358110184	0.144661729117489	0.0579924483411404	0.084858416205779	0.000848500419843989	0.000496209951932907	0	2.22044604925031e-16	0.300500770681201	0.342524988499746	0.0167938910818162	0.283161732883279	0.306989032432855	0.276794856368286	0.294246417491183	0.309258535115468	0.264315786136971	0.167543472613249	0.238949686595238	0.256833482532157	0.260083413338289	0.117263544389102	0.0726802158059715	0.115076042137579	0.0982308018916257	0.137300001183373	0.098528306400635	0.0922129723846399	0.106694070860152	0.147625597201242	0.164560750859276	0.126874335412136	0.161994754637459	0.112442042837182	0.172906260210739	0.132624289293469	0.000366611076256701	2.22044604925031e-16	2.22044604925031e-16	0.141699965479536	0.128020189145898	0.146349988432283	0.116302281930645	0.0566850601204084	0.109134240947226	0.1122694367131	0.0867094925932012	0.215976984126984	0	0	0.141863492063492	0.235647222222222	0.00136856474486739	0.00951250267701675	0.061922156626652	0.000336835148506806	0.000336835148506806	0.00466241621584587	0.259461507936508	0.213434189558029	0.213434189558029	0.213434189558029	0.213434189558029	0.224767714738846	0.224767714738846	0.534631684587601	0.086269379860252	0.104313973777554	0.476341313894291	0.617485416779734	0.617485416779734
GSM337111	1.421872159843e-05	0	0	0.0854371847024556	0	0.0421812760296313	0.100344289943778	0.0310860595759843	0.0944122021473916	0.0777731304013987	0.0264509383373564	0.0311176019018609	0.108745573175155	0.0136709351321484	0.0202427002326241	0.0597671864088802	0.0832712672258272	0.0171236461936413	0.117865717313645	0.0162264504641491	0.0195868791278317	0.00861889058740235	0.0797248310271463	0.0754347301000253	0.0215144803106532	0.0375954738586738	6.23142373040942e-05	3.8107972728873e-05	0	2.22044604925031e-16	0.134741731014971	0.194216039357594	0.000207639186137816	0.119734632938718	0.157868127089382	0.130686157033111	0.149023287757116	0.171110310957202	0.116965329431477	0.0404573266672149	0.0903890837123846	0.106299479128398	0.111377650951604	0.0696147807221264	0.0367888197698369	0.0650609117335714	0.0504950770273249	0.0827452740906708	0.0532596559538923	0.0435535815623598	0.0547370640985485	0.0863679497096865	0.0992365678146516	0.0775849801729237	0.0970471509688643	0.0556311120586676	0.111639675877654	0.0736981393879137	1.421872159843e-05	2.22044604925031e-16	2.22044604925031e-16	0.0761453502203839	0.0658218603242382	0.0815423953925295	0.0605079229320522	0.0221607877009357	0.054904343903596	0.0549280369362387	0.0390525005394882	0.186071031746032	0	0	0.167271825396826	0.20990873015873	0.000151835435895488	0.00240244958810768	0.00234658990701032	0.000126718835498443	0.000126718835498443	0.00123823858032857	0.22711746031746	0.213434189558029	0.213434189558029	0.213434189558029	0.213434189558029	0.224767714738846	0.224767714738846	0.851455758982926	0.0192047128995965	0.0235285107852298	0.856254790864948	0.925391516431928	0.925391516431928
GSM337112	0.000330124691120041	1	0	0.1155327064284	0	0.138489376747061	0.161343415102672	0.118809230860024	0.164365866298585	0.152679479223589	0.108660113911647	0.118496927671934	0.215617562377598	0.0770292761566226	0.0910322548851712	0.142643353945714	0.1993868463075	0.0857726441367577	0.234226132745323	0.0827332634734113	0.0904940269643197	0.0578431139325005	0.192290881717439	0.18553087414519	0.0934093682121253	0.126324742217961	0.00345308105614606	0.00206827823126985	0	2.22044604925031e-16	0.183665448876673	0.228011296607029	0.000651279397733761	0.143977623153948	0.184622994022734	0.152768542952956	0.178540635572569	0.202643721742903	0.135993178511107	0.0428764826435778	0.103609948798345	0.12649527355231	0.129551609952664	0.135003491164961	0.0831568079994689	0.154026993099616	0.133152311114051	0.158344642966418	0.117585687659236	0.124472510974756	0.141769495958472	0.165201920941501	0.184153128862632	0.166973605465042	0.200986526114677	0.140633195189054	0.214072771807803	0.170241293818525	0.000330124691120041	2.22044604925031e-16	2.22044604925031e-16	0.164917250560807	0.145083793056743	0.164666547056888	0.12895339473833	0.0713164683699327	0.140377287766122	0.130627635945895	0.0961477596772767	0.326490079365079	1	1	0.308423015873016	0.324054365079365	1.15020594716933e-06	0.0207712671586099	0.00634641080792045	5.6780680139727e-05	5.6780680139727e-05	0.0182035958795796	0.333975793650794	0.213434189558029	0.213434189558029	0.213434189558029	0.213434189558029	0.224767714738846	0.224767714738846	0.46451275282049	0.072359645436106	0.0871996899727463	0.0223368785592375	0.482904579572967	0.482904579572967
GSM337113	0.754222562752869	0	0	0.469351346817903	0	0.486867897462406	0.488610255555165	0.483543564023603	0.49510654491085	0.491774231919375	0.481610752696902	0.481500350374698	0.47454874820589	0.493011548439534	0.449932177668093	0.474318120640089	0.43883875263096	0.48917880470998	0.464914809443197	0.491979228487487	0.488757107117224	0.517420376549876	0.456236175829262	0.463908691241384	0.490055781173606	0.474382871322194	0.727191853200142	0.587765614374468	0	2.22044604925031e-16	0.556159610278674	0.528847284363075	0.941950039784362	0.540976477713475	0.515271198442886	0.504557175706323	0.488559596972709	0.491265256946448	0.510190876561642	0.571258609320278	0.519216282494824	0.525585418280978	0.508741902738841	0.516937942122252	0.527388915357127	0.52678154985913	0.54475763654922	0.53981226598669	0.544591668289688	0.561143570144726	0.546832540608694	0.554326220759461	0.55269339349279	0.513372401898744	0.530202452884399	0.562172826248723	0.512725331470953	0.536662757290508	0.754222562752869	2.22044604925031e-16	2.22044604925031e-16	0.562051718797007	0.571112878103163	0.562564541320904	0.568580660454448	0.543325256064946	0.515403233206611	0.573283305088749	0.584628877928322	0.315840079365079	0	0	0.308134920634921	0.342948412698413	0.0867646492587733	0.476484165262568	0.873065464204337	0.438648079482216	0.438648079482216	0.363979100633943	0.340346825396825	0.213434189558029	0.213434189558029	0.213434189558029	0.213434189558029	0.224767714738846	0.224767714738846	0.0691439204863874	0.408014180215858	0.445429286671508	0.367432429290006	0.118138295973024	0.118138295973024
GSM337114	0.956266859789652	1	1	0.528389112329029	1	0.567583968663327	0.561288520757769	0.580488143407978	0.557481367351414	0.553596261992298	0.589511327603792	0.581422762017598	0.535976083265716	0.623590787029355	0.58296775056999	0.55614203142458	0.522777059886942	0.613706660470883	0.529791138404114	0.618631176935967	0.610446536544386	0.660773407568969	0.53798101179626	0.54463223933832	0.609564265034324	0.578473254178636	0.898387851263441	0.878035685029672	1	1	0.588174783192997	0.570314820343131	0.931672222747795	0.602815973394081	0.573025391762823	0.578735391713215	0.57044920079147	0.558457005043358	0.585789543322407	0.674274990702172	0.612734434127664	0.596957040886649	0.593865874518366	0.556278868246366	0.564120915984572	0.570065049123975	0.588501886190242	0.558194701239636	0.566189600230606	0.598614178329421	0.583260710491488	0.56238864135483	0.558515532129795	0.558183571082985	0.55103064401584	0.583618600924923	0.540111203107727	0.565123337821678	0.956266859789652	2.22044604925031e-16	2.22044604925031e-16	0.567968257394679	0.576065532672713	0.564735061959906	0.576125373496757	0.614763595475877	0.566951314267502	0.585658357772803	0.601492160356949	0.396953174603175	1	1	0.424215476190476	0.426369444444444	0.0730405089789947	0.624568648529899	0.857185924220537	0.497714226496242	0.497714226496242	0.594051658584164	0.428284920634921	0.791391491889954	0.538385808467865	0.538385808467865	0.784843325614929	0.791391491889954	0.791391491889954	0.154428964995456	0.428881522273439	0.477967167572256	0.468484918381939	0.138675926697541	0.138675926697541
GSM337115	0.00019735466812055	0	0	0.296035483721064	0	0.148501812206155	0.26847754453373	0.122958480629315	0.252630882329446	0.22057915996717	0.109570269410584	0.121713794227983	0.245135460925141	0.0736900676097568	0.0908341252374381	0.174735103087986	0.194717571516509	0.0834387768080926	0.255346698379575	0.0803011536677265	0.0889616877956168	0.0549519334977016	0.201068340247829	0.196504572409105	0.0926945236439448	0.127989733102382	0.00291159356030249	0.00259510029260385	0	2.22044604925031e-16	0.287705352725916	0.309130714876412	0.00558579196462159	0.199644710180823	0.232836528882943	0.171320213794262	0.181160680234445	0.223291530095435	0.155699503721541	0.0464509954270223	0.108139151540633	0.153873765759514	0.13808527453699	0.187245682746847	0.14475366560425	0.0734208279988368	0.0643163433096376	0.176638290785527	0.143591242081147	0.0653212721068901	0.0743052577757004	0.158638521473765	0.171949751389616	0.0772345494654182	0.126458545383355	0.0900496992969458	0.124359830982072	0.0972886721575968	0.00019735466812055	2.22044604925031e-16	2.22044604925031e-16	0.12935227081648	0.118009605986511	0.143670317492054	0.119718489796587	0.0351239965074065	0.0601877424743129	0.0972014309427636	0.081396528276816	0.461936111111111	0	0	0.448114285714286	0.322410317460317	0.543461660244173	0.0167793182893699	0.0281825159575312	0.0176441251842961	0.0176441251842961	0.0240854495469372	0.333955952380952	0.731058597564697	0.731058597564697	0.731058597564697	0.731058597564697	0.224767714738846	0.224767714738846	0.0470018627818361	0.0545995636693875	0.0342187781106542	0.0530675816868932	0.0212301502107739	0.0212301502107739
GSM337102	0.996694217108659	1	1	0.620711899867642	1	0.735698288117051	0.648035815375338	0.763179981011237	0.657092345032492	0.677706517354234	0.778147421498015	0.764222008402622	0.648351200600466	0.826525502843351	0.775005296771581	0.706201916900932	0.672489836900621	0.811634436122137	0.638160424625047	0.815666500409824	0.802431464451735	0.856197026514965	0.675633952593303	0.684338233596509	0.795164421340151	0.747875411206199	0.984800619493292	0.975398457455569	1	2.22044604925031e-16	0.669985059427668	0.630671701901404	0.997201149602179	0.729423459115965	0.684876497763016	0.735934149205331	0.726181865747512	0.687044207834159	0.751379833707194	0.894659296145977	0.807416520243624	0.762858090312642	0.771707599469494	0.704702979365553	0.749959124708829	0.788738644759902	0.812020468288339	0.709655908066231	0.749132213526277	0.822871367635995	0.802970297969312	0.727958516027235	0.714640278544542	0.773972224396836	0.73830054770313	0.797064062933254	0.725317066119112	0.771623408924097	0.996694217108659	2.22044604925031e-16	2.22044604925031e-16	0.759076374698165	0.774839694962579	0.747120901846835	0.772670243389251	0.862100905518129	0.808268257353942	0.796058133252097	0.817679982787663	0.596735317460318	1	1	0.662968253968254	0.676650793650794	0.0393870632656141	0.891670325535858	0.979364693390062	0.891850011034298	0.891850011034298	0.82039370338497	0.663434523809525	0.791391491889954	0.806678652763367	0.806678652763367	0.784843325614929	0.791391491889954	0.791391491889954	0.376000765325392	0.532889893318582	0.581372082478412	0.603054526738884	0.403581546277713	0.403581546277713
GSM337103	0.802692605946117	1	1	0.674477094934048	1	0.678794243561094	0.662727275624644	0.692434541185302	0.649329872971802	0.651914714555298	0.695812339135839	0.690435008641788	0.623221420978542	0.719495797079244	0.6864232869259	0.65840609976373	0.642691623835026	0.708168332456754	0.618763851330459	0.706739663503834	0.696669875656093	0.718173809608125	0.64005660551051	0.642153184359294	0.685639798361029	0.66418961562746	0.81260142485731	0.82012295558482	1	1	0.616868957897871	0.594483834737029	0.839337301346775	0.633478834919714	0.609297817633905	0.624878203035754	0.623275547166152	0.608625856173586	0.631078912790523	0.682299669832874	0.646902230020772	0.640253057780418	0.636043142704602	0.727188281702668	0.764785628062124	0.680101732445285	0.692358165515448	0.700565144670271	0.733557975018875	0.704873988635711	0.69355304989878	0.692645915270378	0.68038062709845	0.669730732361956	0.666228968533188	0.702841370811416	0.654771608155331	0.68116575589438	0.802692605946117	1	1	0.691244471530974	0.702648585149262	0.691854802354237	0.715541481199239	0.729819621196537	0.693207128137327	0.710113494798673	0.732173050019123	0.646288888888889	1	1	0.632545634920635	0.696926190476191	0.522270829971206	0.746616332070545	0.800626562836474	0.92902823977581	0.92902823977581	0.766412568823809	0.686700793650794	0.791391491889954	0.806678652763367	0.806678652763367	0.784843325614929	0.791391491889954	0.791391491889954	0.602970379291757	0.701040791832362	0.692015622562251	0.543676753683232	0.610481468134942	0.610481468134942
GSM337104	0.179668358525194	1	1	0.767161245927255	1	0.760568622383102	0.745902520551092	0.768721576203832	0.747778974049711	0.754291288771435	0.767172505580956	0.765534046935717	0.717059498638989	0.776272079234875	0.746081076057487	0.754461184035284	0.729764409588775	0.769390428255144	0.714064056506059	0.766190484592421	0.76047115756667	0.760758571870671	0.735063023918565	0.7325551936515	0.752619825848082	0.745734254007072	0.695362669615175	0.70865524546894	1	1	0.737552810941894	0.713111528367367	0.501368245409094	0.739235868160856	0.717330161203878	0.711576735670501	0.695584544815381	0.70058234148822	0.71972991734712	0.690647008558476	0.697943672656892	0.728517170281806	0.703946949591582	0.681218480085944	0.71432690411321	0.600029749227903	0.601221942757786	0.674747179593731	0.691119508626508	0.609353807048169	0.607782064571727	0.663902800521029	0.654394000586091	0.598104080239241	0.610713933196448	0.6274938425791	0.60269218978747	0.610601676570508	0.179668358525194	1	1	0.640247776519385	0.649444157848586	0.651967783213554	0.670523221442074	0.59839655861255	0.591879430812303	0.644524222564215	0.664088646762643	0.793167063492064	1	1	0.810149206349207	0.769783333333335	0.998717846455971	0.815373959079152	0.660037381909599	0.959769911380734	0.959769911380734	0.840925853352503	0.761475000000001	0.791391491889954	0.806678652763367	0.806678652763367	0.784843325614929	0.791391491889954	0.791391491889954	0.99896687026443	0.989709666586475	0.986993395479614	0.988661983467522	0.993613399861618	0.993613399861618
GSM337105	0.716304610229109	0	0	0.410398497018693	0	0.338630377550354	0.344921313079253	0.324554915988465	0.33568823647265	0.341784956764602	0.320258718170737	0.325167793214381	0.382305359808842	0.30226361325218	0.336442801817708	0.345968056942298	0.353609088457717	0.31174312734189	0.387280831791411	0.31412516721831	0.323521133617325	0.310194436150068	0.369765483822514	0.36621375712873	0.337105074917143	0.355796674561295	0.244995673581982	0.520698132007711	0	1	0.387016314761099	0.405849279545538	0.39655523535624	0.398652735213546	0.427251332065402	0.44717552385633	0.441469038379453	0.451354081144662	0.44636201596845	0.426121930462927	0.43312079407253	0.441233768469364	0.439594002463518	0.479086710192092	0.490259677506718	0.496703257006552	0.48998131272392	0.446339854826308	0.456691888141827	0.473378739440758	0.479147526639235	0.438120577584453	0.437301477107357	0.510366565912527	0.476462843312499	0.456355626773019	0.489431449788172	0.476454170522464	0.716304610229109	1	1	0.448297173854129	0.440308064309999	0.44452436374671	0.439495994598908	0.460546072954706	0.46310335423793	0.442583706350534	0.440363290078407	0.581315476190476	0	0	0.608711507936508	0.634418650793651	0.966429801068585	0.294938456164613	0.32609396896495	0.889896232196135	0.889896232196135	0.468774187728975	0.633528174603175	0.791391491889954	0.538385808467865	0.538385808467865	0.784843325614929	0.791391491889954	0.791391491889954	0.832765726574238	0.501378677123752	0.41531678108326	0.644372851286558	0.91491652353185	0.91491652353185
GSM337106	0.14342545808357	1	1	0.4893915087536	0	0.460636860077007	0.45736065761726	0.4565735828636	0.451594886785764	0.458453338733791	0.454331429105159	0.457817879283472	0.489980327726327	0.431163557641014	0.444214124333708	0.472728254875251	0.50758166435848	0.438471927349354	0.503213644144443	0.434083066205164	0.440604651101204	0.395150325558968	0.50501838857655	0.493974917301019	0.44052306743484	0.469110955847949	0.146206690596606	0.201530508170548	1	1	0.456792439398469	0.480586493739661	0.0790586873420732	0.47329368429693	0.499391167564158	0.519174138708028	0.528516043040358	0.527074494515503	0.516111149267239	0.472607168829147	0.507192041085836	0.502494050092495	0.51554746455307	0.538899802993821	0.544724677302035	0.555913374455347	0.536219409404962	0.509969049303435	0.509377226189312	0.518362361842061	0.533482685607927	0.505233787303992	0.505841337561426	0.573264537063337	0.545164414010974	0.516108211195023	0.564416294699818	0.542199771148128	0.14342545808357	1	1	0.512368579763023	0.504444863582902	0.50834744153825	0.501385668301543	0.503410304374373	0.538904388619329	0.50400041585575	0.489162889332	0.632935714285714	1	1	0.58105634920635	0.653826984126985	0.968958409284325	0.407375840111594	0.143441129613296	0.874112264653593	0.874112264653593	0.460542859678456	0.678434920634922	0.791391491889954	0.806678652763367	0.806678652763367	0.5	0.791391491889954	0.791391491889954	0.434619709823701	0.395408191440694	0.385247355311926	0.312180944962312	0.60914682791617	0.60914682791617
GSM337109	0.403697683168802	1	1	0.778223314623929	1	0.790498930183346	0.755154727479843	0.805550483443149	0.744033673829198	0.746768133376805	0.806387256845284	0.801154934152967	0.699997587037666	0.833990847554807	0.775916497176273	0.754555080777905	0.731739859727376	0.81907149316209	0.688602059575108	0.816193598259281	0.802088439468805	0.827450599942915	0.72128102677177	0.725395353399336	0.784988067074388	0.755058243794067	0.912523893883063	0.792050880519411	1	1	0.640678016506144	0.595061277935346	0.623242762374835	0.604902229704478	0.584785226765188	0.574283564099974	0.578155663912652	0.570617642748494	0.576490649565894	0.556906930057815	0.573264757826823	0.582507697284794	0.575079956745829	0.834241776156012	0.874195754338988	0.755735564807636	0.767138654015537	0.812927985563924	0.847331252534776	0.780448076300453	0.769375922679528	0.79200585110258	0.779126014093835	0.740270318034474	0.740325975357118	0.781223159891892	0.728403011981275	0.757086485996353	0.403697683168802	1	1	0.769919864896965	0.783759406593472	0.776558080500767	0.805532255048931	0.793057394118529	0.776922360393349	0.791205468662143	0.810947152940181	0.553987301587301	1	1	0.488906349206349	0.559585714285715	0.119187232078217	0.870014547248289	0.748895351999486	0.942598463038323	0.942598463038323	0.815661183331279	0.578117857142857	0.213434189558029	0.213434189558029	0.213434189558029	0.213434189558029	0.224767714738846	0.224767714738846	0.999985148721179	0.940989940376683	0.948935410881933	0.945110001880732	0.999990274265345	0.999990274265345
GSM337116	0.190329415124774	1	1	0.610382767227704	1	0.718118330176665	0.624720492372837	0.731050997551311	0.646968227774561	0.668495071899683	0.729928791157446	0.728025737948386	0.665941605209844	0.738382457694993	0.700251542902122	0.692818516354683	0.711310438117844	0.728059641766198	0.669750580951642	0.720587916065463	0.710620296420738	0.699153655203826	0.689928010845463	0.688521695410724	0.690591516576286	0.683882244731598	0.568080077799536	0.432178419291544	1	2.22044604925031e-16	0.612966540267273	0.601790667713772	0.341966657811085	0.645233985901913	0.64336086526684	0.679708686498516	0.69503427818343	0.670876068026969	0.682465415445337	0.688145178980595	0.696970822724204	0.676289970684814	0.691745833829228	0.606733963428171	0.628958738506788	0.670080450610104	0.663827597220408	0.620090144817425	0.631891254211622	0.663904198270761	0.66691120744831	0.633530002935583	0.629255451247086	0.669773723325564	0.661191279743305	0.665580400572928	0.666279108494336	0.667763066037665	0.190329415124774	2.22044604925031e-16	2.22044604925031e-16	0.65514429565239	0.657618441678554	0.647433269704313	0.65080177755617	0.676264882283214	0.701683244043098	0.662632643664413	0.658459603499028	0.602204761904763	1	1	0.632900396825397	0.570343253968254	0.911168218154299	0.696180686633449	0.470950238976432	0.734110665193418	0.734110665193418	0.612755175838695	0.600248015873016	0.791391491889954	0.806678652763367	0.806678652763367	0.784843325614929	0.791391491889954	0.791391491889954	0.25537959389644	0.753441067029562	0.791271932056232	0.527455857304423	0.283290179442812	0.283290179442812
GSM337117	0.86325657376047	0	0	0.288103280649205	0	0.222838706501866	0.290670604643019	0.206853179363375	0.28556048976577	0.270412663946881	0.20208607330741	0.208342644236209	0.289951101918316	0.178923658768025	0.200108793277339	0.250013254030789	0.244074074671393	0.189301711707237	0.28854863679248	0.190432004493782	0.199435904154262	0.182484286212874	0.251669199925115	0.256060080286617	0.208508929355825	0.225200997761409	0.148881936180655	0.202577570283581	0	2.22044604925031e-16	0.453723578208946	0.476962675196404	0.849734827757153	0.511598919459157	0.496178486627442	0.519760433906444	0.512081069266181	0.49111330429393	0.527937206695749	0.67141020211954	0.578559946452874	0.526853707050572	0.546850819698784	0.280761500975997	0.240362441151105	0.348330987980696	0.341199748932301	0.300146606662066	0.269798426506463	0.326856611656874	0.334068475620524	0.311883724164136	0.320854652995443	0.359887437107911	0.343607123326688	0.318323814791543	0.358344604847843	0.337031012428882	0.86325657376047	1	1	0.317998529293938	0.3119516302743	0.314709933659582	0.300101300940589	0.331844157878603	0.338106336044005	0.31196348173726	0.303094337829076	0.356868253968254	0	0	0.379218253968254	0.382250396825397	0.146822486631319	0.107018241435947	0.69199883229172	0.0836480556689628	0.0836480556689628	0.0841670388744539	0.377368253968254	0.213434189558029	0.213434189558029	0.213434189558029	0.213434189558029	0.598687648773193	0.598687648773193	0.210035449930815	0.145529079139327	0.163581200102732	0.334447076418536	0.345013375242233	0.345013375242233
GSM337118	0.342707472904752	1	1	0.710425185707428	1	0.706363080817726	0.707084204140479	0.720688799157424	0.704683231639613	0.699570560445989	0.724888430979603	0.71919067949218	0.655979834216808	0.748954223732936	0.695880347551378	0.693684983270308	0.663279187710565	0.738350318064302	0.651678547268795	0.737914780763546	0.728597751511287	0.753358860243847	0.671971984992196	0.674057501208405	0.719870829030847	0.698061016057474	0.856236530058005	0.752867125091278	1	1	0.697066960160071	0.643942403179825	0.857733557301376	0.655209045886238	0.619389063681203	0.590916264345658	0.581866329887514	0.588121379706312	0.594415423986704	0.573092511531607	0.580373841132238	0.611921209854074	0.584703109606682	0.629570326985457	0.658949567006503	0.492940806620309	0.508692366836532	0.618375843298743	0.638030354841429	0.534381085060439	0.521663037079375	0.598094572223567	0.59168861088498	0.476103279170701	0.522263365784839	0.555915897832468	0.497019426951348	0.521629236164673	0.342707472904752	2.22044604925031e-16	2.22044604925031e-16	0.571382374461611	0.581958233608522	0.583502914103033	0.598646469972831	0.507260848644491	0.48985630233399	0.576517810873988	0.591869342117991	0.616207142857143	1	1	0.549637698412698	0.489334126984127	0.870144907628206	0.749486680711894	0.845243517194821	0.772161289239798	0.772161289239798	0.714262833050597	0.504841666666667	0.731058597564697	0.731058597564697	0.731058597564697	0.731058597564697	0.224767714738846	0.224767714738846	0.996795664442734	0.869611729586725	0.884408962286617	0.978093492628799	0.97371328789295	0.97371328789295
GSM337119	0.954882521986893	1	1	0.793058122590709	1	0.829696593749556	0.763283295926077	0.843085157479509	0.766281482664209	0.778477374259727	0.845276646019024	0.839414827291332	0.747122037817569	0.875221930952611	0.840553374378316	0.79627332551047	0.757720991320681	0.862152272186884	0.735789825206334	0.862149304666271	0.850332273044681	0.884407062282651	0.765046746609774	0.769593209574107	0.840298363153493	0.808828610573759	0.977918895591724	0.979548468057867	1	1	0.689783528115093	0.667492751103769	0.379517925672333	0.671735001631474	0.669021922346903	0.665321817853562	0.653527610666344	0.654318977037308	0.672037049366611	0.656658288999894	0.662620683625336	0.667367555074239	0.662810341539514	0.822138240000211	0.855452485093584	0.817495099491253	0.823137152382739	0.798094417756598	0.821602679894177	0.821738969580096	0.815173565396025	0.78352982985491	0.774061274152363	0.809721815230751	0.782715502704486	0.80603896681769	0.785244387434574	0.799804090073036	0.954882521986893	1	1	0.78569823075833	0.794473716394246	0.780441886533908	0.80106279708974	0.852615620002613	0.816661680539749	0.805368361122869	0.829078068555477	0.818127777777778	1	1	0.841050793650795	0.843343650793652	0.998140046765988	0.914443543946432	0.582313895267391	0.952870057549898	0.952870057549898	0.947523454956396	0.842282936507937	0.791391491889954	0.806678652763367	0.806678652763367	0.784843325614929	0.791391491889954	0.791391491889954	0.999998605199449	0.998125274607438	0.996961760118086	0.999975080166897	0.999999369289581	0.999999369289581
GSM337120	0.869879603420045	1	1	0.847163101548554	1	0.886386522904705	0.814355660175349	0.90571999628433	0.830683304474813	0.855153896185767	0.913074157460923	0.905576080124103	0.814798658685233	0.935200012443598	0.910096420960965	0.880479813390633	0.860915251419085	0.927155744671776	0.808856302015018	0.926984549466619	0.919528986528904	0.93674695779394	0.854695061105621	0.852782881811233	0.912228918285558	0.891570182998731	0.975237586663225	0.971136689401189	1	1	0.726577483866695	0.69928471590971	0.613155546591105	0.767323849007708	0.753960578189449	0.793206586836958	0.790806168431108	0.765519596098221	0.803648544066192	0.85356034244654	0.824111822186143	0.79791072456046	0.809807545663364	0.811295420845752	0.864709108846626	0.842501226945018	0.845869561082401	0.7982139478311	0.83761316704225	0.841121419021552	0.83572598184221	0.787536542105832	0.771186287866995	0.841417176721392	0.790960791714778	0.82351003668485	0.798944672384646	0.816410071785037	0.869879603420045	1	1	0.794541267987521	0.809435785331335	0.789652274740175	0.81956304838554	0.881890971489007	0.856467030598463	0.825333490272613	0.851270042806662	0.723323412698413	1	1	0.721318650793651	0.657024206349207	0.999885561046533	0.974390345039921	0.669375531122948	0.996160397565582	0.996160397565582	0.97146773410628	0.688199603174603	0.791391491889954	0.806678652763367	0.806678652763367	0.784843325614929	0.791391491889954	0.791391491889954	0.999730317002242	0.975347870222932	0.979711006887013	0.892919710527595	0.998851238993421	0.998851238993421
