	Lasso+Stepglm[both]	SVM	glmBoost+SVM	Ridge	Lasso+SVM	glmBoost+Ridge	Enet[alpha=0.1]	glmBoost+Enet[alpha=0.1]	Enet[alpha=0.2]	Enet[alpha=0.3]	glmBoost+Enet[alpha=0.3]	glmBoost+Enet[alpha=0.2]	Enet[alpha=0.4]	glmBoost+Enet[alpha=0.4]	Lasso+glmBoost	Enet[alpha=0.5]	glmBoost	glmBoost+Enet[alpha=0.5]	Enet[alpha=0.6]	glmBoost+Enet[alpha=0.6]	glmBoost+Enet[alpha=0.7]	glmBoost+Enet[alpha=0.8]	Enet[alpha=0.8]	Enet[alpha=0.9]	Lasso	Enet[alpha=0.7]	glmBoost+Enet[alpha=0.9]	glmBoost+Lasso	Lasso+plsRglm	glmBoost+plsRglm	glmBoost+Stepglm[forward]	Lasso+Stepglm[forward]	RF+SVM	Stepglm[forward]	plsRglm	RF+Ridge	RF+Enet[alpha=0.1]	RF+plsRglm	RF+Stepglm[forward]	RF+Enet[alpha=0.2]	RF+Enet[alpha=0.3]	RF+Enet[alpha=0.6]	RF+Lasso	RF+Enet[alpha=0.7]	RF+Enet[alpha=0.5]	RF+glmBoost	RF+Enet[alpha=0.9]	RF+Enet[alpha=0.4]	RF+Enet[alpha=0.8]	RF+Stepglm[both]	RF+Stepglm[backward]	Stepglm[both]+Ridge	Stepglm[backward]+Ridge	Stepglm[both]+plsRglm	Stepglm[backward]+plsRglm	Stepglm[both]+Enet[alpha=0.9]	Stepglm[backward]+Enet[alpha=0.9]	Stepglm[both]+Enet[alpha=0.1]	Stepglm[backward]+Enet[alpha=0.1]	Stepglm[both]+Enet[alpha=0.8]	Stepglm[backward]+Enet[alpha=0.8]	Stepglm[both]+Enet[alpha=0.2]	Stepglm[backward]+Enet[alpha=0.2]	Stepglm[both]+Lasso	Stepglm[backward]+Lasso	Stepglm[both]+Enet[alpha=0.6]	Stepglm[backward]+Enet[alpha=0.6]	Stepglm[both]+Enet[alpha=0.7]	Stepglm[backward]+Enet[alpha=0.7]	Lasso+Stepglm[backward]	Stepglm[both]	Stepglm[backward]	glmBoost+Stepglm[both]	glmBoost+Stepglm[backward]	Stepglm[both]+Enet[alpha=0.4]	Stepglm[backward]+Enet[alpha=0.4]	Stepglm[both]+Enet[alpha=0.3]	Stepglm[backward]+Enet[alpha=0.3]	Stepglm[both]+glmBoost	Stepglm[backward]+glmBoost	Stepglm[both]+Enet[alpha=0.5]	Stepglm[backward]+Enet[alpha=0.5]	glmBoost+RF	RF	Stepglm[both]+SVM	Stepglm[backward]+SVM	Stepglm[both]+RF	LDA	glmBoost+LDA	RF+LDA	Stepglm[both]+LDA	Stepglm[backward]+LDA	Lasso+LDA	XGBoost	Lasso+XGBoost	glmBoost+XGBoost	RF+XGBoost	Stepglm[both]+XGBoost	Stepglm[backward]+XGBoost	NaiveBayes	Lasso+NaiveBayes	glmBoost+NaiveBayes	RF+NaiveBayes	Stepglm[both]+NaiveBayes	Stepglm[backward]+NaiveBayes
GSM2612096	0.611738237447841	0.551085192907092	0.548460547452945	0.551085192907092	0.622214039018086	0.548460547452945	0.600319830446804	0.548460547452945	0.578332911243119	0.543199198412485	0.548460547452945	0.548460547452945	0.543199198412485	0.548460547452945	0.623675911321138	0.622214039018086	0.548460547452945	0.548460547452945	0.54243655230822	0.548460547452945	0.548460547452945	0.548460547452945	0.54243655230822	0.54243655230822	0.548460547452945	0.54243655230822	0.548460547452945	0.548460547452945	0.622214039018086	0.548460547452945	0.548460547452945	0.622214039018086	0.767999776237018	0.551085192907092	0.551085192907092	0.767999776237018	0.767999776237018	0.767999776237018	0.767999776237018	0.767999776237018	0.783346731743246	0.783346731743246	0.783346731743246	0.783346731743246	0.783346731743246	0.783346731743246	0.783346731743246	0.783346731743246	0.783346731743246	0.827268134114181	0.827268134114181	0.65761834300036	0.65761834300036	0.65761834300036	0.65761834300036	0.65761834300036	0.65761834300036	0.65761834300036	0.65761834300036	0.65761834300036	0.65761834300036	0.65761834300036	0.65761834300036	0.65761834300036	0.65761834300036	0.65761834300036	0.65761834300036	0.65761834300036	0.65761834300036	0.611738237447841	0.65761834300036	0.65761834300036	0.504551575058671	0.504551575058671	0.65761834300036	0.65761834300036	0.65761834300036	0.65761834300036	0.647911490080323	0.647911490080323	0.65761834300036	0.65761834300036	0.762534470786507	0.769468643731132	0.65761834300036	0.65761834300036	0.762534470786507	0.551085192907092	0.548460547452945	0.767999776237018	0.65761834300036	0.65761834300036	0.622214039018086	0.551085192907092	0.622214039018086	0.548460547452945	0.767999776237018	0.65761834300036	0.65761834300036	0.551085192907092	0.622214039018086	0.548460547452945	0.767999776237018	0.65761834300036	0.65761834300036
GSM2612097	0.282344321612504	0.389009426090001	0.449069811215537	0.389009426090001	0.341143198923902	0.449069811215537	0.38776659113961	0.449069811215537	0.440420328099619	0.471310638609725	0.449069811215537	0.449069811215537	0.471310638609725	0.449069811215537	0.321552589041323	0.341143198923902	0.449069811215537	0.449069811215537	0.45108043261652	0.449069811215537	0.449069811215537	0.449069811215537	0.45108043261652	0.45108043261652	0.449069811215537	0.45108043261652	0.449069811215537	0.449069811215537	0.341143198923902	0.449069811215537	0.449069811215537	0.341143198923902	0.421608829906385	0.389009426090001	0.389009426090001	0.421608829906385	0.421608829906385	0.421608829906385	0.421608829906385	0.421608829906385	0.432945207175916	0.432945207175916	0.432945207175916	0.432945207175916	0.432945207175916	0.432945207175916	0.432945207175916	0.432945207175916	0.432945207175916	0.472762569283803	0.472762569283803	0.300126821969549	0.300126821969549	0.300126821969549	0.300126821969549	0.300126821969549	0.300126821969549	0.300126821969549	0.300126821969549	0.300126821969549	0.300126821969549	0.300126821969549	0.300126821969549	0.300126821969549	0.300126821969549	0.300126821969549	0.300126821969549	0.300126821969549	0.300126821969549	0.282344321612504	0.300126821969549	0.300126821969549	0.401596074190267	0.401596074190267	0.300126821969549	0.300126821969549	0.300126821969549	0.300126821969549	0.285448136364651	0.285448136364651	0.300126821969549	0.300126821969549	0.486085730103349	0.451061129238154	0.300126821969549	0.300126821969549	0.486085730103349	0.389009426090001	0.449069811215537	0.421608829906385	0.300126821969549	0.300126821969549	0.341143198923902	0.389009426090001	0.341143198923902	0.449069811215537	0.421608829906385	0.300126821969549	0.300126821969549	0.389009426090001	0.341143198923902	0.449069811215537	0.421608829906385	0.300126821969549	0.300126821969549
GSM2612098	0.191952658005257	0.128371474680505	0.239169231416279	0.128371474680505	0.207321834045925	0.239169231416279	0.135665825280799	0.239169231416279	0.241713811779949	0.24707954064906	0.239169231416279	0.239169231416279	0.24707954064906	0.239169231416279	0.222955993674581	0.207321834045925	0.239169231416279	0.239169231416279	0.255583979314475	0.239169231416279	0.239169231416279	0.239169231416279	0.255583979314475	0.255583979314475	0.239169231416279	0.255583979314475	0.239169231416279	0.239169231416279	0.207321834045925	0.239169231416279	0.239169231416279	0.207321834045925	0.260016712249596	0.128371474680505	0.128371474680505	0.260016712249596	0.260016712249596	0.260016712249596	0.260016712249596	0.260016712249596	0.246932450674225	0.246932450674225	0.246932450674225	0.246932450674225	0.246932450674225	0.246932450674225	0.246932450674225	0.246932450674225	0.246932450674225	0.277068237874946	0.277068237874946	0.175849004754841	0.175849004754841	0.175849004754841	0.175849004754841	0.175849004754841	0.175849004754841	0.175849004754841	0.175849004754841	0.175849004754841	0.175849004754841	0.175849004754841	0.175849004754841	0.175849004754841	0.175849004754841	0.175849004754841	0.175849004754841	0.175849004754841	0.175849004754841	0.191952658005257	0.175849004754841	0.175849004754841	0.281303836215693	0.281303836215693	0.175849004754841	0.175849004754841	0.175849004754841	0.175849004754841	0.228677717714158	0.228677717714158	0.175849004754841	0.175849004754841	0.232411867756622	0.195081381547265	0.175849004754841	0.175849004754841	0.232411867756622	0.128371474680505	0.239169231416279	0.260016712249596	0.175849004754841	0.175849004754841	0.207321834045925	0.128371474680505	0.207321834045925	0.239169231416279	0.260016712249596	0.175849004754841	0.175849004754841	0.128371474680505	0.207321834045925	0.239169231416279	0.260016712249596	0.175849004754841	0.175849004754841
GSM2612099	0.824716670908394	0.7915544827643	0.769711073649681	0.7915544827643	0.824521958406362	0.769711073649681	0.826248288541249	0.769711073649681	0.763729311615172	0.771291576041296	0.769711073649681	0.769711073649681	0.771291576041296	0.769711073649681	0.839746386980308	0.824521958406362	0.769711073649681	0.769711073649681	0.788415602717777	0.769711073649681	0.769711073649681	0.769711073649681	0.788415602717777	0.788415602717777	0.769711073649681	0.788415602717777	0.769711073649681	0.769711073649681	0.824521958406362	0.769711073649681	0.769711073649681	0.824521958406362	0.731656984587964	0.7915544827643	0.7915544827643	0.731656984587964	0.731656984587964	0.731656984587964	0.731656984587964	0.731656984587964	0.682305671448094	0.682305671448094	0.682305671448094	0.682305671448094	0.682305671448094	0.682305671448094	0.682305671448094	0.682305671448094	0.682305671448094	0.732080753345773	0.732080753345773	0.853079783709247	0.853079783709247	0.853079783709247	0.853079783709247	0.853079783709247	0.853079783709247	0.853079783709247	0.853079783709247	0.853079783709247	0.853079783709247	0.853079783709247	0.853079783709247	0.853079783709247	0.853079783709247	0.853079783709247	0.853079783709247	0.853079783709247	0.853079783709247	0.824716670908394	0.853079783709247	0.853079783709247	0.752552427648377	0.752552427648377	0.853079783709247	0.853079783709247	0.853079783709247	0.853079783709247	0.86248030366121	0.86248030366121	0.853079783709247	0.853079783709247	0.501156142059654	0.644225716768114	0.853079783709247	0.853079783709247	0.501156142059653	0.7915544827643	0.769711073649681	0.731656984587964	0.853079783709247	0.853079783709247	0.824521958406362	0.7915544827643	0.824521958406362	0.769711073649681	0.731656984587964	0.853079783709247	0.853079783709247	0.7915544827643	0.824521958406362	0.769711073649681	0.731656984587964	0.853079783709247	0.853079783709247
GSM2612100	0.60334596988845	0.64342012285229	0.632943792256912	0.64342012285229	0.595187215899705	0.632943792256912	0.660012772901356	0.632943792256912	0.637266680181126	0.635907919184201	0.632943792256912	0.632943792256912	0.635907919184201	0.632943792256912	0.617563548459571	0.595187215899705	0.632943792256912	0.632943792256912	0.647413191500464	0.632943792256912	0.632943792256912	0.632943792256912	0.647413191500464	0.647413191500464	0.632943792256912	0.647413191500464	0.632943792256912	0.632943792256912	0.595187215899705	0.632943792256912	0.632943792256912	0.595187215899705	0.622614804919788	0.64342012285229	0.64342012285229	0.622614804919788	0.622614804919788	0.622614804919788	0.622614804919788	0.622614804919788	0.637731622960043	0.637731622960043	0.637731622960043	0.637731622960043	0.637731622960043	0.637731622960043	0.637731622960043	0.637731622960043	0.637731622960043	0.663352199788677	0.663352199788677	0.614232459395136	0.614232459395136	0.614232459395136	0.614232459395136	0.614232459395136	0.614232459395136	0.614232459395136	0.614232459395136	0.614232459395136	0.614232459395136	0.614232459395136	0.614232459395136	0.614232459395136	0.614232459395136	0.614232459395136	0.614232459395136	0.614232459395136	0.614232459395136	0.60334596988845	0.614232459395136	0.614232459395136	0.658283991390577	0.658283991390577	0.614232459395136	0.614232459395136	0.614232459395136	0.614232459395136	0.557952074003443	0.557952074003443	0.614232459395136	0.614232459395136	0.761160347633804	0.629820667508129	0.614232459395136	0.614232459395136	0.761160347633804	0.64342012285229	0.632943792256912	0.622614804919788	0.614232459395136	0.614232459395136	0.595187215899705	0.64342012285229	0.595187215899705	0.632943792256912	0.622614804919788	0.614232459395136	0.614232459395136	0.64342012285229	0.595187215899705	0.632943792256912	0.622614804919788	0.614232459395136	0.614232459395136
GSM2612101	0.73905096145504	0.608117997795444	0.62663437284066	0.608117997795444	0.718869975773886	0.62663437284066	0.588000994328642	0.62663437284066	0.596648047959849	0.601605341072853	0.62663437284066	0.62663437284066	0.601605341072853	0.62663437284066	0.748002797421286	0.718869975773886	0.62663437284066	0.62663437284066	0.627163609586198	0.62663437284066	0.62663437284066	0.62663437284066	0.627163609586198	0.627163609586198	0.62663437284066	0.627163609586198	0.62663437284066	0.62663437284066	0.718869975773886	0.62663437284066	0.62663437284066	0.718869975773886	0.596809580709752	0.608117997795444	0.608117997795444	0.596809580709752	0.596809580709752	0.596809580709752	0.596809580709752	0.596809580709752	0.614744108317923	0.614744108317923	0.614744108317923	0.614744108317923	0.614744108317923	0.614744108317923	0.614744108317923	0.614744108317923	0.614744108317923	0.616441611177131	0.616441611177131	0.693070897517667	0.693070897517667	0.693070897517667	0.693070897517667	0.693070897517667	0.693070897517667	0.693070897517667	0.693070897517667	0.693070897517667	0.693070897517667	0.693070897517667	0.693070897517667	0.693070897517667	0.693070897517667	0.693070897517667	0.693070897517667	0.693070897517667	0.693070897517667	0.73905096145504	0.693070897517667	0.693070897517667	0.598121530591481	0.598121530591481	0.693070897517667	0.693070897517667	0.693070897517667	0.693070897517667	0.764932340249351	0.764932340249351	0.693070897517667	0.693070897517667	0.546328761395872	0.618196791760245	0.693070897517667	0.693070897517667	0.546328761395872	0.608117997795444	0.62663437284066	0.596809580709752	0.693070897517667	0.693070897517667	0.718869975773886	0.608117997795444	0.718869975773886	0.62663437284066	0.596809580709752	0.693070897517667	0.693070897517667	0.608117997795444	0.718869975773886	0.62663437284066	0.596809580709752	0.693070897517667	0.693070897517667
GSM2612102	0.282593496946663	0.183341388134069	0.36575322413515	0.183341388134069	0.203772661105229	0.36575322413515	0.128532851171312	0.36575322413515	0.343478054861311	0.327779724696763	0.36575322413515	0.36575322413515	0.327779724696763	0.36575322413515	0.234722478245766	0.203772661105229	0.36575322413515	0.36575322413515	0.346792032102417	0.36575322413515	0.36575322413515	0.36575322413515	0.346792032102417	0.346792032102417	0.36575322413515	0.346792032102417	0.36575322413515	0.36575322413515	0.203772661105229	0.36575322413515	0.36575322413515	0.203772661105229	0.378888226308644	0.183341388134069	0.183341388134069	0.378888226308644	0.378888226308644	0.378888226308644	0.378888226308644	0.378888226308644	0.391466713340536	0.391466713340536	0.391466713340536	0.391466713340536	0.391466713340536	0.391466713340536	0.391466713340536	0.391466713340536	0.391466713340536	0.406761726069704	0.406761726069704	0.251416515965504	0.251416515965504	0.251416515965504	0.251416515965504	0.251416515965504	0.251416515965504	0.251416515965504	0.251416515965504	0.251416515965504	0.251416515965504	0.251416515965504	0.251416515965504	0.251416515965504	0.251416515965504	0.251416515965504	0.251416515965504	0.251416515965504	0.251416515965504	0.282593496946663	0.251416515965504	0.251416515965504	0.390608792427016	0.390608792427016	0.251416515965504	0.251416515965504	0.251416515965504	0.251416515965504	0.300390984220518	0.300390984220518	0.251416515965504	0.251416515965504	0.526950501095536	0.368698375479676	0.251416515965504	0.251416515965504	0.526950501095535	0.183341388134069	0.36575322413515	0.378888226308644	0.251416515965504	0.251416515965504	0.203772661105229	0.183341388134069	0.203772661105229	0.36575322413515	0.378888226308644	0.251416515965504	0.251416515965504	0.183341388134069	0.203772661105229	0.36575322413515	0.378888226308644	0.251416515965504	0.251416515965504
GSM2612103	0.828116626492836	0.786021548428259	0.739773997581511	0.786021548428259	0.814040714484649	0.739773997581511	0.788724812588106	0.739773997581511	0.733903168545659	0.744506399609293	0.739773997581511	0.739773997581511	0.744506399609293	0.739773997581511	0.804243594238315	0.814040714484649	0.739773997581511	0.739773997581511	0.736052678928	0.739773997581511	0.739773997581511	0.739773997581511	0.736052678928	0.736052678928	0.739773997581511	0.736052678928	0.739773997581511	0.739773997581511	0.814040714484649	0.739773997581511	0.739773997581511	0.814040714484649	0.503441324605657	0.786021548428259	0.786021548428259	0.503441324605657	0.503441324605657	0.503441324605657	0.503441324605657	0.503441324605657	0.52708880837939	0.52708880837939	0.52708880837939	0.52708880837939	0.52708880837939	0.52708880837939	0.52708880837939	0.52708880837939	0.52708880837939	0.64137964242709	0.64137964242709	0.655839501792698	0.655839501792698	0.655839501792698	0.655839501792698	0.655839501792698	0.655839501792698	0.655839501792698	0.655839501792698	0.655839501792698	0.655839501792698	0.655839501792698	0.655839501792698	0.655839501792698	0.655839501792698	0.655839501792698	0.655839501792698	0.655839501792698	0.655839501792698	0.828116626492836	0.655839501792698	0.655839501792698	0.725042454158578	0.725042454158578	0.655839501792698	0.655839501792698	0.655839501792698	0.655839501792698	0.725341733396278	0.725341733396278	0.655839501792698	0.655839501792698	0.451465440461356	0.638932823270105	0.655839501792698	0.655839501792698	0.451465440461356	0.786021548428259	0.739773997581511	0.503441324605657	0.655839501792698	0.655839501792698	0.814040714484649	0.786021548428259	0.814040714484649	0.739773997581511	0.503441324605657	0.655839501792698	0.655839501792698	0.786021548428259	0.814040714484649	0.739773997581511	0.503441324605657	0.655839501792698	0.655839501792698
GSM2612104	0.28315243986053	0.199003010562547	0.498524408227086	0.199003010562547	0.289749510634169	0.498524408227086	0.258947177503991	0.498524408227086	0.491294152054667	0.514992173064394	0.498524408227086	0.498524408227086	0.514992173064394	0.498524408227086	0.296783668819088	0.289749510634169	0.498524408227086	0.498524408227086	0.510536316817027	0.498524408227086	0.498524408227086	0.498524408227086	0.510536316817027	0.510536316817027	0.498524408227086	0.510536316817027	0.498524408227086	0.498524408227086	0.289749510634169	0.498524408227086	0.498524408227086	0.289749510634169	0.452658041039393	0.199003010562547	0.199003010562547	0.452658041039393	0.452658041039393	0.452658041039393	0.452658041039393	0.452658041039393	0.483194400782158	0.483194400782158	0.483194400782158	0.483194400782158	0.483194400782158	0.483194400782158	0.483194400782158	0.483194400782158	0.483194400782158	0.51867213829008	0.51867213829008	0.260613046284825	0.260613046284825	0.260613046284825	0.260613046284825	0.260613046284825	0.260613046284825	0.260613046284825	0.260613046284825	0.260613046284825	0.260613046284825	0.260613046284825	0.260613046284825	0.260613046284825	0.260613046284825	0.260613046284825	0.260613046284825	0.260613046284825	0.260613046284825	0.28315243986053	0.260613046284825	0.260613046284825	0.507831643595445	0.507831643595445	0.260613046284825	0.260613046284825	0.260613046284825	0.260613046284825	0.273101668723968	0.273101668723968	0.260613046284825	0.260613046284825	0.487787231231933	0.491114998430731	0.260613046284825	0.260613046284825	0.487787231231933	0.199003010562547	0.498524408227086	0.452658041039393	0.260613046284825	0.260613046284825	0.289749510634169	0.199003010562547	0.289749510634169	0.498524408227086	0.452658041039393	0.260613046284825	0.260613046284825	0.199003010562547	0.289749510634169	0.498524408227086	0.452658041039393	0.260613046284825	0.260613046284825
GSM2612105	0.50933337560937	0.485453242442648	0.559982808718718	0.485453242442648	0.54571489453456	0.559982808718718	0.520813376553252	0.559982808718718	0.567395800409231	0.569791917182535	0.559982808718718	0.559982808718718	0.569791917182535	0.559982808718718	0.519666249180416	0.54571489453456	0.559982808718718	0.559982808718718	0.554177780970655	0.559982808718718	0.559982808718718	0.559982808718718	0.554177780970655	0.554177780970655	0.559982808718718	0.554177780970655	0.559982808718718	0.559982808718718	0.54571489453456	0.559982808718718	0.559982808718718	0.54571489453456	0.528457367384701	0.485453242442648	0.485453242442648	0.528457367384701	0.528457367384701	0.528457367384701	0.528457367384701	0.528457367384701	0.53478087423314	0.53478087423314	0.53478087423314	0.53478087423314	0.53478087423314	0.53478087423314	0.53478087423314	0.53478087423314	0.53478087423314	0.502058432136778	0.502058432136778	0.486638633452334	0.486638633452334	0.486638633452334	0.486638633452334	0.486638633452334	0.486638633452334	0.486638633452334	0.486638633452334	0.486638633452334	0.486638633452334	0.486638633452334	0.486638633452334	0.486638633452334	0.486638633452334	0.486638633452334	0.486638633452334	0.486638633452334	0.486638633452334	0.50933337560937	0.486638633452334	0.486638633452334	0.536921485725717	0.536921485725717	0.486638633452334	0.486638633452334	0.486638633452334	0.486638633452334	0.514020758324994	0.514020758324994	0.486638633452334	0.486638633452334	0.60403739631642	0.55795291430886	0.486638633452334	0.486638633452334	0.60403739631642	0.485453242442648	0.559982808718718	0.528457367384701	0.486638633452334	0.486638633452334	0.54571489453456	0.485453242442648	0.54571489453456	0.559982808718718	0.528457367384701	0.486638633452334	0.486638633452334	0.485453242442648	0.54571489453456	0.559982808718718	0.528457367384701	0.486638633452334	0.486638633452334
GSM2612106	0.695660926772079	0.631465059350396	0.71295366064277	0.631465059350396	0.732833647172893	0.71295366064277	0.639590183071829	0.71295366064277	0.737254460020761	0.719983691968432	0.71295366064277	0.71295366064277	0.719983691968432	0.71295366064277	0.725861602914743	0.732833647172893	0.71295366064277	0.71295366064277	0.710616097817305	0.71295366064277	0.71295366064277	0.71295366064277	0.710616097817305	0.710616097817305	0.71295366064277	0.710616097817305	0.71295366064277	0.71295366064277	0.732833647172893	0.71295366064277	0.71295366064277	0.732833647172893	0.775138139934205	0.631465059350396	0.631465059350396	0.775138139934205	0.775138139934205	0.775138139934205	0.775138139934205	0.775138139934205	0.775810892811809	0.775810892811809	0.775810892811809	0.775810892811809	0.775810892811809	0.775810892811809	0.775810892811809	0.775810892811809	0.775810892811809	0.753977803419406	0.753977803419406	0.696853674427467	0.696853674427467	0.696853674427467	0.696853674427467	0.696853674427467	0.696853674427467	0.696853674427467	0.696853674427467	0.696853674427467	0.696853674427467	0.696853674427467	0.696853674427467	0.696853674427467	0.696853674427467	0.696853674427467	0.696853674427467	0.696853674427467	0.696853674427467	0.695660926772079	0.696853674427467	0.696853674427467	0.610599959404341	0.610599959404341	0.696853674427467	0.696853674427467	0.696853674427467	0.696853674427467	0.775859304077439	0.775859304077439	0.696853674427467	0.696853674427467	0.777605148369115	0.742941007606673	0.696853674427467	0.696853674427467	0.777605148369115	0.631465059350396	0.71295366064277	0.775138139934205	0.696853674427467	0.696853674427467	0.732833647172893	0.631465059350396	0.732833647172893	0.71295366064277	0.775138139934205	0.696853674427467	0.696853674427467	0.631465059350396	0.732833647172893	0.71295366064277	0.775138139934205	0.696853674427467	0.696853674427467
GSM2612107	0.595853350404456	0.393613095371551	0.613674430804856	0.393613095371551	0.5964828633169	0.613674430804856	0.439055540888861	0.613674430804856	0.61611116781083	0.611090439819806	0.613674430804856	0.613674430804856	0.611090439819806	0.613674430804856	0.599035997092957	0.5964828633169	0.613674430804856	0.613674430804856	0.621951423059699	0.613674430804856	0.613674430804856	0.613674430804856	0.621951423059699	0.621951423059699	0.613674430804856	0.621951423059699	0.613674430804856	0.613674430804856	0.5964828633169	0.613674430804856	0.613674430804856	0.5964828633169	0.728637013490026	0.393613095371551	0.393613095371551	0.728637013490026	0.728637013490026	0.728637013490026	0.728637013490026	0.728637013490026	0.730535739794453	0.730535739794453	0.730535739794453	0.730535739794453	0.730535739794453	0.730535739794453	0.730535739794453	0.730535739794453	0.730535739794453	0.703222012955996	0.703222012955996	0.577262189991863	0.577262189991863	0.577262189991863	0.577262189991863	0.577262189991863	0.577262189991863	0.577262189991863	0.577262189991863	0.577262189991863	0.577262189991863	0.577262189991863	0.577262189991863	0.577262189991863	0.577262189991863	0.577262189991863	0.577262189991863	0.577262189991863	0.577262189991863	0.595853350404456	0.577262189991863	0.577262189991863	0.680064801299078	0.680064801299078	0.577262189991863	0.577262189991863	0.577262189991863	0.577262189991863	0.649532681268194	0.649532681268194	0.577262189991863	0.577262189991863	0.634060142536057	0.683648260355398	0.577262189991863	0.577262189991863	0.634060142536057	0.393613095371551	0.613674430804856	0.728637013490026	0.577262189991863	0.577262189991863	0.5964828633169	0.393613095371551	0.5964828633169	0.613674430804856	0.728637013490026	0.577262189991863	0.577262189991863	0.393613095371551	0.5964828633169	0.613674430804856	0.728637013490026	0.577262189991863	0.577262189991863
GSM2612108	0.53027227017756	0.582074941835784	0.581186541585502	0.582074941835784	0.600923150179663	0.581186541585502	0.579310251173138	0.581186541585502	0.590103994524433	0.600058040657181	0.581186541585502	0.581186541585502	0.600058040657181	0.581186541585502	0.59394181173671	0.600923150179663	0.581186541585502	0.581186541585502	0.594379882590024	0.581186541585502	0.581186541585502	0.581186541585502	0.594379882590024	0.594379882590024	0.581186541585502	0.594379882590024	0.581186541585502	0.581186541585502	0.600923150179663	0.581186541585502	0.581186541585502	0.600923150179663	0.820230941037282	0.582074941835784	0.582074941835784	0.820230941037282	0.820230941037282	0.820230941037282	0.820230941037282	0.820230941037282	0.832613710478054	0.832613710478054	0.832613710478054	0.832613710478054	0.832613710478054	0.832613710478054	0.832613710478054	0.832613710478054	0.832613710478054	0.824850602399147	0.824850602399147	0.507058217946772	0.507058217946772	0.507058217946772	0.507058217946772	0.507058217946772	0.507058217946772	0.507058217946772	0.507058217946772	0.507058217946772	0.507058217946772	0.507058217946772	0.507058217946772	0.507058217946772	0.507058217946772	0.507058217946772	0.507058217946772	0.507058217946772	0.507058217946772	0.53027227017756	0.507058217946772	0.507058217946772	0.5242980564256	0.5242980564256	0.507058217946772	0.507058217946772	0.507058217946772	0.507058217946772	0.507612800430802	0.507612800430802	0.507058217946772	0.507058217946772	0.837615941525677	0.844661758133802	0.507058217946772	0.507058217946772	0.837615941525677	0.582074941835784	0.581186541585502	0.820230941037282	0.507058217946772	0.507058217946772	0.600923150179663	0.582074941835784	0.600923150179663	0.581186541585502	0.820230941037282	0.507058217946772	0.507058217946772	0.582074941835784	0.600923150179663	0.581186541585502	0.820230941037282	0.507058217946772	0.507058217946772
GSM2612109	0.538840920599784	0.342052214490125	0.506490837873614	0.342052214490125	0.430196586698395	0.506490837873614	0.352692102886307	0.506490837873614	0.442846182192362	0.462689060306564	0.506490837873614	0.506490837873614	0.462689060306564	0.506490837873614	0.4794115528124	0.430196586698395	0.506490837873614	0.506490837873614	0.484472763282343	0.506490837873614	0.506490837873614	0.506490837873614	0.484472763282343	0.484472763282343	0.506490837873614	0.484472763282343	0.506490837873614	0.506490837873614	0.430196586698395	0.506490837873614	0.506490837873614	0.430196586698395	0.567579926598366	0.342052214490125	0.342052214490125	0.567579926598366	0.567579926598366	0.567579926598366	0.567579926598366	0.567579926598366	0.565200901510086	0.565200901510086	0.565200901510086	0.565200901510086	0.565200901510086	0.565200901510086	0.565200901510086	0.565200901510086	0.565200901510086	0.648989463598109	0.648989463598109	0.445023579348502	0.445023579348502	0.445023579348502	0.445023579348502	0.445023579348502	0.445023579348502	0.445023579348502	0.445023579348502	0.445023579348502	0.445023579348502	0.445023579348502	0.445023579348502	0.445023579348502	0.445023579348502	0.445023579348502	0.445023579348502	0.445023579348502	0.445023579348502	0.538840920599784	0.445023579348502	0.445023579348502	0.526174467109777	0.526174467109777	0.445023579348502	0.445023579348502	0.445023579348502	0.445023579348502	0.514866997128399	0.514866997128399	0.445023579348502	0.445023579348502	0.477057931282743	0.525265168482068	0.445023579348502	0.445023579348502	0.477057931282743	0.342052214490125	0.506490837873614	0.567579926598366	0.445023579348502	0.445023579348502	0.430196586698395	0.342052214490125	0.430196586698395	0.506490837873614	0.567579926598366	0.445023579348502	0.445023579348502	0.342052214490125	0.430196586698395	0.506490837873614	0.567579926598366	0.445023579348502	0.445023579348502
GSM2612110	0.0625425269295734	0.0279842165878263	0.0499124365951771	0.0279842165878263	0.0579752553544123	0.0499124365951771	0.0439861719836301	0.0499124365951771	0.0635556773139734	0.049762329294443	0.0499124365951771	0.0499124365951771	0.049762329294443	0.0499124365951771	0.0580923561763821	0.0579752553544123	0.0499124365951771	0.0499124365951771	0.0511197567219726	0.0499124365951771	0.0499124365951771	0.0499124365951771	0.0511197567219726	0.0511197567219726	0.0499124365951771	0.0511197567219726	0.0499124365951771	0.0499124365951771	0.0579752553544123	0.0499124365951771	0.0499124365951771	0.0579752553544123	0.134647304273213	0.0279842165878263	0.0279842165878263	0.134647304273213	0.134647304273213	0.134647304273213	0.134647304273213	0.134647304273213	0.153276325537259	0.153276325537259	0.153276325537259	0.153276325537259	0.153276325537259	0.153276325537259	0.153276325537259	0.153276325537259	0.153276325537259	0.219092907849417	0.219092907849417	0.0628451224457109	0.0628451224457109	0.0628451224457109	0.0628451224457109	0.0628451224457109	0.0628451224457109	0.0628451224457109	0.0628451224457109	0.0628451224457109	0.0628451224457109	0.0628451224457109	0.0628451224457109	0.0628451224457109	0.0628451224457109	0.0628451224457109	0.0628451224457109	0.0628451224457109	0.0628451224457109	0.0625425269295734	0.0628451224457109	0.0628451224457109	0.0817171030834515	0.0817171030834515	0.0628451224457109	0.0628451224457109	0.0628451224457109	0.0628451224457109	0.0486216619703445	0.0486216619703445	0.0628451224457109	0.0628451224457109	0.17698079678984	0.165695754771158	0.0628451224457109	0.0628451224457109	0.17698079678984	0.0279842165878263	0.0499124365951771	0.134647304273213	0.0628451224457109	0.0628451224457109	0.0579752553544123	0.0279842165878263	0.0579752553544123	0.0499124365951771	0.134647304273213	0.0628451224457109	0.0628451224457109	0.0279842165878263	0.0579752553544123	0.0499124365951771	0.134647304273213	0.0628451224457109	0.0628451224457109
GSM2612111	0.952789763435445	0.95759280104798	0.961442580696165	0.95759280104798	0.942371683964406	0.961442580696165	0.958003909449402	0.961442580696165	0.964974103924327	0.960410401973049	0.961442580696165	0.961442580696165	0.960410401973049	0.961442580696165	0.949773579191781	0.942371683964406	0.961442580696165	0.961442580696165	0.96228092299351	0.961442580696165	0.961442580696165	0.961442580696165	0.96228092299351	0.96228092299351	0.961442580696165	0.96228092299351	0.961442580696165	0.961442580696165	0.942371683964406	0.961442580696165	0.961442580696165	0.942371683964406	0.95071486062237	0.95759280104798	0.95759280104798	0.95071486062237	0.95071486062237	0.95071486062237	0.95071486062237	0.95071486062237	0.948859858366472	0.948859858366472	0.948859858366472	0.948859858366472	0.948859858366472	0.948859858366472	0.948859858366472	0.948859858366472	0.948859858366472	0.959260061265187	0.959260061265187	0.954647659975023	0.954647659975023	0.954647659975023	0.954647659975023	0.954647659975023	0.954647659975023	0.954647659975023	0.954647659975023	0.954647659975023	0.954647659975023	0.954647659975023	0.954647659975023	0.954647659975023	0.954647659975023	0.954647659975023	0.954647659975023	0.954647659975023	0.954647659975023	0.952789763435445	0.954647659975023	0.954647659975023	0.955614277968877	0.955614277968877	0.954647659975023	0.954647659975023	0.954647659975023	0.954647659975023	0.954206885586413	0.954206885586413	0.954647659975023	0.954647659975023	0.915894886468004	0.945002228918095	0.954647659975023	0.954647659975023	0.915894886468004	0.95759280104798	0.961442580696165	0.95071486062237	0.954647659975023	0.954647659975023	0.942371683964406	0.95759280104798	0.942371683964406	0.961442580696165	0.95071486062237	0.954647659975023	0.954647659975023	0.95759280104798	0.942371683964406	0.961442580696165	0.95071486062237	0.954647659975023	0.954647659975023
GSM2612112	0.266783310421431	0.356583102310735	0.236890728667458	0.356583102310735	0.270253266456722	0.236890728667458	0.269426266197132	0.236890728667458	0.23093506460701	0.230353062191604	0.236890728667458	0.236890728667458	0.230353062191604	0.236890728667458	0.305314983401618	0.270253266456722	0.236890728667458	0.236890728667458	0.245173854427208	0.236890728667458	0.236890728667458	0.236890728667458	0.245173854427208	0.245173854427208	0.236890728667458	0.245173854427208	0.236890728667458	0.236890728667458	0.270253266456722	0.236890728667458	0.236890728667458	0.270253266456722	0.324581697475646	0.356583102310735	0.356583102310735	0.324581697475646	0.324581697475646	0.324581697475646	0.324581697475646	0.324581697475646	0.29853964796934	0.29853964796934	0.29853964796934	0.29853964796934	0.29853964796934	0.29853964796934	0.29853964796934	0.29853964796934	0.29853964796934	0.299965537412787	0.299965537412787	0.215783945208111	0.215783945208111	0.215783945208111	0.215783945208111	0.215783945208111	0.215783945208111	0.215783945208111	0.215783945208111	0.215783945208111	0.215783945208111	0.215783945208111	0.215783945208111	0.215783945208111	0.215783945208111	0.215783945208111	0.215783945208111	0.215783945208111	0.215783945208111	0.266783310421431	0.215783945208111	0.215783945208111	0.292135394818926	0.292135394818926	0.215783945208111	0.215783945208111	0.215783945208111	0.215783945208111	0.267076960456516	0.267076960456516	0.215783945208111	0.215783945208111	0.34263908176504	0.247056132155377	0.215783945208111	0.215783945208111	0.34263908176504	0.356583102310735	0.236890728667458	0.324581697475646	0.215783945208111	0.215783945208111	0.270253266456722	0.356583102310735	0.270253266456722	0.236890728667458	0.324581697475646	0.215783945208111	0.215783945208111	0.356583102310735	0.270253266456722	0.236890728667458	0.324581697475646	0.215783945208111	0.215783945208111
GSM2612113	0.552712779261206	0.44898816185306	0.686095918287014	0.44898816185306	0.543958408632131	0.686095918287014	0.499751882687062	0.686095918287014	0.690280286196711	0.669790113495981	0.686095918287014	0.686095918287014	0.669790113495981	0.686095918287014	0.591087407577979	0.543958408632131	0.686095918287014	0.686095918287014	0.689319763313359	0.686095918287014	0.686095918287014	0.686095918287014	0.689319763313359	0.689319763313359	0.686095918287014	0.689319763313359	0.686095918287014	0.686095918287014	0.543958408632131	0.686095918287014	0.686095918287014	0.543958408632131	0.68160804472832	0.44898816185306	0.44898816185306	0.68160804472832	0.68160804472832	0.68160804472832	0.68160804472832	0.68160804472832	0.635292950010001	0.635292950010001	0.635292950010001	0.635292950010001	0.635292950010001	0.635292950010001	0.635292950010001	0.635292950010001	0.635292950010001	0.47514863100228	0.47514863100228	0.577263377471762	0.577263377471762	0.577263377471762	0.577263377471762	0.577263377471762	0.577263377471762	0.577263377471762	0.577263377471762	0.577263377471762	0.577263377471762	0.577263377471762	0.577263377471762	0.577263377471762	0.577263377471762	0.577263377471762	0.577263377471762	0.577263377471762	0.577263377471762	0.552712779261206	0.577263377471762	0.577263377471762	0.622213623137758	0.622213623137758	0.577263377471762	0.577263377471762	0.577263377471762	0.577263377471762	0.647188180807454	0.647188180807454	0.577263377471762	0.577263377471762	0.814527247796211	0.639984911918899	0.577263377471762	0.577263377471762	0.814527247796211	0.44898816185306	0.686095918287014	0.68160804472832	0.577263377471762	0.577263377471762	0.543958408632131	0.44898816185306	0.543958408632131	0.686095918287014	0.68160804472832	0.577263377471762	0.577263377471762	0.44898816185306	0.543958408632131	0.686095918287014	0.68160804472832	0.577263377471762	0.577263377471762
GSM2612114	0.538091203269477	0.620623650651214	0.319612766789487	0.620623650651214	0.494318482958182	0.319612766789487	0.574308624965057	0.319612766789487	0.284141309680984	0.301985405689391	0.319612766789487	0.319612766789487	0.301985405689391	0.319612766789487	0.485080977507226	0.494318482958182	0.319612766789487	0.319612766789487	0.300073104864345	0.319612766789487	0.319612766789487	0.319612766789487	0.300073104864345	0.300073104864345	0.319612766789487	0.300073104864345	0.319612766789487	0.319612766789487	0.494318482958182	0.319612766789487	0.319612766789487	0.494318482958182	0.20369903386947	0.620623650651214	0.620623650651214	0.20369903386947	0.20369903386947	0.20369903386947	0.20369903386947	0.20369903386947	0.203456932521956	0.203456932521956	0.203456932521956	0.203456932521956	0.203456932521956	0.203456932521956	0.203456932521956	0.203456932521956	0.203456932521956	0.194836313677527	0.194836313677527	0.522166573619417	0.522166573619417	0.522166573619417	0.522166573619417	0.522166573619417	0.522166573619417	0.522166573619417	0.522166573619417	0.522166573619417	0.522166573619417	0.522166573619417	0.522166573619417	0.522166573619417	0.522166573619417	0.522166573619417	0.522166573619417	0.522166573619417	0.522166573619417	0.538091203269477	0.522166573619417	0.522166573619417	0.41464981761975	0.41464981761975	0.522166573619417	0.522166573619417	0.522166573619417	0.522166573619417	0.427432194618863	0.427432194618863	0.522166573619417	0.522166573619417	0.172469386076958	0.222507108968136	0.522166573619417	0.522166573619417	0.172469386076958	0.620623650651214	0.319612766789487	0.20369903386947	0.522166573619417	0.522166573619417	0.494318482958182	0.620623650651214	0.494318482958182	0.319612766789487	0.20369903386947	0.522166573619417	0.522166573619417	0.620623650651214	0.494318482958182	0.319612766789487	0.20369903386947	0.522166573619417	0.522166573619417
GSM2612115	0.759774582165863	0.714534932022625	0.736242897244673	0.714534932022625	0.793049287870199	0.736242897244673	0.732297740422876	0.736242897244673	0.758182018024481	0.760198834542756	0.736242897244673	0.736242897244673	0.760198834542756	0.736242897244673	0.807962470224386	0.793049287870199	0.736242897244673	0.736242897244673	0.77297677602665	0.736242897244673	0.736242897244673	0.736242897244673	0.77297677602665	0.77297677602665	0.736242897244673	0.77297677602665	0.736242897244673	0.736242897244673	0.793049287870199	0.736242897244673	0.736242897244673	0.793049287870199	0.593857475144148	0.714534932022625	0.714534932022625	0.593857475144148	0.593857475144148	0.593857475144148	0.593857475144148	0.593857475144148	0.600194067116906	0.600194067116906	0.600194067116906	0.600194067116906	0.600194067116906	0.600194067116906	0.600194067116906	0.600194067116906	0.600194067116906	0.512936064770898	0.512936064770898	0.627759019046804	0.627759019046804	0.627759019046804	0.627759019046804	0.627759019046804	0.627759019046804	0.627759019046804	0.627759019046804	0.627759019046804	0.627759019046804	0.627759019046804	0.627759019046804	0.627759019046804	0.627759019046804	0.627759019046804	0.627759019046804	0.627759019046804	0.627759019046804	0.759774582165863	0.627759019046804	0.627759019046804	0.864747505996389	0.864747505996389	0.627759019046804	0.627759019046804	0.627759019046804	0.627759019046804	0.676943460389726	0.676943460389726	0.627759019046804	0.627759019046804	0.493914716030498	0.564943145549067	0.627759019046804	0.627759019046804	0.493914716030498	0.714534932022625	0.736242897244673	0.593857475144148	0.627759019046804	0.627759019046804	0.793049287870199	0.714534932022625	0.793049287870199	0.736242897244673	0.593857475144148	0.627759019046804	0.627759019046804	0.714534932022625	0.793049287870199	0.736242897244673	0.593857475144148	0.627759019046804	0.627759019046804
GSM2612116	0.496184575269923	0.377227270630013	0.544257028913499	0.377227270630013	0.424473253314951	0.544257028913499	0.448580196570606	0.544257028913499	0.532324295883552	0.517197485616025	0.544257028913499	0.544257028913499	0.517197485616025	0.544257028913499	0.437224182903197	0.424473253314951	0.544257028913499	0.544257028913499	0.525553879540035	0.544257028913499	0.544257028913499	0.544257028913499	0.525553879540035	0.525553879540035	0.544257028913499	0.525553879540035	0.544257028913499	0.544257028913499	0.424473253314951	0.544257028913499	0.544257028913499	0.424473253314951	0.427863045949339	0.377227270630013	0.377227270630013	0.427863045949339	0.427863045949339	0.427863045949339	0.427863045949339	0.427863045949339	0.446531611460624	0.446531611460624	0.446531611460624	0.446531611460624	0.446531611460624	0.446531611460624	0.446531611460624	0.446531611460624	0.446531611460624	0.383143464729914	0.383143464729914	0.535128983794168	0.535128983794168	0.535128983794168	0.535128983794168	0.535128983794168	0.535128983794168	0.535128983794168	0.535128983794168	0.535128983794168	0.535128983794168	0.535128983794168	0.535128983794168	0.535128983794168	0.535128983794168	0.535128983794168	0.535128983794168	0.535128983794168	0.535128983794168	0.496184575269923	0.535128983794168	0.535128983794168	0.556848961035416	0.556848961035416	0.535128983794168	0.535128983794168	0.535128983794168	0.535128983794168	0.503817898945227	0.503817898945227	0.535128983794168	0.535128983794168	0.576806342242838	0.456412007316797	0.535128983794168	0.535128983794168	0.576806342242838	0.377227270630013	0.544257028913499	0.427863045949339	0.535128983794168	0.535128983794168	0.424473253314951	0.377227270630013	0.424473253314951	0.544257028913499	0.427863045949339	0.535128983794168	0.535128983794168	0.377227270630013	0.424473253314951	0.544257028913499	0.427863045949339	0.535128983794168	0.535128983794168
GSM2612117	0.503202609995194	0.332295993845613	0.377801624820945	0.332295993845613	0.491780246256796	0.377801624820945	0.39918414688148	0.377801624820945	0.359470075889108	0.378312955169145	0.377801624820945	0.377801624820945	0.378312955169145	0.377801624820945	0.510291170694849	0.491780246256796	0.377801624820945	0.377801624820945	0.390058000948532	0.377801624820945	0.377801624820945	0.377801624820945	0.390058000948532	0.390058000948532	0.377801624820945	0.390058000948532	0.377801624820945	0.377801624820945	0.491780246256796	0.377801624820945	0.377801624820945	0.491780246256796	0.263333012177341	0.332295993845613	0.332295993845613	0.263333012177341	0.263333012177341	0.263333012177341	0.263333012177341	0.263333012177341	0.26069472033809	0.26069472033809	0.26069472033809	0.26069472033809	0.26069472033809	0.26069472033809	0.26069472033809	0.26069472033809	0.26069472033809	0.277640370007293	0.277640370007293	0.320960260858461	0.320960260858461	0.320960260858461	0.320960260858461	0.320960260858461	0.320960260858461	0.320960260858461	0.320960260858461	0.320960260858461	0.320960260858461	0.320960260858461	0.320960260858461	0.320960260858461	0.320960260858461	0.320960260858461	0.320960260858461	0.320960260858461	0.320960260858461	0.503202609995194	0.320960260858461	0.320960260858461	0.402392904668271	0.402392904668271	0.320960260858461	0.320960260858461	0.320960260858461	0.320960260858461	0.439998812246344	0.439998812246344	0.320960260858461	0.320960260858461	0.327841544098703	0.268571501571481	0.320960260858461	0.320960260858461	0.327841544098703	0.332295993845613	0.377801624820945	0.263333012177341	0.320960260858461	0.320960260858461	0.491780246256796	0.332295993845613	0.491780246256796	0.377801624820945	0.263333012177341	0.320960260858461	0.320960260858461	0.332295993845613	0.491780246256796	0.377801624820945	0.263333012177341	0.320960260858461	0.320960260858461
GSM2612118	0.72755295319492	0.756536962401932	0.68797167216977	0.756536962401932	0.675074853856122	0.68797167216977	0.721038451718567	0.68797167216977	0.679214653166113	0.679643507737069	0.68797167216977	0.68797167216977	0.679643507737069	0.68797167216977	0.680518443910146	0.675074853856122	0.68797167216977	0.68797167216977	0.677487340098281	0.68797167216977	0.68797167216977	0.68797167216977	0.677487340098281	0.677487340098281	0.68797167216977	0.677487340098281	0.68797167216977	0.68797167216977	0.675074853856122	0.68797167216977	0.68797167216977	0.675074853856122	0.706531256192843	0.756536962401932	0.756536962401932	0.706531256192843	0.706531256192843	0.706531256192843	0.706531256192843	0.706531256192843	0.695877739930374	0.695877739930374	0.695877739930374	0.695877739930374	0.695877739930374	0.695877739930374	0.695877739930374	0.695877739930374	0.695877739930374	0.749468923815612	0.749468923815612	0.768785670574984	0.768785670574984	0.768785670574984	0.768785670574984	0.768785670574984	0.768785670574984	0.768785670574984	0.768785670574984	0.768785670574984	0.768785670574984	0.768785670574984	0.768785670574984	0.768785670574984	0.768785670574984	0.768785670574984	0.768785670574984	0.768785670574984	0.768785670574984	0.72755295319492	0.768785670574984	0.768785670574984	0.731768652864092	0.731768652864092	0.768785670574984	0.768785670574984	0.768785670574984	0.768785670574984	0.744671830656666	0.744671830656666	0.768785670574984	0.768785670574984	0.609955998707709	0.636562836200918	0.768785670574984	0.768785670574984	0.609955998707709	0.756536962401932	0.68797167216977	0.706531256192843	0.768785670574984	0.768785670574984	0.675074853856122	0.756536962401932	0.675074853856122	0.68797167216977	0.706531256192843	0.768785670574984	0.768785670574984	0.756536962401932	0.675074853856122	0.68797167216977	0.706531256192843	0.768785670574984	0.768785670574984
GSM2612119	0.618853745276296	0.443167420585027	0.484645431320696	0.443167420585027	0.539277787872203	0.484645431320696	0.46659671911116	0.484645431320696	0.48779209247791	0.474900001342248	0.484645431320696	0.484645431320696	0.474900001342248	0.484645431320696	0.518885309223714	0.539277787872203	0.484645431320696	0.484645431320696	0.47043563007655	0.484645431320696	0.484645431320696	0.484645431320696	0.47043563007655	0.47043563007655	0.484645431320696	0.47043563007655	0.484645431320696	0.484645431320696	0.539277787872203	0.484645431320696	0.484645431320696	0.539277787872203	0.577455159558156	0.443167420585027	0.443167420585027	0.577455159558156	0.577455159558156	0.577455159558156	0.577455159558156	0.577455159558156	0.563592492106606	0.563592492106606	0.563592492106606	0.563592492106606	0.563592492106606	0.563592492106606	0.563592492106606	0.563592492106606	0.563592492106606	0.484218052791687	0.484218052791687	0.510823364460396	0.510823364460396	0.510823364460396	0.510823364460396	0.510823364460396	0.510823364460396	0.510823364460396	0.510823364460396	0.510823364460396	0.510823364460396	0.510823364460396	0.510823364460396	0.510823364460396	0.510823364460396	0.510823364460396	0.510823364460396	0.510823364460396	0.510823364460396	0.618853745276296	0.510823364460396	0.510823364460396	0.65630606866191	0.65630606866191	0.510823364460396	0.510823364460396	0.510823364460396	0.510823364460396	0.508688428703701	0.508688428703701	0.510823364460396	0.510823364460396	0.693286174513695	0.608126460012827	0.510823364460396	0.510823364460396	0.693286174513696	0.443167420585027	0.484645431320696	0.577455159558156	0.510823364460396	0.510823364460396	0.539277787872203	0.443167420585027	0.539277787872203	0.484645431320696	0.577455159558156	0.510823364460396	0.510823364460396	0.443167420585027	0.539277787872203	0.484645431320696	0.577455159558156	0.510823364460396	0.510823364460396
GSM2612120	0.480286415042855	0.395020687379562	0.695073828807856	0.395020687379562	0.418675306247608	0.695073828807856	0.415497328025279	0.695073828807856	0.663097602140549	0.670554540584679	0.695073828807856	0.695073828807856	0.670554540584679	0.695073828807856	0.4611215364763	0.418675306247608	0.695073828807856	0.695073828807856	0.684206224933669	0.695073828807856	0.695073828807856	0.695073828807856	0.684206224933669	0.684206224933669	0.695073828807856	0.684206224933669	0.695073828807856	0.695073828807856	0.418675306247608	0.695073828807856	0.695073828807856	0.418675306247608	0.654016300602096	0.395020687379562	0.395020687379562	0.654016300602096	0.654016300602096	0.654016300602096	0.654016300602096	0.654016300602096	0.674519472277058	0.674519472277058	0.674519472277058	0.674519472277058	0.674519472277058	0.674519472277058	0.674519472277058	0.674519472277058	0.674519472277058	0.781239572167163	0.781239572167163	0.411433228268214	0.411433228268214	0.411433228268214	0.411433228268214	0.411433228268214	0.411433228268214	0.411433228268214	0.411433228268214	0.411433228268214	0.411433228268214	0.411433228268214	0.411433228268214	0.411433228268214	0.411433228268214	0.411433228268214	0.411433228268214	0.411433228268214	0.411433228268214	0.480286415042855	0.411433228268214	0.411433228268214	0.678643358044394	0.678643358044394	0.411433228268214	0.411433228268214	0.411433228268214	0.411433228268214	0.43727125729911	0.43727125729911	0.411433228268214	0.411433228268214	0.52951837631869	0.687424959445048	0.411433228268214	0.411433228268214	0.52951837631869	0.395020687379562	0.695073828807856	0.654016300602096	0.411433228268214	0.411433228268214	0.418675306247608	0.395020687379562	0.418675306247608	0.695073828807856	0.654016300602096	0.411433228268214	0.411433228268214	0.395020687379562	0.418675306247608	0.695073828807856	0.654016300602096	0.411433228268214	0.411433228268214
GSM2612121	0.0322281688485177	0.0518099979604148	0.0916259647272509	0.0518099979604148	0.0369834214257652	0.0916259647272509	0.0416550060100661	0.0916259647272509	0.0961793251018738	0.0999725618300019	0.0916259647272509	0.0916259647272509	0.0999725618300019	0.0916259647272509	0.0356439530395591	0.0369834214257652	0.0916259647272509	0.0916259647272509	0.0996799164957783	0.0916259647272509	0.0916259647272509	0.0916259647272509	0.0996799164957783	0.0996799164957783	0.0916259647272509	0.0996799164957783	0.0916259647272509	0.0916259647272509	0.0369834214257652	0.0916259647272509	0.0916259647272509	0.0369834214257652	0.2540903333624	0.0518099979604148	0.0518099979604148	0.2540903333624	0.2540903333624	0.2540903333624	0.2540903333624	0.2540903333624	0.231858896540469	0.231858896540469	0.231858896540469	0.231858896540469	0.231858896540469	0.231858896540469	0.231858896540469	0.231858896540469	0.231858896540469	0.307722846785111	0.307722846785111	0.0297005299207924	0.0297005299207924	0.0297005299207924	0.0297005299207924	0.0297005299207924	0.0297005299207924	0.0297005299207924	0.0297005299207924	0.0297005299207924	0.0297005299207924	0.0297005299207924	0.0297005299207924	0.0297005299207924	0.0297005299207924	0.0297005299207924	0.0297005299207924	0.0297005299207924	0.0297005299207924	0.0322281688485177	0.0297005299207924	0.0297005299207924	0.081597345520613	0.081597345520613	0.0297005299207924	0.0297005299207924	0.0297005299207924	0.0297005299207924	0.0372233909146598	0.0372233909146598	0.0297005299207924	0.0297005299207924	0.287905860371584	0.287487129069643	0.0297005299207924	0.0297005299207924	0.287905860371584	0.0518099979604148	0.0916259647272509	0.2540903333624	0.0297005299207924	0.0297005299207924	0.0369834214257652	0.0518099979604148	0.0369834214257652	0.0916259647272509	0.2540903333624	0.0297005299207924	0.0297005299207924	0.0518099979604148	0.0369834214257652	0.0916259647272509	0.2540903333624	0.0297005299207924	0.0297005299207924
GSM2612122	0.801873758187136	0.546713697600216	0.674710204227726	0.546713697600216	0.744451166275562	0.674710204227726	0.622356510966765	0.674710204227726	0.659476094714422	0.644327004152462	0.674710204227726	0.674710204227726	0.644327004152462	0.674710204227726	0.736191309780224	0.744451166275562	0.674710204227726	0.674710204227726	0.645208250249933	0.674710204227726	0.674710204227726	0.674710204227726	0.645208250249933	0.645208250249933	0.674710204227726	0.645208250249933	0.674710204227726	0.674710204227726	0.744451166275562	0.674710204227726	0.674710204227726	0.744451166275562	0.590495781100284	0.546713697600216	0.546713697600216	0.590495781100284	0.590495781100284	0.590495781100284	0.590495781100284	0.590495781100284	0.60792838885636	0.60792838885636	0.60792838885636	0.60792838885636	0.60792838885636	0.60792838885636	0.60792838885636	0.60792838885636	0.60792838885636	0.687205625956261	0.687205625956261	0.694453412883509	0.694453412883509	0.694453412883509	0.694453412883509	0.694453412883509	0.694453412883509	0.694453412883509	0.694453412883509	0.694453412883509	0.694453412883509	0.694453412883509	0.694453412883509	0.694453412883509	0.694453412883509	0.694453412883509	0.694453412883509	0.694453412883509	0.694453412883509	0.801873758187136	0.694453412883509	0.694453412883509	0.697632594683488	0.697632594683488	0.694453412883509	0.694453412883509	0.694453412883509	0.694453412883509	0.765910713025705	0.765910713025705	0.694453412883509	0.694453412883509	0.650155425997241	0.614709934677395	0.694453412883509	0.694453412883509	0.650155425997241	0.546713697600216	0.674710204227726	0.590495781100284	0.694453412883509	0.694453412883509	0.744451166275562	0.546713697600216	0.744451166275562	0.674710204227726	0.590495781100284	0.694453412883509	0.694453412883509	0.546713697600216	0.744451166275562	0.674710204227726	0.590495781100284	0.694453412883509	0.694453412883509
GSM2612123	0.214480482718228	0.232049347739833	0.279436039904145	0.232049347739833	0.247521565856876	0.279436039904145	0.247023157974609	0.279436039904145	0.272848799783121	0.299562090524163	0.279436039904145	0.279436039904145	0.299562090524163	0.279436039904145	0.223466207295009	0.247521565856876	0.279436039904145	0.279436039904145	0.277364126568306	0.279436039904145	0.279436039904145	0.279436039904145	0.277364126568306	0.277364126568306	0.279436039904145	0.277364126568306	0.279436039904145	0.279436039904145	0.247521565856876	0.279436039904145	0.279436039904145	0.247521565856876	0.387194650500626	0.232049347739833	0.232049347739833	0.387194650500626	0.387194650500626	0.387194650500626	0.387194650500626	0.387194650500626	0.385792917288689	0.385792917288689	0.385792917288689	0.385792917288689	0.385792917288689	0.385792917288689	0.385792917288689	0.385792917288689	0.385792917288689	0.285116932046604	0.285116932046604	0.321144873679161	0.321144873679161	0.321144873679161	0.321144873679161	0.321144873679161	0.321144873679161	0.321144873679161	0.321144873679161	0.321144873679161	0.321144873679161	0.321144873679161	0.321144873679161	0.321144873679161	0.321144873679161	0.321144873679161	0.321144873679161	0.321144873679161	0.321144873679161	0.214480482718228	0.321144873679161	0.321144873679161	0.266383571196734	0.266383571196734	0.321144873679161	0.321144873679161	0.321144873679161	0.321144873679161	0.306126573472424	0.306126573472424	0.321144873679161	0.321144873679161	0.403638223153299	0.314466351878436	0.321144873679161	0.321144873679161	0.403638223153298	0.232049347739833	0.279436039904145	0.387194650500626	0.321144873679161	0.321144873679161	0.247521565856876	0.232049347739833	0.247521565856876	0.279436039904145	0.387194650500626	0.321144873679161	0.321144873679161	0.232049347739833	0.247521565856876	0.279436039904145	0.387194650500626	0.321144873679161	0.321144873679161
GSM2612124	0.170196409357199	0.278306164260097	0.217700722954131	0.278306164260097	0.214499985329541	0.217700722954131	0.228591472043869	0.217700722954131	0.216128750133011	0.228346364646355	0.217700722954131	0.217700722954131	0.228346364646355	0.217700722954131	0.189950398672279	0.214499985329541	0.217700722954131	0.217700722954131	0.213716182455123	0.217700722954131	0.217700722954131	0.217700722954131	0.213716182455123	0.213716182455123	0.217700722954131	0.213716182455123	0.217700722954131	0.217700722954131	0.214499985329541	0.217700722954131	0.217700722954131	0.214499985329541	0.309443840101584	0.278306164260097	0.278306164260097	0.309443840101584	0.309443840101584	0.309443840101584	0.309443840101584	0.309443840101584	0.281819543599897	0.281819543599897	0.281819543599897	0.281819543599897	0.281819543599897	0.281819543599897	0.281819543599897	0.281819543599897	0.281819543599897	0.32105989858992	0.32105989858992	0.205917642084668	0.205917642084668	0.205917642084668	0.205917642084668	0.205917642084668	0.205917642084668	0.205917642084668	0.205917642084668	0.205917642084668	0.205917642084668	0.205917642084668	0.205917642084668	0.205917642084668	0.205917642084668	0.205917642084668	0.205917642084668	0.205917642084668	0.205917642084668	0.170196409357199	0.205917642084668	0.205917642084668	0.182644114190042	0.182644114190042	0.205917642084668	0.205917642084668	0.205917642084668	0.205917642084668	0.228183356325043	0.228183356325043	0.205917642084668	0.205917642084668	0.353690427658423	0.258772433023177	0.205917642084668	0.205917642084668	0.353690427658423	0.278306164260097	0.217700722954131	0.309443840101584	0.205917642084668	0.205917642084668	0.214499985329541	0.278306164260097	0.214499985329541	0.217700722954131	0.309443840101584	0.205917642084668	0.205917642084668	0.278306164260097	0.214499985329541	0.217700722954131	0.309443840101584	0.205917642084668	0.205917642084668
GSM2612125	0.782188707048014	0.784087052433608	0.793368423558667	0.784087052433608	0.786960335771461	0.793368423558667	0.732687914903526	0.793368423558667	0.775810077809007	0.779284213691802	0.793368423558667	0.793368423558667	0.779284213691802	0.793368423558667	0.798465460045203	0.786960335771461	0.793368423558667	0.793368423558667	0.787676031121622	0.793368423558667	0.793368423558667	0.793368423558667	0.787676031121622	0.787676031121622	0.793368423558667	0.787676031121622	0.793368423558667	0.793368423558667	0.786960335771461	0.793368423558667	0.793368423558667	0.786960335771461	0.700990071268592	0.784087052433608	0.784087052433608	0.700990071268592	0.700990071268592	0.700990071268592	0.700990071268592	0.700990071268592	0.702998410125204	0.702998410125204	0.702998410125204	0.702998410125204	0.702998410125204	0.702998410125204	0.702998410125204	0.702998410125204	0.702998410125204	0.566030283372341	0.566030283372341	0.708689984892942	0.708689984892942	0.708689984892942	0.708689984892942	0.708689984892942	0.708689984892942	0.708689984892942	0.708689984892942	0.708689984892942	0.708689984892942	0.708689984892942	0.708689984892942	0.708689984892942	0.708689984892942	0.708689984892942	0.708689984892942	0.708689984892942	0.708689984892942	0.782188707048014	0.708689984892942	0.708689984892942	0.800096237057241	0.800096237057241	0.708689984892942	0.708689984892942	0.708689984892942	0.708689984892942	0.773878355338117	0.773878355338117	0.708689984892942	0.708689984892942	0.763671912110113	0.73495537242395	0.708689984892942	0.708689984892942	0.763671912110113	0.784087052433608	0.793368423558667	0.700990071268592	0.708689984892942	0.708689984892942	0.786960335771461	0.784087052433608	0.786960335771461	0.793368423558667	0.700990071268592	0.708689984892942	0.708689984892942	0.784087052433608	0.786960335771461	0.793368423558667	0.700990071268592	0.708689984892942	0.708689984892942
GSM2612126	0.0894161602888726	0.244459702269338	0.0305495787252163	0.244459702269338	0.120793844379694	0.0305495787252163	0.119450801177583	0.0305495787252163	0.0360822259819024	0.037089557911316	0.0305495787252163	0.0305495787252163	0.037089557911316	0.0305495787252163	0.0954763310074184	0.120793844379694	0.0305495787252163	0.0305495787252163	0.0327826874625926	0.0305495787252163	0.0305495787252163	0.0305495787252163	0.0327826874625926	0.0327826874625926	0.0305495787252163	0.0327826874625926	0.0305495787252163	0.0305495787252163	0.120793844379694	0.0305495787252163	0.0305495787252163	0.120793844379694	0.0919540907326766	0.244459702269338	0.244459702269338	0.0919540907326766	0.0919540907326766	0.0919540907326766	0.0919540907326766	0.0919540907326766	0.0895465845542731	0.0895465845542731	0.0895465845542731	0.0895465845542731	0.0895465845542731	0.0895465845542731	0.0895465845542731	0.0895465845542731	0.0895465845542731	0.081081873702032	0.081081873702032	0.0482820071990408	0.0482820071990408	0.0482820071990408	0.0482820071990408	0.0482820071990408	0.0482820071990408	0.0482820071990408	0.0482820071990408	0.0482820071990408	0.0482820071990408	0.0482820071990408	0.0482820071990408	0.0482820071990408	0.0482820071990408	0.0482820071990408	0.0482820071990408	0.0482820071990408	0.0482820071990408	0.0894161602888726	0.0482820071990408	0.0482820071990408	0.043866470222154	0.043866470222154	0.0482820071990408	0.0482820071990408	0.0482820071990408	0.0482820071990408	0.0692695084880582	0.0692695084880582	0.0482820071990408	0.0482820071990408	0.183458370439293	0.104955169908467	0.0482820071990408	0.0482820071990408	0.183458370439293	0.244459702269338	0.0305495787252163	0.0919540907326766	0.0482820071990408	0.0482820071990408	0.120793844379694	0.244459702269338	0.120793844379694	0.0305495787252163	0.0919540907326766	0.0482820071990408	0.0482820071990408	0.244459702269338	0.120793844379694	0.0305495787252163	0.0919540907326766	0.0482820071990408	0.0482820071990408
GSM2612127	0.44268596058926	0.431787120957472	0.456207869452544	0.431787120957472	0.360599448229109	0.456207869452544	0.439767346609223	0.456207869452544	0.412007898534146	0.426631684253616	0.456207869452544	0.456207869452544	0.426631684253616	0.456207869452544	0.386530587106676	0.360599448229109	0.456207869452544	0.456207869452544	0.437997371480372	0.456207869452544	0.456207869452544	0.456207869452544	0.437997371480372	0.437997371480372	0.456207869452544	0.437997371480372	0.456207869452544	0.456207869452544	0.360599448229109	0.456207869452544	0.456207869452544	0.360599448229109	0.481537556455547	0.431787120957472	0.431787120957472	0.481537556455547	0.481537556455547	0.481537556455547	0.481537556455547	0.481537556455547	0.50081035436402	0.50081035436402	0.50081035436402	0.50081035436402	0.50081035436402	0.50081035436402	0.50081035436402	0.50081035436402	0.50081035436402	0.489403633191835	0.489403633191835	0.486958588087009	0.486958588087009	0.486958588087009	0.486958588087009	0.486958588087009	0.486958588087009	0.486958588087009	0.486958588087009	0.486958588087009	0.486958588087009	0.486958588087009	0.486958588087009	0.486958588087009	0.486958588087009	0.486958588087009	0.486958588087009	0.486958588087009	0.486958588087009	0.44268596058926	0.486958588087009	0.486958588087009	0.581865194756998	0.581865194756998	0.486958588087009	0.486958588087009	0.486958588087009	0.486958588087009	0.376598484169938	0.376598484169938	0.486958588087009	0.486958588087009	0.582734386017246	0.491491429171942	0.486958588087009	0.486958588087009	0.582734386017246	0.431787120957472	0.456207869452544	0.481537556455547	0.486958588087009	0.486958588087009	0.360599448229109	0.431787120957472	0.360599448229109	0.456207869452544	0.481537556455547	0.486958588087009	0.486958588087009	0.431787120957472	0.360599448229109	0.456207869452544	0.481537556455547	0.486958588087009	0.486958588087009
GSM2612128	0.384249570642858	0.619434162965543	0.32285615447292	0.619434162965543	0.390056118931638	0.32285615447292	0.525394178262059	0.32285615447292	0.288199026665705	0.309977077820046	0.32285615447292	0.32285615447292	0.309977077820046	0.32285615447292	0.377234188008258	0.390056118931638	0.32285615447292	0.32285615447292	0.308130865470087	0.32285615447292	0.32285615447292	0.32285615447292	0.308130865470087	0.308130865470087	0.32285615447292	0.308130865470087	0.32285615447292	0.32285615447292	0.390056118931638	0.32285615447292	0.32285615447292	0.390056118931638	0.500388183501829	0.619434162965543	0.619434162965543	0.500388183501829	0.500388183501829	0.500388183501829	0.500388183501829	0.500388183501829	0.476827954856637	0.476827954856637	0.476827954856637	0.476827954856637	0.476827954856637	0.476827954856637	0.476827954856637	0.476827954856637	0.476827954856637	0.401724191325019	0.401724191325019	0.465724741737615	0.465724741737615	0.465724741737615	0.465724741737615	0.465724741737615	0.465724741737615	0.465724741737615	0.465724741737615	0.465724741737615	0.465724741737615	0.465724741737615	0.465724741737615	0.465724741737615	0.465724741737615	0.465724741737615	0.465724741737615	0.465724741737615	0.465724741737615	0.384249570642858	0.465724741737615	0.465724741737615	0.383519869702785	0.383519869702785	0.465724741737615	0.465724741737615	0.465724741737615	0.465724741737615	0.365989400408776	0.365989400408776	0.465724741737615	0.465724741737615	0.485772403360099	0.48780443959385	0.465724741737615	0.465724741737615	0.485772403360099	0.619434162965543	0.32285615447292	0.500388183501829	0.465724741737615	0.465724741737615	0.390056118931638	0.619434162965543	0.390056118931638	0.32285615447292	0.500388183501829	0.465724741737615	0.465724741737615	0.619434162965543	0.390056118931638	0.32285615447292	0.500388183501829	0.465724741737615	0.465724741737615
GSM2612129	0.516644321958628	0.455745320262287	0.693597286298407	0.455745320262287	0.522090668897125	0.693597286298407	0.470515575417951	0.693597286298407	0.684063311599875	0.688835417561937	0.693597286298407	0.693597286298407	0.688835417561937	0.693597286298407	0.506079449999411	0.522090668897125	0.693597286298407	0.693597286298407	0.69342704064502	0.693597286298407	0.693597286298407	0.693597286298407	0.69342704064502	0.69342704064502	0.693597286298407	0.69342704064502	0.693597286298407	0.693597286298407	0.522090668897125	0.693597286298407	0.693597286298407	0.522090668897125	0.733430571046169	0.455745320262287	0.455745320262287	0.733430571046169	0.733430571046169	0.733430571046169	0.733430571046169	0.733430571046169	0.721221953680435	0.721221953680435	0.721221953680435	0.721221953680435	0.721221953680435	0.721221953680435	0.721221953680435	0.721221953680435	0.721221953680435	0.686248414028747	0.686248414028747	0.426770914769686	0.426770914769686	0.426770914769686	0.426770914769686	0.426770914769686	0.426770914769686	0.426770914769686	0.426770914769686	0.426770914769686	0.426770914769686	0.426770914769686	0.426770914769686	0.426770914769686	0.426770914769686	0.426770914769686	0.426770914769686	0.426770914769686	0.426770914769686	0.516644321958628	0.426770914769686	0.426770914769686	0.732449354253743	0.732449354253743	0.426770914769686	0.426770914769686	0.426770914769686	0.426770914769686	0.537878114435807	0.537878114435807	0.426770914769686	0.426770914769686	0.645356034551773	0.758529901993927	0.426770914769686	0.426770914769686	0.645356034551773	0.455745320262287	0.693597286298407	0.733430571046169	0.426770914769686	0.426770914769686	0.522090668897125	0.455745320262287	0.522090668897125	0.693597286298407	0.733430571046169	0.426770914769686	0.426770914769686	0.455745320262287	0.522090668897125	0.693597286298407	0.733430571046169	0.426770914769686	0.426770914769686
GSM2612130	0.726373707691856	0.527351960627634	0.761142252066726	0.527351960627634	0.683338094235109	0.761142252066726	0.543129639695916	0.761142252066726	0.751328108537957	0.765452097816405	0.761142252066726	0.761142252066726	0.765452097816405	0.761142252066726	0.648166371296495	0.683338094235109	0.761142252066726	0.761142252066726	0.746535585222385	0.761142252066726	0.761142252066726	0.761142252066726	0.746535585222385	0.746535585222385	0.761142252066726	0.746535585222385	0.761142252066726	0.761142252066726	0.683338094235109	0.761142252066726	0.761142252066726	0.683338094235109	0.640291966040914	0.527351960627634	0.527351960627634	0.640291966040914	0.640291966040914	0.640291966040914	0.640291966040914	0.640291966040914	0.647636114459471	0.647636114459471	0.647636114459471	0.647636114459471	0.647636114459471	0.647636114459471	0.647636114459471	0.647636114459471	0.647636114459471	0.62999017267506	0.62999017267506	0.553599325351263	0.553599325351263	0.553599325351263	0.553599325351263	0.553599325351263	0.553599325351263	0.553599325351263	0.553599325351263	0.553599325351263	0.553599325351263	0.553599325351263	0.553599325351263	0.553599325351263	0.553599325351263	0.553599325351263	0.553599325351263	0.553599325351263	0.553599325351263	0.726373707691856	0.553599325351263	0.553599325351263	0.776550307469716	0.776550307469716	0.553599325351263	0.553599325351263	0.553599325351263	0.553599325351263	0.651648761883579	0.651648761883579	0.553599325351263	0.553599325351263	0.685371579172053	0.707753147989686	0.553599325351263	0.553599325351263	0.685371579172053	0.527351960627634	0.761142252066726	0.640291966040914	0.553599325351263	0.553599325351263	0.683338094235109	0.527351960627634	0.683338094235109	0.761142252066726	0.640291966040914	0.553599325351263	0.553599325351263	0.527351960627634	0.683338094235109	0.761142252066726	0.640291966040914	0.553599325351263	0.553599325351263
GSM2612131	0.842483036109596	0.822049603039612	0.822546481886901	0.822049603039612	0.870573700071891	0.822546481886901	0.83027246146164	0.822546481886901	0.817340870643366	0.815944961728223	0.822546481886901	0.822546481886901	0.815944961728223	0.822546481886901	0.882103999372472	0.870573700071891	0.822546481886901	0.822546481886901	0.832420074093376	0.822546481886901	0.822546481886901	0.822546481886901	0.832420074093376	0.832420074093376	0.822546481886901	0.832420074093376	0.822546481886901	0.822546481886901	0.870573700071891	0.822546481886901	0.822546481886901	0.870573700071891	0.851834785025923	0.822049603039612	0.822049603039612	0.851834785025923	0.851834785025923	0.851834785025923	0.851834785025923	0.851834785025923	0.861324269176484	0.861324269176484	0.861324269176484	0.861324269176484	0.861324269176484	0.861324269176484	0.861324269176484	0.861324269176484	0.861324269176484	0.844068796927247	0.844068796927247	0.839289614107451	0.839289614107451	0.839289614107451	0.839289614107451	0.839289614107451	0.839289614107451	0.839289614107451	0.839289614107451	0.839289614107451	0.839289614107451	0.839289614107451	0.839289614107451	0.839289614107451	0.839289614107451	0.839289614107451	0.839289614107451	0.839289614107451	0.839289614107451	0.842483036109596	0.839289614107451	0.839289614107451	0.703657301240022	0.703657301240022	0.839289614107451	0.839289614107451	0.839289614107451	0.839289614107451	0.87303094256607	0.87303094256607	0.839289614107451	0.839289614107451	0.844070829480478	0.879447769528531	0.839289614107451	0.839289614107451	0.844070829480478	0.822049603039612	0.822546481886901	0.851834785025923	0.839289614107451	0.839289614107451	0.870573700071891	0.822049603039612	0.870573700071891	0.822546481886901	0.851834785025923	0.839289614107451	0.839289614107451	0.822049603039612	0.870573700071891	0.822546481886901	0.851834785025923	0.839289614107451	0.839289614107451
GSM2612132	0.836571453609406	0.855398520937074	0.713710504556117	0.855398520937074	0.833014955086691	0.713710504556117	0.885740137259889	0.713710504556117	0.725334477136663	0.709716860804039	0.713710504556117	0.713710504556117	0.709716860804039	0.713710504556117	0.83240680258563	0.833014955086691	0.713710504556117	0.713710504556117	0.712915296843235	0.713710504556117	0.713710504556117	0.713710504556117	0.712915296843235	0.712915296843235	0.713710504556117	0.712915296843235	0.713710504556117	0.713710504556117	0.833014955086691	0.713710504556117	0.713710504556117	0.833014955086691	0.704585818130637	0.855398520937074	0.855398520937074	0.704585818130637	0.704585818130637	0.704585818130637	0.704585818130637	0.704585818130637	0.663349351801423	0.663349351801423	0.663349351801423	0.663349351801423	0.663349351801423	0.663349351801423	0.663349351801423	0.663349351801423	0.663349351801423	0.77086372737893	0.77086372737893	0.881867808980078	0.881867808980078	0.881867808980078	0.881867808980078	0.881867808980078	0.881867808980078	0.881867808980078	0.881867808980078	0.881867808980078	0.881867808980078	0.881867808980078	0.881867808980078	0.881867808980078	0.881867808980078	0.881867808980078	0.881867808980078	0.881867808980078	0.881867808980078	0.836571453609406	0.881867808980078	0.881867808980078	0.690869450976418	0.690869450976418	0.881867808980078	0.881867808980078	0.881867808980078	0.881867808980078	0.846319812777561	0.846319812777561	0.881867808980078	0.881867808980078	0.606025594393192	0.646520028815478	0.881867808980078	0.881867808980078	0.606025594393192	0.855398520937074	0.713710504556117	0.704585818130637	0.881867808980078	0.881867808980078	0.833014955086691	0.855398520937074	0.833014955086691	0.713710504556117	0.704585818130637	0.881867808980078	0.881867808980078	0.855398520937074	0.833014955086691	0.713710504556117	0.704585818130637	0.881867808980078	0.881867808980078
GSM2612133	0.517902106196561	0.581561436271024	0.463170136621793	0.581561436271024	0.506411841212167	0.463170136621793	0.598574938766793	0.463170136621793	0.437162943466989	0.457395181823001	0.463170136621793	0.463170136621793	0.457395181823001	0.463170136621793	0.533607220851054	0.506411841212167	0.463170136621793	0.463170136621793	0.470603526335046	0.463170136621793	0.463170136621793	0.463170136621793	0.470603526335046	0.470603526335046	0.463170136621793	0.470603526335046	0.463170136621793	0.463170136621793	0.506411841212167	0.463170136621793	0.463170136621793	0.506411841212167	0.464590803321198	0.581561436271024	0.581561436271024	0.464590803321198	0.464590803321198	0.464590803321198	0.464590803321198	0.464590803321198	0.491236858281672	0.491236858281672	0.491236858281672	0.491236858281672	0.491236858281672	0.491236858281672	0.491236858281672	0.491236858281672	0.491236858281672	0.423584890422437	0.423584890422437	0.538910751768981	0.538910751768981	0.538910751768981	0.538910751768981	0.538910751768981	0.538910751768981	0.538910751768981	0.538910751768981	0.538910751768981	0.538910751768981	0.538910751768981	0.538910751768981	0.538910751768981	0.538910751768981	0.538910751768981	0.538910751768981	0.538910751768981	0.538910751768981	0.517902106196561	0.538910751768981	0.538910751768981	0.467568074351979	0.467568074351979	0.538910751768981	0.538910751768981	0.538910751768981	0.538910751768981	0.466342551834744	0.466342551834744	0.538910751768981	0.538910751768981	0.481332254425158	0.550657905524472	0.538910751768981	0.538910751768981	0.481332254425158	0.581561436271024	0.463170136621793	0.464590803321198	0.538910751768981	0.538910751768981	0.506411841212167	0.581561436271024	0.506411841212167	0.463170136621793	0.464590803321198	0.538910751768981	0.538910751768981	0.581561436271024	0.506411841212167	0.463170136621793	0.464590803321198	0.538910751768981	0.538910751768981
GSM2612134	0.478842005162693	0.379249859082545	0.558990931262281	0.379249859082545	0.451488558888084	0.558990931262281	0.412133332713405	0.558990931262281	0.588578229104646	0.575970054621784	0.558990931262281	0.558990931262281	0.575970054621784	0.558990931262281	0.433490025274193	0.451488558888084	0.558990931262281	0.558990931262281	0.56055438398125	0.558990931262281	0.558990931262281	0.558990931262281	0.56055438398125	0.56055438398125	0.558990931262281	0.56055438398125	0.558990931262281	0.558990931262281	0.451488558888084	0.558990931262281	0.558990931262281	0.451488558888084	0.602885269655827	0.379249859082545	0.379249859082545	0.602885269655827	0.602885269655827	0.602885269655827	0.602885269655827	0.602885269655827	0.615777151732719	0.615777151732719	0.615777151732719	0.615777151732719	0.615777151732719	0.615777151732719	0.615777151732719	0.615777151732719	0.615777151732719	0.70055106913972	0.70055106913972	0.464020239971732	0.464020239971732	0.464020239971732	0.464020239971732	0.464020239971732	0.464020239971732	0.464020239971732	0.464020239971732	0.464020239971732	0.464020239971732	0.464020239971732	0.464020239971732	0.464020239971732	0.464020239971732	0.464020239971732	0.464020239971732	0.464020239971732	0.464020239971732	0.478842005162693	0.464020239971732	0.464020239971732	0.630976786088033	0.630976786088033	0.464020239971732	0.464020239971732	0.464020239971732	0.464020239971732	0.455432600070583	0.455432600070583	0.464020239971732	0.464020239971732	0.570324121412584	0.59822883147028	0.464020239971732	0.464020239971732	0.570324121412583	0.379249859082545	0.558990931262281	0.602885269655827	0.464020239971732	0.464020239971732	0.451488558888084	0.379249859082545	0.451488558888084	0.558990931262281	0.602885269655827	0.464020239971732	0.464020239971732	0.379249859082545	0.451488558888084	0.558990931262281	0.602885269655827	0.464020239971732	0.464020239971732
GSM2612135	0.916509130516013	0.931175781238261	0.85830415650678	0.931175781238261	0.938511474116307	0.85830415650678	0.956043741026441	0.85830415650678	0.859606270036068	0.857152365062025	0.85830415650678	0.85830415650678	0.857152365062025	0.85830415650678	0.92493854127555	0.938511474116307	0.85830415650678	0.85830415650678	0.852395074603257	0.85830415650678	0.85830415650678	0.85830415650678	0.852395074603257	0.852395074603257	0.85830415650678	0.852395074603257	0.85830415650678	0.85830415650678	0.938511474116307	0.85830415650678	0.85830415650678	0.938511474116307	0.723887268878873	0.931175781238261	0.931175781238261	0.723887268878873	0.723887268878873	0.723887268878873	0.723887268878873	0.723887268878873	0.694861571941159	0.694861571941159	0.694861571941159	0.694861571941159	0.694861571941159	0.694861571941159	0.694861571941159	0.694861571941159	0.694861571941159	0.666985856285117	0.666985856285117	0.916125719108943	0.916125719108943	0.916125719108943	0.916125719108943	0.916125719108943	0.916125719108943	0.916125719108943	0.916125719108943	0.916125719108943	0.916125719108943	0.916125719108943	0.916125719108943	0.916125719108943	0.916125719108943	0.916125719108943	0.916125719108943	0.916125719108943	0.916125719108943	0.916509130516013	0.916125719108943	0.916125719108943	0.866361148511083	0.866361148511083	0.916125719108943	0.916125719108943	0.916125719108943	0.916125719108943	0.904742052992444	0.904742052992444	0.916125719108943	0.916125719108943	0.748842227824469	0.73003945318588	0.916125719108943	0.916125719108943	0.748842227824469	0.931175781238261	0.85830415650678	0.723887268878873	0.916125719108943	0.916125719108943	0.938511474116307	0.931175781238261	0.938511474116307	0.85830415650678	0.723887268878873	0.916125719108943	0.916125719108943	0.931175781238261	0.938511474116307	0.85830415650678	0.723887268878873	0.916125719108943	0.916125719108943
GSM2612136	0.952442761624152	0.932404343727569	0.918213991763222	0.932404343727569	0.940797470075935	0.918213991763222	0.926781811373995	0.918213991763222	0.900232347120601	0.907627114375405	0.918213991763222	0.918213991763222	0.907627114375405	0.918213991763222	0.949337260598825	0.940797470075935	0.918213991763222	0.918213991763222	0.915176794223703	0.918213991763222	0.918213991763222	0.918213991763222	0.915176794223703	0.915176794223703	0.918213991763222	0.915176794223703	0.918213991763222	0.918213991763222	0.940797470075935	0.918213991763222	0.918213991763222	0.940797470075935	0.959657670926067	0.932404343727569	0.932404343727569	0.959657670926067	0.959657670926067	0.959657670926067	0.959657670926067	0.959657670926067	0.960263165597406	0.960263165597406	0.960263165597406	0.960263165597406	0.960263165597406	0.960263165597406	0.960263165597406	0.960263165597406	0.960263165597406	0.934780078598385	0.934780078598385	0.954478619041168	0.954478619041168	0.954478619041168	0.954478619041168	0.954478619041168	0.954478619041168	0.954478619041168	0.954478619041168	0.954478619041168	0.954478619041168	0.954478619041168	0.954478619041168	0.954478619041168	0.954478619041168	0.954478619041168	0.954478619041168	0.954478619041168	0.954478619041168	0.952442761624152	0.954478619041168	0.954478619041168	0.899222125067627	0.899222125067627	0.954478619041168	0.954478619041168	0.954478619041168	0.954478619041168	0.963730522417693	0.963730522417693	0.954478619041168	0.954478619041168	0.928241346585551	0.953394652903156	0.954478619041168	0.954478619041168	0.928241346585551	0.932404343727569	0.918213991763222	0.959657670926067	0.954478619041168	0.954478619041168	0.940797470075935	0.932404343727569	0.940797470075935	0.918213991763222	0.959657670926067	0.954478619041168	0.954478619041168	0.932404343727569	0.940797470075935	0.918213991763222	0.959657670926067	0.954478619041168	0.954478619041168
GSM2612137	0.733235733097336	0.7907602904952	0.839305699025316	0.7907602904952	0.751490792885537	0.839305699025316	0.815836232548754	0.839305699025316	0.838880555265659	0.8454598618091	0.839305699025316	0.839305699025316	0.8454598618091	0.839305699025316	0.770179266615312	0.751490792885537	0.839305699025316	0.839305699025316	0.848960876254313	0.839305699025316	0.839305699025316	0.839305699025316	0.848960876254313	0.848960876254313	0.839305699025316	0.848960876254313	0.839305699025316	0.839305699025316	0.751490792885537	0.839305699025316	0.839305699025316	0.751490792885537	0.875985287274755	0.7907602904952	0.7907602904952	0.875985287274755	0.875985287274755	0.875985287274755	0.875985287274755	0.875985287274755	0.864282468090254	0.864282468090254	0.864282468090254	0.864282468090254	0.864282468090254	0.864282468090254	0.864282468090254	0.864282468090254	0.864282468090254	0.90896738869749	0.90896738869749	0.822649832598019	0.822649832598019	0.822649832598019	0.822649832598019	0.822649832598019	0.822649832598019	0.822649832598019	0.822649832598019	0.822649832598019	0.822649832598019	0.822649832598019	0.822649832598019	0.822649832598019	0.822649832598019	0.822649832598019	0.822649832598019	0.822649832598019	0.822649832598019	0.733235733097336	0.822649832598019	0.822649832598019	0.778687570690431	0.778687570690431	0.822649832598019	0.822649832598019	0.822649832598019	0.822649832598019	0.768277147713496	0.768277147713496	0.822649832598019	0.822649832598019	0.891661168601457	0.83056408915763	0.822649832598019	0.822649832598019	0.891661168601458	0.7907602904952	0.839305699025316	0.875985287274755	0.822649832598019	0.822649832598019	0.751490792885537	0.7907602904952	0.751490792885537	0.839305699025316	0.875985287274755	0.822649832598019	0.822649832598019	0.7907602904952	0.751490792885537	0.839305699025316	0.875985287274755	0.822649832598019	0.822649832598019
GSM2612138	0.92951370871495	0.922624129695554	0.941734807743556	0.922624129695554	0.928590161028653	0.941734807743556	0.90445093626546	0.941734807743556	0.943836521332415	0.94113935263844	0.941734807743556	0.941734807743556	0.94113935263844	0.941734807743556	0.925639993788195	0.928590161028653	0.941734807743556	0.941734807743556	0.939623983769988	0.941734807743556	0.941734807743556	0.941734807743556	0.939623983769988	0.939623983769988	0.941734807743556	0.939623983769988	0.941734807743556	0.941734807743556	0.928590161028653	0.941734807743556	0.941734807743556	0.928590161028653	0.883936937913355	0.922624129695554	0.922624129695554	0.883936937913355	0.883936937913355	0.883936937913355	0.883936937913355	0.883936937913355	0.89525185713225	0.89525185713225	0.89525185713225	0.89525185713225	0.89525185713225	0.89525185713225	0.89525185713225	0.89525185713225	0.89525185713225	0.868559902010767	0.868559902010767	0.893378451614961	0.893378451614961	0.893378451614961	0.893378451614961	0.893378451614961	0.893378451614961	0.893378451614961	0.893378451614961	0.893378451614961	0.893378451614961	0.893378451614961	0.893378451614961	0.893378451614961	0.893378451614961	0.893378451614961	0.893378451614961	0.893378451614961	0.893378451614961	0.92951370871495	0.893378451614961	0.893378451614961	0.94614201989949	0.94614201989949	0.893378451614961	0.893378451614961	0.893378451614961	0.893378451614961	0.879957501642341	0.879957501642341	0.893378451614961	0.893378451614961	0.90027547550491	0.933975949631423	0.893378451614961	0.893378451614961	0.90027547550491	0.922624129695554	0.941734807743556	0.883936937913355	0.893378451614961	0.893378451614961	0.928590161028653	0.922624129695554	0.928590161028653	0.941734807743556	0.883936937913355	0.893378451614961	0.893378451614961	0.922624129695554	0.928590161028653	0.941734807743556	0.883936937913355	0.893378451614961	0.893378451614961
GSM2612139	0.865191528073186	0.80103863100311	0.839485749553932	0.80103863100311	0.850556442030468	0.839485749553932	0.834090032458648	0.839485749553932	0.82298208807849	0.823055816979467	0.839485749553932	0.839485749553932	0.823055816979467	0.839485749553932	0.842542101012504	0.850556442030468	0.839485749553932	0.839485749553932	0.824186477280614	0.839485749553932	0.839485749553932	0.839485749553932	0.824186477280614	0.824186477280614	0.839485749553932	0.824186477280614	0.839485749553932	0.839485749553932	0.850556442030468	0.839485749553932	0.839485749553932	0.850556442030468	0.905498302821134	0.80103863100311	0.80103863100311	0.905498302821134	0.905498302821134	0.905498302821134	0.905498302821134	0.905498302821134	0.885989701344992	0.885989701344992	0.885989701344992	0.885989701344992	0.885989701344992	0.885989701344992	0.885989701344992	0.885989701344992	0.885989701344992	0.844746768607049	0.844746768607049	0.841135736574743	0.841135736574743	0.841135736574743	0.841135736574743	0.841135736574743	0.841135736574743	0.841135736574743	0.841135736574743	0.841135736574743	0.841135736574743	0.841135736574743	0.841135736574743	0.841135736574743	0.841135736574743	0.841135736574743	0.841135736574743	0.841135736574743	0.841135736574743	0.865191528073186	0.841135736574743	0.841135736574743	0.847338190169267	0.847338190169267	0.841135736574743	0.841135736574743	0.841135736574743	0.841135736574743	0.864271714134105	0.864271714134105	0.841135736574743	0.841135736574743	0.82087275547156	0.886439600973814	0.841135736574743	0.841135736574743	0.82087275547156	0.80103863100311	0.839485749553932	0.905498302821134	0.841135736574743	0.841135736574743	0.850556442030468	0.80103863100311	0.850556442030468	0.839485749553932	0.905498302821134	0.841135736574743	0.841135736574743	0.80103863100311	0.850556442030468	0.839485749553932	0.905498302821134	0.841135736574743	0.841135736574743
GSM2612140	0.957429693874235	0.97343338257813	0.95494972848401	0.97343338257813	0.970918163277177	0.95494972848401	0.965603496032009	0.95494972848401	0.966334392782175	0.961840665645302	0.95494972848401	0.95494972848401	0.961840665645302	0.95494972848401	0.960017089689424	0.970918163277177	0.95494972848401	0.95494972848401	0.955528703903973	0.95494972848401	0.95494972848401	0.95494972848401	0.955528703903973	0.955528703903973	0.95494972848401	0.955528703903973	0.95494972848401	0.95494972848401	0.970918163277177	0.95494972848401	0.95494972848401	0.970918163277177	0.86607054426047	0.97343338257813	0.97343338257813	0.86607054426047	0.86607054426047	0.86607054426047	0.86607054426047	0.86607054426047	0.87098060220314	0.87098060220314	0.87098060220314	0.87098060220314	0.87098060220314	0.87098060220314	0.87098060220314	0.87098060220314	0.87098060220314	0.854456190908702	0.854456190908702	0.937611736662853	0.937611736662853	0.937611736662853	0.937611736662853	0.937611736662853	0.937611736662853	0.937611736662853	0.937611736662853	0.937611736662853	0.937611736662853	0.937611736662853	0.937611736662853	0.937611736662853	0.937611736662853	0.937611736662853	0.937611736662853	0.937611736662853	0.937611736662853	0.957429693874235	0.937611736662853	0.937611736662853	0.962306663322044	0.962306663322044	0.937611736662853	0.937611736662853	0.937611736662853	0.937611736662853	0.925885725439528	0.925885725439528	0.937611736662853	0.937611736662853	0.903573960185703	0.903738091638362	0.937611736662853	0.937611736662853	0.903573960185703	0.97343338257813	0.95494972848401	0.86607054426047	0.937611736662853	0.937611736662853	0.970918163277177	0.97343338257813	0.970918163277177	0.95494972848401	0.86607054426047	0.937611736662853	0.937611736662853	0.97343338257813	0.970918163277177	0.95494972848401	0.86607054426047	0.937611736662853	0.937611736662853
GSM2612141	0.971726312445456	0.981325784386032	0.974876170618418	0.981325784386032	0.97282918062987	0.974876170618418	0.984771023467728	0.974876170618418	0.973914776837206	0.973544895484761	0.974876170618418	0.974876170618418	0.973544895484761	0.974876170618418	0.974990070128823	0.97282918062987	0.974876170618418	0.974876170618418	0.974375559473478	0.974876170618418	0.974876170618418	0.974876170618418	0.974375559473478	0.974375559473478	0.974876170618418	0.974375559473478	0.974876170618418	0.974876170618418	0.97282918062987	0.974876170618418	0.974876170618418	0.97282918062987	0.959637664274602	0.981325784386032	0.981325784386032	0.959637664274602	0.959637664274602	0.959637664274602	0.959637664274602	0.959637664274602	0.952572503407216	0.952572503407216	0.952572503407216	0.952572503407216	0.952572503407216	0.952572503407216	0.952572503407216	0.952572503407216	0.952572503407216	0.950932149633729	0.950932149633729	0.980949048778236	0.980949048778236	0.980949048778236	0.980949048778236	0.980949048778236	0.980949048778236	0.980949048778236	0.980949048778236	0.980949048778236	0.980949048778236	0.980949048778236	0.980949048778236	0.980949048778236	0.980949048778236	0.980949048778236	0.980949048778236	0.980949048778236	0.980949048778236	0.971726312445456	0.980949048778236	0.980949048778236	0.959673910374812	0.959673910374812	0.980949048778236	0.980949048778236	0.980949048778236	0.980949048778236	0.976950332915844	0.976950332915844	0.980949048778236	0.980949048778236	0.910490165473144	0.949694770427998	0.980949048778236	0.980949048778236	0.910490165473144	0.981325784386032	0.974876170618418	0.959637664274602	0.980949048778236	0.980949048778236	0.97282918062987	0.981325784386032	0.97282918062987	0.974876170618418	0.959637664274602	0.980949048778236	0.980949048778236	0.981325784386032	0.97282918062987	0.974876170618418	0.959637664274602	0.980949048778236	0.980949048778236
GSM2612142	0.705609600148407	0.743153242068953	0.7637859542538	0.743153242068953	0.720193328557435	0.7637859542538	0.721567260882945	0.7637859542538	0.740140734674015	0.749381998348639	0.7637859542538	0.7637859542538	0.749381998348639	0.7637859542538	0.719204309409127	0.720193328557435	0.7637859542538	0.7637859542538	0.749738794672191	0.7637859542538	0.7637859542538	0.7637859542538	0.749738794672191	0.749738794672191	0.7637859542538	0.749738794672191	0.7637859542538	0.7637859542538	0.720193328557435	0.7637859542538	0.7637859542538	0.720193328557435	0.827872042852176	0.743153242068953	0.743153242068953	0.827872042852176	0.827872042852176	0.827872042852176	0.827872042852176	0.827872042852176	0.821368607153375	0.821368607153375	0.821368607153375	0.821368607153375	0.821368607153375	0.821368607153375	0.821368607153375	0.821368607153375	0.821368607153375	0.879743175340161	0.879743175340161	0.726499467161864	0.726499467161864	0.726499467161864	0.726499467161864	0.726499467161864	0.726499467161864	0.726499467161864	0.726499467161864	0.726499467161864	0.726499467161864	0.726499467161864	0.726499467161864	0.726499467161864	0.726499467161864	0.726499467161864	0.726499467161864	0.726499467161864	0.726499467161864	0.705609600148407	0.726499467161864	0.726499467161864	0.594872504451772	0.594872504451772	0.726499467161864	0.726499467161864	0.726499467161864	0.726499467161864	0.771092274802445	0.771092274802445	0.726499467161864	0.726499467161864	0.826214496982182	0.809225184262905	0.726499467161864	0.726499467161864	0.826214496982182	0.743153242068953	0.7637859542538	0.827872042852176	0.726499467161864	0.726499467161864	0.720193328557435	0.743153242068953	0.720193328557435	0.7637859542538	0.827872042852176	0.726499467161864	0.726499467161864	0.743153242068953	0.720193328557435	0.7637859542538	0.827872042852176	0.726499467161864	0.726499467161864
GSM2612143	0.950949528917334	0.986162488381166	0.923513602883766	0.986162488381166	0.968207662670613	0.923513602883766	0.987394107119799	0.923513602883766	0.926048300984205	0.932444945208386	0.923513602883766	0.923513602883766	0.932444945208386	0.923513602883766	0.971898145023688	0.968207662670613	0.923513602883766	0.923513602883766	0.936346771686145	0.923513602883766	0.923513602883766	0.923513602883766	0.936346771686145	0.936346771686145	0.923513602883766	0.936346771686145	0.923513602883766	0.923513602883766	0.968207662670613	0.923513602883766	0.923513602883766	0.968207662670613	0.885059899926399	0.986162488381166	0.986162488381166	0.885059899926399	0.885059899926399	0.885059899926399	0.885059899926399	0.885059899926399	0.86617158003656	0.86617158003656	0.86617158003656	0.86617158003656	0.86617158003656	0.86617158003656	0.86617158003656	0.86617158003656	0.86617158003656	0.870834272307673	0.870834272307673	0.969693891550736	0.969693891550736	0.969693891550736	0.969693891550736	0.969693891550736	0.969693891550736	0.969693891550736	0.969693891550736	0.969693891550736	0.969693891550736	0.969693891550736	0.969693891550736	0.969693891550736	0.969693891550736	0.969693891550736	0.969693891550736	0.969693891550736	0.969693891550736	0.950949528917334	0.969693891550736	0.969693891550736	0.903166414233508	0.903166414233508	0.969693891550736	0.969693891550736	0.969693891550736	0.969693891550736	0.956075257382286	0.956075257382286	0.969693891550736	0.969693891550736	0.780107515710518	0.840669669494408	0.969693891550736	0.969693891550736	0.780107515710518	0.986162488381166	0.923513602883766	0.885059899926399	0.969693891550736	0.969693891550736	0.968207662670613	0.986162488381166	0.968207662670613	0.923513602883766	0.885059899926399	0.969693891550736	0.969693891550736	0.986162488381166	0.968207662670613	0.923513602883766	0.885059899926399	0.969693891550736	0.969693891550736
GSM2612144	0.784694926376465	0.873233552472433	0.802612401222789	0.873233552472433	0.832242838319421	0.802612401222789	0.861239719372505	0.802612401222789	0.813689657383654	0.804303305175627	0.802612401222789	0.802612401222789	0.804303305175627	0.802612401222789	0.828886949251348	0.832242838319421	0.802612401222789	0.802612401222789	0.80726390970767	0.802612401222789	0.802612401222789	0.802612401222789	0.80726390970767	0.80726390970767	0.802612401222789	0.80726390970767	0.802612401222789	0.802612401222789	0.832242838319421	0.802612401222789	0.802612401222789	0.832242838319421	0.706509423311453	0.873233552472433	0.873233552472433	0.706509423311453	0.706509423311453	0.706509423311453	0.706509423311453	0.706509423311453	0.701187355134183	0.701187355134183	0.701187355134183	0.701187355134183	0.701187355134183	0.701187355134183	0.701187355134183	0.701187355134183	0.701187355134183	0.625350381750838	0.625350381750838	0.787993282516362	0.787993282516362	0.787993282516362	0.787993282516362	0.787993282516362	0.787993282516362	0.787993282516362	0.787993282516362	0.787993282516362	0.787993282516362	0.787993282516362	0.787993282516362	0.787993282516362	0.787993282516362	0.787993282516362	0.787993282516362	0.787993282516362	0.787993282516362	0.784694926376465	0.787993282516362	0.787993282516362	0.818290260349389	0.818290260349389	0.787993282516362	0.787993282516362	0.787993282516362	0.787993282516362	0.765644620734832	0.765644620734832	0.787993282516362	0.787993282516362	0.678144939579364	0.726442400510427	0.787993282516362	0.787993282516362	0.678144939579365	0.873233552472433	0.802612401222789	0.706509423311453	0.787993282516362	0.787993282516362	0.832242838319421	0.873233552472433	0.832242838319421	0.802612401222789	0.706509423311453	0.787993282516362	0.787993282516362	0.873233552472433	0.832242838319421	0.802612401222789	0.706509423311453	0.787993282516362	0.787993282516362
GSM2612145	0.615396442037581	0.520026977257772	0.459392319985603	0.520026977257772	0.585358844140033	0.459392319985603	0.507178633896492	0.459392319985603	0.412027022639647	0.4352874071845	0.459392319985603	0.459392319985603	0.4352874071845	0.459392319985603	0.603108132874973	0.585358844140033	0.459392319985603	0.459392319985603	0.451862299492776	0.459392319985603	0.459392319985603	0.459392319985603	0.451862299492776	0.451862299492776	0.459392319985603	0.451862299492776	0.459392319985603	0.459392319985603	0.585358844140033	0.459392319985603	0.459392319985603	0.585358844140033	0.659446759998247	0.520026977257772	0.520026977257772	0.659446759998247	0.659446759998247	0.659446759998247	0.659446759998247	0.659446759998247	0.652366421750818	0.652366421750818	0.652366421750818	0.652366421750818	0.652366421750818	0.652366421750818	0.652366421750818	0.652366421750818	0.652366421750818	0.675464765089822	0.675464765089822	0.646489988910338	0.646489988910338	0.646489988910338	0.646489988910338	0.646489988910338	0.646489988910338	0.646489988910338	0.646489988910338	0.646489988910338	0.646489988910338	0.646489988910338	0.646489988910338	0.646489988910338	0.646489988910338	0.646489988910338	0.646489988910338	0.646489988910338	0.646489988910338	0.615396442037581	0.646489988910338	0.646489988910338	0.368374204040095	0.368374204040095	0.646489988910338	0.646489988910338	0.646489988910338	0.646489988910338	0.675791066340179	0.675791066340179	0.646489988910338	0.646489988910338	0.597552477116474	0.647956742269101	0.646489988910338	0.646489988910338	0.597552477116474	0.520026977257772	0.459392319985603	0.659446759998247	0.646489988910338	0.646489988910338	0.585358844140033	0.520026977257772	0.585358844140033	0.459392319985603	0.659446759998247	0.646489988910338	0.646489988910338	0.520026977257772	0.585358844140033	0.459392319985603	0.659446759998247	0.646489988910338	0.646489988910338
GSM2612146	0.95166060715655	0.960288231802522	0.93063985759788	0.960288231802522	0.959754725295404	0.93063985759788	0.950451637497171	0.93063985759788	0.923395422113437	0.930683802384029	0.93063985759788	0.93063985759788	0.930683802384029	0.93063985759788	0.960863666861695	0.959754725295404	0.93063985759788	0.93063985759788	0.931931299666567	0.93063985759788	0.93063985759788	0.93063985759788	0.931931299666567	0.931931299666567	0.93063985759788	0.931931299666567	0.93063985759788	0.93063985759788	0.959754725295404	0.93063985759788	0.93063985759788	0.959754725295404	0.900316964506344	0.960288231802522	0.960288231802522	0.900316964506344	0.900316964506344	0.900316964506344	0.900316964506344	0.900316964506344	0.899634572899382	0.899634572899382	0.899634572899382	0.899634572899382	0.899634572899382	0.899634572899382	0.899634572899382	0.899634572899382	0.899634572899382	0.835980769907253	0.835980769907253	0.93758031506694	0.93758031506694	0.93758031506694	0.93758031506694	0.93758031506694	0.93758031506694	0.93758031506694	0.93758031506694	0.93758031506694	0.93758031506694	0.93758031506694	0.93758031506694	0.93758031506694	0.93758031506694	0.93758031506694	0.93758031506694	0.93758031506694	0.93758031506694	0.95166060715655	0.93758031506694	0.93758031506694	0.920366155120204	0.920366155120204	0.93758031506694	0.93758031506694	0.93758031506694	0.93758031506694	0.953782446127634	0.953782446127634	0.93758031506694	0.93758031506694	0.878790332241963	0.901315851930453	0.93758031506694	0.93758031506694	0.878790332241963	0.960288231802522	0.93063985759788	0.900316964506344	0.93758031506694	0.93758031506694	0.959754725295404	0.960288231802522	0.959754725295404	0.93063985759788	0.900316964506344	0.93758031506694	0.93758031506694	0.960288231802522	0.959754725295404	0.93063985759788	0.900316964506344	0.93758031506694	0.93758031506694
GSM2612147	0.944819897780074	0.970940841200663	0.83311827518598	0.970940841200663	0.949240234493387	0.83311827518598	0.975171137096824	0.83311827518598	0.855032021129531	0.848850588772058	0.83311827518598	0.83311827518598	0.848850588772058	0.83311827518598	0.936588194929898	0.949240234493387	0.83311827518598	0.83311827518598	0.834574528162891	0.83311827518598	0.83311827518598	0.83311827518598	0.834574528162891	0.834574528162891	0.83311827518598	0.834574528162891	0.83311827518598	0.83311827518598	0.949240234493387	0.83311827518598	0.83311827518598	0.949240234493387	0.832530747270559	0.970940841200663	0.970940841200663	0.832530747270559	0.832530747270559	0.832530747270559	0.832530747270559	0.832530747270559	0.829690056605541	0.829690056605541	0.829690056605541	0.829690056605541	0.829690056605541	0.829690056605541	0.829690056605541	0.829690056605541	0.829690056605541	0.790296705771036	0.790296705771036	0.941067531167911	0.941067531167911	0.941067531167911	0.941067531167911	0.941067531167911	0.941067531167911	0.941067531167911	0.941067531167911	0.941067531167911	0.941067531167911	0.941067531167911	0.941067531167911	0.941067531167911	0.941067531167911	0.941067531167911	0.941067531167911	0.941067531167911	0.941067531167911	0.944819897780074	0.941067531167911	0.941067531167911	0.877850620442292	0.877850620442292	0.941067531167911	0.941067531167911	0.941067531167911	0.941067531167911	0.89668701467435	0.89668701467435	0.941067531167911	0.941067531167911	0.829551521954075	0.85373693751184	0.941067531167911	0.941067531167911	0.829551521954075	0.970940841200663	0.83311827518598	0.832530747270559	0.941067531167911	0.941067531167911	0.949240234493387	0.970940841200663	0.949240234493387	0.83311827518598	0.832530747270559	0.941067531167911	0.941067531167911	0.970940841200663	0.949240234493387	0.83311827518598	0.832530747270559	0.941067531167911	0.941067531167911
GSM2612148	0.55743457891518	0.733836180485292	0.787626246739734	0.733836180485292	0.579826491924462	0.787626246739734	0.676979151756151	0.787626246739734	0.806682141728728	0.791012858018035	0.787626246739734	0.787626246739734	0.791012858018035	0.787626246739734	0.539969136964814	0.579826491924462	0.787626246739734	0.787626246739734	0.774251951439444	0.787626246739734	0.787626246739734	0.787626246739734	0.774251951439444	0.774251951439444	0.787626246739734	0.774251951439444	0.787626246739734	0.787626246739734	0.579826491924462	0.787626246739734	0.787626246739734	0.579826491924462	0.693101252124176	0.733836180485292	0.733836180485292	0.693101252124176	0.693101252124176	0.693101252124176	0.693101252124176	0.693101252124176	0.699158027498217	0.699158027498217	0.699158027498217	0.699158027498217	0.699158027498217	0.699158027498217	0.699158027498217	0.699158027498217	0.699158027498217	0.65352991182292	0.65352991182292	0.681522157119	0.681522157119	0.681522157119	0.681522157119	0.681522157119	0.681522157119	0.681522157119	0.681522157119	0.681522157119	0.681522157119	0.681522157119	0.681522157119	0.681522157119	0.681522157119	0.681522157119	0.681522157119	0.681522157119	0.681522157119	0.55743457891518	0.681522157119	0.681522157119	0.82163145982223	0.82163145982223	0.681522157119	0.681522157119	0.681522157119	0.681522157119	0.576896220592966	0.576896220592966	0.681522157119	0.681522157119	0.589853271367217	0.706887419734749	0.681522157119	0.681522157119	0.589853271367217	0.733836180485292	0.787626246739734	0.693101252124176	0.681522157119	0.681522157119	0.579826491924462	0.733836180485292	0.579826491924462	0.787626246739734	0.693101252124176	0.681522157119	0.681522157119	0.733836180485292	0.579826491924462	0.787626246739734	0.693101252124176	0.681522157119	0.681522157119
GSM2612149	0.245999104432675	0.156680397427222	0.509494096643602	0.156680397427222	0.231509113891232	0.509494096643602	0.236740282925114	0.509494096643602	0.497424852414984	0.500829339737677	0.509494096643602	0.509494096643602	0.500829339737677	0.509494096643602	0.265243946699928	0.231509113891232	0.509494096643602	0.509494096643602	0.515235693544962	0.509494096643602	0.509494096643602	0.509494096643602	0.515235693544962	0.515235693544962	0.509494096643602	0.515235693544962	0.509494096643602	0.509494096643602	0.231509113891232	0.509494096643602	0.509494096643602	0.231509113891232	0.508742068421259	0.156680397427222	0.156680397427222	0.508742068421259	0.508742068421259	0.508742068421259	0.508742068421259	0.508742068421259	0.493791768312883	0.493791768312883	0.493791768312883	0.493791768312883	0.493791768312883	0.493791768312883	0.493791768312883	0.493791768312883	0.493791768312883	0.442580547365613	0.442580547365613	0.181323480113875	0.181323480113875	0.181323480113875	0.181323480113875	0.181323480113875	0.181323480113875	0.181323480113875	0.181323480113875	0.181323480113875	0.181323480113875	0.181323480113875	0.181323480113875	0.181323480113875	0.181323480113875	0.181323480113875	0.181323480113875	0.181323480113875	0.181323480113875	0.245999104432675	0.181323480113875	0.181323480113875	0.605619105765464	0.605619105765464	0.181323480113875	0.181323480113875	0.181323480113875	0.181323480113875	0.188026319572703	0.188026319572703	0.181323480113875	0.181323480113875	0.389970875627738	0.542797958561758	0.181323480113875	0.181323480113875	0.389970875627738	0.156680397427222	0.509494096643602	0.508742068421259	0.181323480113875	0.181323480113875	0.231509113891232	0.156680397427222	0.231509113891232	0.509494096643602	0.508742068421259	0.181323480113875	0.181323480113875	0.156680397427222	0.231509113891232	0.509494096643602	0.508742068421259	0.181323480113875	0.181323480113875
GSM2612150	0.946719154741135	0.955944501830812	0.949269828803096	0.955944501830812	0.940544273740832	0.949269828803096	0.952805028753139	0.949269828803096	0.961212422563198	0.953414864881321	0.949269828803096	0.949269828803096	0.953414864881321	0.949269828803096	0.938118458886387	0.940544273740832	0.949269828803096	0.949269828803096	0.950096721882775	0.949269828803096	0.949269828803096	0.949269828803096	0.950096721882775	0.950096721882775	0.949269828803096	0.950096721882775	0.949269828803096	0.949269828803096	0.940544273740832	0.949269828803096	0.949269828803096	0.940544273740832	0.931343956519888	0.955944501830812	0.955944501830812	0.931343956519888	0.931343956519888	0.931343956519888	0.931343956519888	0.931343956519888	0.938569190184428	0.938569190184428	0.938569190184428	0.938569190184428	0.938569190184428	0.938569190184428	0.938569190184428	0.938569190184428	0.938569190184428	0.938764636175193	0.938764636175193	0.965273205337089	0.965273205337089	0.965273205337089	0.965273205337089	0.965273205337089	0.965273205337089	0.965273205337089	0.965273205337089	0.965273205337089	0.965273205337089	0.965273205337089	0.965273205337089	0.965273205337089	0.965273205337089	0.965273205337089	0.965273205337089	0.965273205337089	0.965273205337089	0.946719154741135	0.965273205337089	0.965273205337089	0.946842731734813	0.946842731734813	0.965273205337089	0.965273205337089	0.965273205337089	0.965273205337089	0.946515501729018	0.946515501729018	0.965273205337089	0.965273205337089	0.940320657096585	0.941142560024956	0.965273205337089	0.965273205337089	0.940320657096585	0.955944501830812	0.949269828803096	0.931343956519888	0.965273205337089	0.965273205337089	0.940544273740832	0.955944501830812	0.940544273740832	0.949269828803096	0.931343956519888	0.965273205337089	0.965273205337089	0.955944501830812	0.940544273740832	0.949269828803096	0.931343956519888	0.965273205337089	0.965273205337089
GSM2612151	0.677942597372005	0.730639276698059	0.719984427518594	0.730639276698059	0.729381752039412	0.719984427518594	0.757044123203472	0.719984427518594	0.728194304043021	0.734795666827878	0.719984427518594	0.719984427518594	0.734795666827878	0.719984427518594	0.731999646016114	0.729381752039412	0.719984427518594	0.719984427518594	0.732811035964965	0.719984427518594	0.719984427518594	0.719984427518594	0.732811035964965	0.732811035964965	0.719984427518594	0.732811035964965	0.719984427518594	0.719984427518594	0.729381752039412	0.719984427518594	0.719984427518594	0.729381752039412	0.625679851774465	0.730639276698059	0.730639276698059	0.625679851774465	0.625679851774465	0.625679851774465	0.625679851774465	0.625679851774465	0.654666733976634	0.654666733976634	0.654666733976634	0.654666733976634	0.654666733976634	0.654666733976634	0.654666733976634	0.654666733976634	0.654666733976634	0.60414528980191	0.60414528980191	0.715398871558976	0.715398871558976	0.715398871558976	0.715398871558976	0.715398871558976	0.715398871558976	0.715398871558976	0.715398871558976	0.715398871558976	0.715398871558976	0.715398871558976	0.715398871558976	0.715398871558976	0.715398871558976	0.715398871558976	0.715398871558976	0.715398871558976	0.715398871558976	0.677942597372005	0.715398871558976	0.715398871558976	0.717337335460097	0.717337335460097	0.715398871558976	0.715398871558976	0.715398871558976	0.715398871558976	0.674143726802692	0.674143726802692	0.715398871558976	0.715398871558976	0.573257590242661	0.664949251721866	0.715398871558976	0.715398871558976	0.573257590242661	0.730639276698059	0.719984427518594	0.625679851774465	0.715398871558976	0.715398871558976	0.729381752039412	0.730639276698059	0.729381752039412	0.719984427518594	0.625679851774465	0.715398871558976	0.715398871558976	0.730639276698059	0.729381752039412	0.719984427518594	0.625679851774465	0.715398871558976	0.715398871558976
GSM2612152	0.747371990317575	0.678923048228197	0.656288344061228	0.678923048228197	0.774093682508425	0.656288344061228	0.743325080280472	0.656288344061228	0.656235861611281	0.663902091667174	0.656288344061228	0.656288344061228	0.663902091667174	0.656288344061228	0.755216008272963	0.774093682508425	0.656288344061228	0.656288344061228	0.658562924502914	0.656288344061228	0.656288344061228	0.656288344061228	0.658562924502914	0.658562924502914	0.656288344061228	0.658562924502914	0.656288344061228	0.656288344061228	0.774093682508425	0.656288344061228	0.656288344061228	0.774093682508425	0.648302717982132	0.678923048228197	0.678923048228197	0.648302717982132	0.648302717982132	0.648302717982132	0.648302717982132	0.648302717982132	0.633890658065853	0.633890658065853	0.633890658065853	0.633890658065853	0.633890658065853	0.633890658065853	0.633890658065853	0.633890658065853	0.633890658065853	0.577913737708207	0.577913737708207	0.694071070558913	0.694071070558913	0.694071070558913	0.694071070558913	0.694071070558913	0.694071070558913	0.694071070558913	0.694071070558913	0.694071070558913	0.694071070558913	0.694071070558913	0.694071070558913	0.694071070558913	0.694071070558913	0.694071070558913	0.694071070558913	0.694071070558913	0.694071070558913	0.747371990317575	0.694071070558913	0.694071070558913	0.603997757771161	0.603997757771161	0.694071070558913	0.694071070558913	0.694071070558913	0.694071070558913	0.757655444298741	0.757655444298741	0.694071070558913	0.694071070558913	0.513091123778979	0.669804836729021	0.694071070558913	0.694071070558913	0.513091123778979	0.678923048228197	0.656288344061228	0.648302717982132	0.694071070558913	0.694071070558913	0.774093682508425	0.678923048228197	0.774093682508425	0.656288344061228	0.648302717982132	0.694071070558913	0.694071070558913	0.678923048228197	0.774093682508425	0.656288344061228	0.648302717982132	0.694071070558913	0.694071070558913
GSM2612153	0.71735976118995	0.821268835060794	0.819863861307767	0.821268835060794	0.770884130466171	0.819863861307767	0.793706771682849	0.819863861307767	0.860226963143533	0.839309376321691	0.819863861307767	0.819863861307767	0.839309376321691	0.819863861307767	0.76596328644348	0.770884130466171	0.819863861307767	0.819863861307767	0.841522313650536	0.819863861307767	0.819863861307767	0.819863861307767	0.841522313650536	0.841522313650536	0.819863861307767	0.841522313650536	0.819863861307767	0.819863861307767	0.770884130466171	0.819863861307767	0.819863861307767	0.770884130466171	0.765006943162303	0.821268835060794	0.821268835060794	0.765006943162303	0.765006943162303	0.765006943162303	0.765006943162303	0.765006943162303	0.750617399394026	0.750617399394026	0.750617399394026	0.750617399394026	0.750617399394026	0.750617399394026	0.750617399394026	0.750617399394026	0.750617399394026	0.81152738234283	0.81152738234283	0.803419135386857	0.803419135386857	0.803419135386857	0.803419135386857	0.803419135386857	0.803419135386857	0.803419135386857	0.803419135386857	0.803419135386857	0.803419135386857	0.803419135386857	0.803419135386857	0.803419135386857	0.803419135386857	0.803419135386857	0.803419135386857	0.803419135386857	0.803419135386857	0.71735976118995	0.803419135386857	0.803419135386857	0.759494379823659	0.759494379823659	0.803419135386857	0.803419135386857	0.803419135386857	0.803419135386857	0.757523990251693	0.757523990251693	0.803419135386857	0.803419135386857	0.729862627201108	0.754643852882728	0.803419135386857	0.803419135386857	0.729862627201108	0.821268835060794	0.819863861307767	0.765006943162303	0.803419135386857	0.803419135386857	0.770884130466171	0.821268835060794	0.770884130466171	0.819863861307767	0.765006943162303	0.803419135386857	0.803419135386857	0.821268835060794	0.770884130466171	0.819863861307767	0.765006943162303	0.803419135386857	0.803419135386857
GSM2612154	0.939237867988258	0.966207675302511	0.88559538154491	0.966207675302511	0.952616016816791	0.88559538154491	0.966406548691027	0.88559538154491	0.899282383742455	0.895305175689036	0.88559538154491	0.88559538154491	0.895305175689036	0.88559538154491	0.951045540421924	0.952616016816791	0.88559538154491	0.88559538154491	0.891470557246782	0.88559538154491	0.88559538154491	0.88559538154491	0.891470557246782	0.891470557246782	0.88559538154491	0.891470557246782	0.88559538154491	0.88559538154491	0.952616016816791	0.88559538154491	0.88559538154491	0.952616016816791	0.82702087970993	0.966207675302511	0.966207675302511	0.82702087970993	0.82702087970993	0.82702087970993	0.82702087970993	0.82702087970993	0.837185796962962	0.837185796962962	0.837185796962962	0.837185796962962	0.837185796962962	0.837185796962962	0.837185796962962	0.837185796962962	0.837185796962962	0.775339796939846	0.775339796939846	0.944908081147692	0.944908081147692	0.944908081147692	0.944908081147692	0.944908081147692	0.944908081147692	0.944908081147692	0.944908081147692	0.944908081147692	0.944908081147692	0.944908081147692	0.944908081147692	0.944908081147692	0.944908081147692	0.944908081147692	0.944908081147692	0.944908081147692	0.944908081147692	0.939237867988258	0.944908081147692	0.944908081147692	0.874770977497247	0.874770977497247	0.944908081147692	0.944908081147692	0.944908081147692	0.944908081147692	0.93983776395723	0.93983776395723	0.944908081147692	0.944908081147692	0.839146834475537	0.840694648076191	0.944908081147692	0.944908081147692	0.839146834475538	0.966207675302511	0.88559538154491	0.82702087970993	0.944908081147692	0.944908081147692	0.952616016816791	0.966207675302511	0.952616016816791	0.88559538154491	0.82702087970993	0.944908081147692	0.944908081147692	0.966207675302511	0.952616016816791	0.88559538154491	0.82702087970993	0.944908081147692	0.944908081147692
GSM2612155	0.834714729061204	0.88008687360367	0.857708137939265	0.88008687360367	0.823871840778938	0.857708137939265	0.894620686601544	0.857708137939265	0.836265863502291	0.853119417738817	0.857708137939265	0.857708137939265	0.853119417738817	0.857708137939265	0.831386238932951	0.823871840778938	0.857708137939265	0.857708137939265	0.854921945639039	0.857708137939265	0.857708137939265	0.857708137939265	0.854921945639039	0.854921945639039	0.857708137939265	0.854921945639039	0.857708137939265	0.857708137939265	0.823871840778938	0.857708137939265	0.857708137939265	0.823871840778938	0.837856201372329	0.88008687360367	0.88008687360367	0.837856201372329	0.837856201372329	0.837856201372329	0.837856201372329	0.837856201372329	0.857736563727204	0.857736563727204	0.857736563727204	0.857736563727204	0.857736563727204	0.857736563727204	0.857736563727204	0.857736563727204	0.857736563727204	0.819719135701452	0.819719135701452	0.903191401079082	0.903191401079082	0.903191401079082	0.903191401079082	0.903191401079082	0.903191401079082	0.903191401079082	0.903191401079082	0.903191401079082	0.903191401079082	0.903191401079082	0.903191401079082	0.903191401079082	0.903191401079082	0.903191401079082	0.903191401079082	0.903191401079082	0.903191401079082	0.834714729061204	0.903191401079082	0.903191401079082	0.881340488449052	0.881340488449052	0.903191401079082	0.903191401079082	0.903191401079082	0.903191401079082	0.834581247064583	0.834581247064583	0.903191401079082	0.903191401079082	0.766112030598806	0.851152068816176	0.903191401079082	0.903191401079082	0.766112030598806	0.88008687360367	0.857708137939265	0.837856201372329	0.903191401079082	0.903191401079082	0.823871840778938	0.88008687360367	0.823871840778938	0.857708137939265	0.837856201372329	0.903191401079082	0.903191401079082	0.88008687360367	0.823871840778938	0.857708137939265	0.837856201372329	0.903191401079082	0.903191401079082
GSM2612156	0.840495365806393	0.838517375392577	0.843988188362276	0.838517375392577	0.861547832059159	0.843988188362276	0.798080740662789	0.843988188362276	0.856731158213273	0.857721822619681	0.843988188362276	0.843988188362276	0.857721822619681	0.843988188362276	0.85258258137117	0.861547832059159	0.843988188362276	0.843988188362276	0.852815079315549	0.843988188362276	0.843988188362276	0.843988188362276	0.852815079315549	0.852815079315549	0.843988188362276	0.852815079315549	0.843988188362276	0.843988188362276	0.861547832059159	0.843988188362276	0.843988188362276	0.861547832059159	0.875310649261191	0.838517375392577	0.838517375392577	0.875310649261191	0.875310649261191	0.875310649261191	0.875310649261191	0.875310649261191	0.873198396801076	0.873198396801076	0.873198396801076	0.873198396801076	0.873198396801076	0.873198396801076	0.873198396801076	0.873198396801076	0.873198396801076	0.849053882849124	0.849053882849124	0.759929670322823	0.759929670322823	0.759929670322823	0.759929670322823	0.759929670322823	0.759929670322823	0.759929670322823	0.759929670322823	0.759929670322823	0.759929670322823	0.759929670322823	0.759929670322823	0.759929670322823	0.759929670322823	0.759929670322823	0.759929670322823	0.759929670322823	0.759929670322823	0.840495365806393	0.759929670322823	0.759929670322823	0.823951037410786	0.823951037410786	0.759929670322823	0.759929670322823	0.759929670322823	0.759929670322823	0.84154758657372	0.84154758657372	0.759929670322823	0.759929670322823	0.901348654617003	0.873589599183714	0.759929670322823	0.759929670322823	0.901348654617003	0.838517375392577	0.843988188362276	0.875310649261191	0.759929670322823	0.759929670322823	0.861547832059159	0.838517375392577	0.861547832059159	0.843988188362276	0.875310649261191	0.759929670322823	0.759929670322823	0.838517375392577	0.861547832059159	0.843988188362276	0.875310649261191	0.759929670322823	0.759929670322823
GSM2612157	0.874495367825568	0.904133702711196	0.701581567881776	0.904133702711196	0.888222598237294	0.701581567881776	0.908567967152744	0.701581567881776	0.724169707949219	0.727537581373603	0.701581567881776	0.701581567881776	0.727537581373603	0.701581567881776	0.891874380132037	0.888222598237294	0.701581567881776	0.701581567881776	0.727517679935211	0.701581567881776	0.701581567881776	0.701581567881776	0.727517679935211	0.727517679935211	0.701581567881776	0.727517679935211	0.701581567881776	0.701581567881776	0.888222598237294	0.701581567881776	0.701581567881776	0.888222598237294	0.645655771716371	0.904133702711196	0.904133702711196	0.645655771716371	0.645655771716371	0.645655771716371	0.645655771716371	0.645655771716371	0.657143586748161	0.657143586748161	0.657143586748161	0.657143586748161	0.657143586748161	0.657143586748161	0.657143586748161	0.657143586748161	0.657143586748161	0.622342822391313	0.622342822391313	0.897747966914855	0.897747966914855	0.897747966914855	0.897747966914855	0.897747966914855	0.897747966914855	0.897747966914855	0.897747966914855	0.897747966914855	0.897747966914855	0.897747966914855	0.897747966914855	0.897747966914855	0.897747966914855	0.897747966914855	0.897747966914855	0.897747966914855	0.897747966914855	0.874495367825568	0.897747966914855	0.897747966914855	0.748369099434892	0.748369099434892	0.897747966914855	0.897747966914855	0.897747966914855	0.897747966914855	0.870741285579347	0.870741285579347	0.897747966914855	0.897747966914855	0.66621456833768	0.607895006329234	0.897747966914855	0.897747966914855	0.66621456833768	0.904133702711196	0.701581567881776	0.645655771716371	0.897747966914855	0.897747966914855	0.888222598237294	0.904133702711196	0.888222598237294	0.701581567881776	0.645655771716371	0.897747966914855	0.897747966914855	0.904133702711196	0.888222598237294	0.701581567881776	0.645655771716371	0.897747966914855	0.897747966914855
GSM2612158	0.420742590084109	0.428840384220244	0.400146438742247	0.428840384220244	0.378181632473212	0.400146438742247	0.393142746159258	0.400146438742247	0.421514283769364	0.430962131604077	0.400146438742247	0.400146438742247	0.430962131604077	0.400146438742247	0.343040377849898	0.378181632473212	0.400146438742247	0.400146438742247	0.406277587492187	0.400146438742247	0.400146438742247	0.400146438742247	0.406277587492187	0.406277587492187	0.400146438742247	0.406277587492187	0.400146438742247	0.400146438742247	0.378181632473212	0.400146438742247	0.400146438742247	0.378181632473212	0.447171603286187	0.428840384220244	0.428840384220244	0.447171603286187	0.447171603286187	0.447171603286187	0.447171603286187	0.447171603286187	0.425765469994798	0.425765469994798	0.425765469994798	0.425765469994798	0.425765469994798	0.425765469994798	0.425765469994798	0.425765469994798	0.425765469994798	0.497013188751637	0.497013188751637	0.325399042473029	0.325399042473029	0.325399042473029	0.325399042473029	0.325399042473029	0.325399042473029	0.325399042473029	0.325399042473029	0.325399042473029	0.325399042473029	0.325399042473029	0.325399042473029	0.325399042473029	0.325399042473029	0.325399042473029	0.325399042473029	0.325399042473029	0.325399042473029	0.420742590084109	0.325399042473029	0.325399042473029	0.440173309338005	0.440173309338005	0.325399042473029	0.325399042473029	0.325399042473029	0.325399042473029	0.348259790420112	0.348259790420112	0.325399042473029	0.325399042473029	0.315940044164493	0.487683661068933	0.325399042473029	0.325399042473029	0.315940044164493	0.428840384220244	0.400146438742247	0.447171603286187	0.325399042473029	0.325399042473029	0.378181632473212	0.428840384220244	0.378181632473212	0.400146438742247	0.447171603286187	0.325399042473029	0.325399042473029	0.428840384220244	0.378181632473212	0.400146438742247	0.447171603286187	0.325399042473029	0.325399042473029
GSM2612159	0.751046047370336	0.89253392430129	0.643807654362846	0.89253392430129	0.746024029713379	0.643807654362846	0.851299744985765	0.643807654362846	0.668066519844141	0.645608684183744	0.643807654362846	0.643807654362846	0.645608684183744	0.643807654362846	0.747557365873553	0.746024029713379	0.643807654362846	0.643807654362846	0.648351155285726	0.643807654362846	0.643807654362846	0.643807654362846	0.648351155285726	0.648351155285726	0.643807654362846	0.648351155285726	0.643807654362846	0.643807654362846	0.746024029713379	0.643807654362846	0.643807654362846	0.746024029713379	0.713971505131511	0.89253392430129	0.89253392430129	0.713971505131511	0.713971505131511	0.713971505131511	0.713971505131511	0.713971505131511	0.690209857431701	0.690209857431701	0.690209857431701	0.690209857431701	0.690209857431701	0.690209857431701	0.690209857431701	0.690209857431701	0.690209857431701	0.705729143716328	0.705729143716328	0.869137462109662	0.869137462109662	0.869137462109662	0.869137462109662	0.869137462109662	0.869137462109662	0.869137462109662	0.869137462109662	0.869137462109662	0.869137462109662	0.869137462109662	0.869137462109662	0.869137462109662	0.869137462109662	0.869137462109662	0.869137462109662	0.869137462109662	0.869137462109662	0.751046047370336	0.869137462109662	0.869137462109662	0.708616881818669	0.708616881818669	0.869137462109662	0.869137462109662	0.869137462109662	0.869137462109662	0.779770043554295	0.779770043554295	0.869137462109662	0.869137462109662	0.576284168737966	0.641404686393255	0.869137462109662	0.869137462109662	0.576284168737966	0.89253392430129	0.643807654362846	0.713971505131511	0.869137462109662	0.869137462109662	0.746024029713379	0.89253392430129	0.746024029713379	0.643807654362846	0.713971505131511	0.869137462109662	0.869137462109662	0.89253392430129	0.746024029713379	0.643807654362846	0.713971505131511	0.869137462109662	0.869137462109662
GSM2612160	0.515537630510389	0.68004783069681	0.605972729733063	0.68004783069681	0.403613505339932	0.605972729733063	0.570974213393857	0.605972729733063	0.590236932447413	0.572136600386857	0.605972729733063	0.605972729733063	0.572136600386857	0.605972729733063	0.445683641639357	0.403613505339932	0.605972729733063	0.605972729733063	0.597960979295888	0.605972729733063	0.605972729733063	0.605972729733063	0.597960979295888	0.597960979295888	0.605972729733063	0.597960979295888	0.605972729733063	0.605972729733063	0.403613505339932	0.605972729733063	0.605972729733063	0.403613505339932	0.610175167589298	0.68004783069681	0.68004783069681	0.610175167589298	0.610175167589298	0.610175167589298	0.610175167589298	0.610175167589298	0.621675560743356	0.621675560743356	0.621675560743356	0.621675560743356	0.621675560743356	0.621675560743356	0.621675560743356	0.621675560743356	0.621675560743356	0.616696335196019	0.616696335196019	0.716403234716315	0.716403234716315	0.716403234716315	0.716403234716315	0.716403234716315	0.716403234716315	0.716403234716315	0.716403234716315	0.716403234716315	0.716403234716315	0.716403234716315	0.716403234716315	0.716403234716315	0.716403234716315	0.716403234716315	0.716403234716315	0.716403234716315	0.716403234716315	0.515537630510389	0.716403234716315	0.716403234716315	0.564434850395454	0.564434850395454	0.716403234716315	0.716403234716315	0.716403234716315	0.716403234716315	0.566018829637939	0.566018829637939	0.716403234716315	0.716403234716315	0.653980163904502	0.625523710008031	0.716403234716315	0.716403234716315	0.653980163904501	0.68004783069681	0.605972729733063	0.610175167589298	0.716403234716315	0.716403234716315	0.403613505339932	0.68004783069681	0.403613505339932	0.605972729733063	0.610175167589298	0.716403234716315	0.716403234716315	0.68004783069681	0.403613505339932	0.605972729733063	0.610175167589298	0.716403234716315	0.716403234716315
GSM2612161	0.94964418869769	0.974549868150568	0.95542729245324	0.974549868150568	0.950731265884764	0.95542729245324	0.964968751240435	0.95542729245324	0.959619018915861	0.957232870792518	0.95542729245324	0.95542729245324	0.957232870792518	0.95542729245324	0.948785832542869	0.950731265884764	0.95542729245324	0.95542729245324	0.955788938342929	0.95542729245324	0.95542729245324	0.95542729245324	0.955788938342929	0.955788938342929	0.95542729245324	0.955788938342929	0.95542729245324	0.95542729245324	0.950731265884764	0.95542729245324	0.95542729245324	0.950731265884764	0.943755176135475	0.974549868150568	0.974549868150568	0.943755176135475	0.943755176135475	0.943755176135475	0.943755176135475	0.943755176135475	0.944767487110357	0.944767487110357	0.944767487110357	0.944767487110357	0.944767487110357	0.944767487110357	0.944767487110357	0.944767487110357	0.944767487110357	0.928711655189381	0.928711655189381	0.934066262830905	0.934066262830905	0.934066262830905	0.934066262830905	0.934066262830905	0.934066262830905	0.934066262830905	0.934066262830905	0.934066262830905	0.934066262830905	0.934066262830905	0.934066262830905	0.934066262830905	0.934066262830905	0.934066262830905	0.934066262830905	0.934066262830905	0.934066262830905	0.94964418869769	0.934066262830905	0.934066262830905	0.95583965653384	0.95583965653384	0.934066262830905	0.934066262830905	0.934066262830905	0.934066262830905	0.920102607678123	0.920102607678123	0.934066262830905	0.934066262830905	0.942328166618993	0.960577332470344	0.934066262830905	0.934066262830905	0.942328166618993	0.974549868150568	0.95542729245324	0.943755176135475	0.934066262830905	0.934066262830905	0.950731265884764	0.974549868150568	0.950731265884764	0.95542729245324	0.943755176135475	0.934066262830905	0.934066262830905	0.974549868150568	0.950731265884764	0.95542729245324	0.943755176135475	0.934066262830905	0.934066262830905
GSM2612162	0.770679380880774	0.932747181232218	0.943640356700655	0.932747181232218	0.886954729110586	0.943640356700655	0.906723194097174	0.943640356700655	0.942296998104845	0.952250663115572	0.943640356700655	0.943640356700655	0.952250663115572	0.943640356700655	0.856540110990458	0.886954729110586	0.943640356700655	0.943640356700655	0.944239075853255	0.943640356700655	0.943640356700655	0.943640356700655	0.944239075853255	0.944239075853255	0.943640356700655	0.944239075853255	0.943640356700655	0.943640356700655	0.886954729110586	0.943640356700655	0.943640356700655	0.886954729110586	0.883726976176102	0.932747181232218	0.932747181232218	0.883726976176102	0.883726976176102	0.883726976176102	0.883726976176102	0.883726976176102	0.880290674228609	0.880290674228609	0.880290674228609	0.880290674228609	0.880290674228609	0.880290674228609	0.880290674228609	0.880290674228609	0.880290674228609	0.877655269329906	0.877655269329906	0.76451324315878	0.76451324315878	0.76451324315878	0.76451324315878	0.76451324315878	0.76451324315878	0.76451324315878	0.76451324315878	0.76451324315878	0.76451324315878	0.76451324315878	0.76451324315878	0.76451324315878	0.76451324315878	0.76451324315878	0.76451324315878	0.76451324315878	0.76451324315878	0.770679380880774	0.76451324315878	0.76451324315878	0.890708414384947	0.890708414384947	0.76451324315878	0.76451324315878	0.76451324315878	0.76451324315878	0.801856988294641	0.801856988294641	0.76451324315878	0.76451324315878	0.898013238245593	0.897283036276041	0.76451324315878	0.76451324315878	0.898013238245593	0.932747181232218	0.943640356700655	0.883726976176102	0.76451324315878	0.76451324315878	0.886954729110586	0.932747181232218	0.886954729110586	0.943640356700655	0.883726976176102	0.76451324315878	0.76451324315878	0.932747181232218	0.886954729110586	0.943640356700655	0.883726976176102	0.76451324315878	0.76451324315878
GSM2612163	0.921695805875961	0.943104999360837	0.865321623642695	0.943104999360837	0.917732494582004	0.865321623642695	0.957530180868854	0.865321623642695	0.880579269325982	0.868522613411807	0.865321623642695	0.865321623642695	0.868522613411807	0.865321623642695	0.899365524257293	0.917732494582004	0.865321623642695	0.865321623642695	0.852346134554966	0.865321623642695	0.865321623642695	0.865321623642695	0.852346134554966	0.852346134554966	0.865321623642695	0.852346134554966	0.865321623642695	0.865321623642695	0.917732494582004	0.865321623642695	0.865321623642695	0.917732494582004	0.885699737134637	0.943104999360837	0.943104999360837	0.885699737134637	0.885699737134637	0.885699737134637	0.885699737134637	0.885699737134637	0.884364251541983	0.884364251541983	0.884364251541983	0.884364251541983	0.884364251541983	0.884364251541983	0.884364251541983	0.884364251541983	0.884364251541983	0.904333779683454	0.904333779683454	0.959009178711948	0.959009178711948	0.959009178711948	0.959009178711948	0.959009178711948	0.959009178711948	0.959009178711948	0.959009178711948	0.959009178711948	0.959009178711948	0.959009178711948	0.959009178711948	0.959009178711948	0.959009178711948	0.959009178711948	0.959009178711948	0.959009178711948	0.959009178711948	0.921695805875961	0.959009178711948	0.959009178711948	0.849695640546811	0.849695640546811	0.959009178711948	0.959009178711948	0.959009178711948	0.959009178711948	0.924507090690188	0.924507090690188	0.959009178711948	0.959009178711948	0.88319992137691	0.875988915465043	0.959009178711948	0.959009178711948	0.883199921376911	0.943104999360837	0.865321623642695	0.885699737134637	0.959009178711948	0.959009178711948	0.917732494582004	0.943104999360837	0.917732494582004	0.865321623642695	0.885699737134637	0.959009178711948	0.959009178711948	0.943104999360837	0.917732494582004	0.865321623642695	0.885699737134637	0.959009178711948	0.959009178711948
GSM2612164	0.669150547850309	0.710101580167209	0.675579713021825	0.710101580167209	0.648164440533011	0.675579713021825	0.74203069607729	0.675579713021825	0.689182287145534	0.691762296380792	0.675579713021825	0.675579713021825	0.691762296380792	0.675579713021825	0.61706783836462	0.648164440533011	0.675579713021825	0.675579713021825	0.66814015085893	0.675579713021825	0.675579713021825	0.675579713021825	0.66814015085893	0.66814015085893	0.675579713021825	0.66814015085893	0.675579713021825	0.675579713021825	0.648164440533011	0.675579713021825	0.675579713021825	0.648164440533011	0.6401208229808	0.710101580167209	0.710101580167209	0.6401208229808	0.6401208229808	0.6401208229808	0.6401208229808	0.6401208229808	0.659641736632817	0.659641736632817	0.659641736632817	0.659641736632817	0.659641736632817	0.659641736632817	0.659641736632817	0.659641736632817	0.659641736632817	0.706511738799105	0.706511738799105	0.726244863456615	0.726244863456615	0.726244863456615	0.726244863456615	0.726244863456615	0.726244863456615	0.726244863456615	0.726244863456615	0.726244863456615	0.726244863456615	0.726244863456615	0.726244863456615	0.726244863456615	0.726244863456615	0.726244863456615	0.726244863456615	0.726244863456615	0.726244863456615	0.669150547850309	0.726244863456615	0.726244863456615	0.728289891187312	0.728289891187312	0.726244863456615	0.726244863456615	0.726244863456615	0.726244863456615	0.624933961003093	0.624933961003093	0.726244863456615	0.726244863456615	0.499739027837917	0.667675839678433	0.726244863456615	0.726244863456615	0.499739027837917	0.710101580167209	0.675579713021825	0.6401208229808	0.726244863456615	0.726244863456615	0.648164440533011	0.710101580167209	0.648164440533011	0.675579713021825	0.6401208229808	0.726244863456615	0.726244863456615	0.710101580167209	0.648164440533011	0.675579713021825	0.6401208229808	0.726244863456615	0.726244863456615
GSM2612165	0.846849016297876	0.88305355225566	0.777579959093415	0.88305355225566	0.879415104066701	0.777579959093415	0.900889947501792	0.777579959093415	0.78216083747888	0.80218931410195	0.777579959093415	0.777579959093415	0.80218931410195	0.777579959093415	0.867497395231983	0.879415104066701	0.777579959093415	0.777579959093415	0.792898545802641	0.777579959093415	0.777579959093415	0.777579959093415	0.792898545802641	0.792898545802641	0.777579959093415	0.792898545802641	0.777579959093415	0.777579959093415	0.879415104066701	0.777579959093415	0.777579959093415	0.879415104066701	0.846914397683717	0.88305355225566	0.88305355225566	0.846914397683717	0.846914397683717	0.846914397683717	0.846914397683717	0.846914397683717	0.859854056533202	0.859854056533202	0.859854056533202	0.859854056533202	0.859854056533202	0.859854056533202	0.859854056533202	0.859854056533202	0.859854056533202	0.828670820959955	0.828670820959955	0.853148107218663	0.853148107218663	0.853148107218663	0.853148107218663	0.853148107218663	0.853148107218663	0.853148107218663	0.853148107218663	0.853148107218663	0.853148107218663	0.853148107218663	0.853148107218663	0.853148107218663	0.853148107218663	0.853148107218663	0.853148107218663	0.853148107218663	0.853148107218663	0.846849016297876	0.853148107218663	0.853148107218663	0.78864845190034	0.78864845190034	0.853148107218663	0.853148107218663	0.853148107218663	0.853148107218663	0.842862818808776	0.842862818808776	0.853148107218663	0.853148107218663	0.817404328978981	0.859100363278847	0.853148107218663	0.853148107218663	0.817404328978981	0.88305355225566	0.777579959093415	0.846914397683717	0.853148107218663	0.853148107218663	0.879415104066701	0.88305355225566	0.879415104066701	0.777579959093415	0.846914397683717	0.853148107218663	0.853148107218663	0.88305355225566	0.879415104066701	0.777579959093415	0.846914397683717	0.853148107218663	0.853148107218663
GSM2612166	0.699672355468729	0.836299983431386	0.836462499503727	0.836299983431386	0.755921939380956	0.836462499503727	0.800204433224514	0.836462499503727	0.845443343437761	0.84166112124756	0.836462499503727	0.836462499503727	0.84166112124756	0.836462499503727	0.767318624527694	0.755921939380956	0.836462499503727	0.836462499503727	0.845423648195666	0.836462499503727	0.836462499503727	0.836462499503727	0.845423648195666	0.845423648195666	0.836462499503727	0.845423648195666	0.836462499503727	0.836462499503727	0.755921939380956	0.836462499503727	0.836462499503727	0.755921939380956	0.470157723908156	0.836299983431386	0.836299983431386	0.470157723908156	0.470157723908156	0.470157723908156	0.470157723908156	0.470157723908156	0.49185269932481	0.49185269932481	0.49185269932481	0.49185269932481	0.49185269932481	0.49185269932481	0.49185269932481	0.49185269932481	0.49185269932481	0.508615664311746	0.508615664311746	0.86811878503344	0.86811878503344	0.86811878503344	0.86811878503344	0.86811878503344	0.86811878503344	0.86811878503344	0.86811878503344	0.86811878503344	0.86811878503344	0.86811878503344	0.86811878503344	0.86811878503344	0.86811878503344	0.86811878503344	0.86811878503344	0.86811878503344	0.86811878503344	0.699672355468729	0.86811878503344	0.86811878503344	0.750989776584248	0.750989776584248	0.86811878503344	0.86811878503344	0.86811878503344	0.86811878503344	0.79039553747145	0.79039553747145	0.86811878503344	0.86811878503344	0.661461871057473	0.482626898718962	0.86811878503344	0.86811878503344	0.661461871057473	0.836299983431386	0.836462499503727	0.470157723908156	0.86811878503344	0.86811878503344	0.755921939380956	0.836299983431386	0.755921939380956	0.836462499503727	0.470157723908156	0.86811878503344	0.86811878503344	0.836299983431386	0.755921939380956	0.836462499503727	0.470157723908156	0.86811878503344	0.86811878503344
GSM2612167	0.525076460200557	0.491921733125248	0.311648268884657	0.491921733125248	0.455193635623602	0.311648268884657	0.494458262182837	0.311648268884657	0.353625356245853	0.325882310173452	0.311648268884657	0.311648268884657	0.325882310173452	0.311648268884657	0.444240045619578	0.455193635623602	0.311648268884657	0.311648268884657	0.32113811850072	0.311648268884657	0.311648268884657	0.311648268884657	0.32113811850072	0.32113811850072	0.311648268884657	0.32113811850072	0.311648268884657	0.311648268884657	0.455193635623602	0.311648268884657	0.311648268884657	0.455193635623602	0.315456066318403	0.491921733125248	0.491921733125248	0.315456066318403	0.315456066318403	0.315456066318403	0.315456066318403	0.315456066318403	0.290364598286696	0.290364598286696	0.290364598286696	0.290364598286696	0.290364598286696	0.290364598286696	0.290364598286696	0.290364598286696	0.290364598286696	0.457255757312391	0.457255757312391	0.412513943605501	0.412513943605501	0.412513943605501	0.412513943605501	0.412513943605501	0.412513943605501	0.412513943605501	0.412513943605501	0.412513943605501	0.412513943605501	0.412513943605501	0.412513943605501	0.412513943605501	0.412513943605501	0.412513943605501	0.412513943605501	0.412513943605501	0.412513943605501	0.525076460200557	0.412513943605501	0.412513943605501	0.354898241905355	0.354898241905355	0.412513943605501	0.412513943605501	0.412513943605501	0.412513943605501	0.45092640123352	0.45092640123352	0.412513943605501	0.412513943605501	0.298500441566205	0.296718811602778	0.412513943605501	0.412513943605501	0.298500441566205	0.491921733125248	0.311648268884657	0.315456066318403	0.412513943605501	0.412513943605501	0.455193635623602	0.491921733125248	0.455193635623602	0.311648268884657	0.315456066318403	0.412513943605501	0.412513943605501	0.491921733125248	0.455193635623602	0.311648268884657	0.315456066318403	0.412513943605501	0.412513943605501
GSM2612168	0.494864882573312	0.308956729906689	0.400940366282513	0.308956729906689	0.470729711660409	0.400940366282513	0.285646384992006	0.400940366282513	0.403304999502581	0.381788593686897	0.400940366282513	0.400940366282513	0.381788593686897	0.400940366282513	0.481188301318706	0.470729711660409	0.400940366282513	0.400940366282513	0.380516186999316	0.400940366282513	0.400940366282513	0.400940366282513	0.380516186999316	0.380516186999316	0.400940366282513	0.380516186999316	0.400940366282513	0.400940366282513	0.470729711660409	0.400940366282513	0.400940366282513	0.470729711660409	0.505923338236186	0.308956729906689	0.308956729906689	0.505923338236186	0.505923338236186	0.505923338236186	0.505923338236186	0.505923338236186	0.499884778200427	0.499884778200427	0.499884778200427	0.499884778200427	0.499884778200427	0.499884778200427	0.499884778200427	0.499884778200427	0.499884778200427	0.561510747036913	0.561510747036913	0.442628035141476	0.442628035141476	0.442628035141476	0.442628035141476	0.442628035141476	0.442628035141476	0.442628035141476	0.442628035141476	0.442628035141476	0.442628035141476	0.442628035141476	0.442628035141476	0.442628035141476	0.442628035141476	0.442628035141476	0.442628035141476	0.442628035141476	0.442628035141476	0.494864882573312	0.442628035141476	0.442628035141476	0.398747027245169	0.398747027245169	0.442628035141476	0.442628035141476	0.442628035141476	0.442628035141476	0.60627028173846	0.60627028173846	0.442628035141476	0.442628035141476	0.466718613926265	0.378328702500214	0.442628035141476	0.442628035141476	0.466718613926265	0.308956729906689	0.400940366282513	0.505923338236186	0.442628035141476	0.442628035141476	0.470729711660409	0.308956729906689	0.470729711660409	0.400940366282513	0.505923338236186	0.442628035141476	0.442628035141476	0.308956729906689	0.470729711660409	0.400940366282513	0.505923338236186	0.442628035141476	0.442628035141476
GSM2612169	0.930233404341578	0.946229242609771	0.908154808277955	0.946229242609771	0.942044992855143	0.908154808277955	0.951237715859642	0.908154808277955	0.916614229358043	0.911873448842701	0.908154808277955	0.908154808277955	0.911873448842701	0.908154808277955	0.949126174396562	0.942044992855143	0.908154808277955	0.908154808277955	0.918344599740166	0.908154808277955	0.908154808277955	0.908154808277955	0.918344599740166	0.918344599740166	0.908154808277955	0.918344599740166	0.908154808277955	0.908154808277955	0.942044992855143	0.908154808277955	0.908154808277955	0.942044992855143	0.74004644549543	0.946229242609771	0.946229242609771	0.74004644549543	0.74004644549543	0.74004644549543	0.74004644549543	0.74004644549543	0.75521808653368	0.75521808653368	0.75521808653368	0.75521808653368	0.75521808653368	0.75521808653368	0.75521808653368	0.75521808653368	0.75521808653368	0.814951629330748	0.814951629330748	0.86614516932944	0.86614516932944	0.86614516932944	0.86614516932944	0.86614516932944	0.86614516932944	0.86614516932944	0.86614516932944	0.86614516932944	0.86614516932944	0.86614516932944	0.86614516932944	0.86614516932944	0.86614516932944	0.86614516932944	0.86614516932944	0.86614516932944	0.86614516932944	0.930233404341578	0.86614516932944	0.86614516932944	0.900991617404041	0.900991617404041	0.86614516932944	0.86614516932944	0.86614516932944	0.86614516932944	0.887967767661591	0.887967767661591	0.86614516932944	0.86614516932944	0.730117979773994	0.81739157196978	0.86614516932944	0.86614516932944	0.730117979773994	0.946229242609771	0.908154808277955	0.74004644549543	0.86614516932944	0.86614516932944	0.942044992855143	0.946229242609771	0.942044992855143	0.908154808277955	0.74004644549543	0.86614516932944	0.86614516932944	0.946229242609771	0.942044992855143	0.908154808277955	0.74004644549543	0.86614516932944	0.86614516932944
GSM2612170	0.96893968469725	0.979135577653586	0.976868564060138	0.979135577653586	0.968516642869117	0.976868564060138	0.963290547240289	0.976868564060138	0.974636106250437	0.977722984028424	0.976868564060138	0.976868564060138	0.977722984028424	0.976868564060138	0.968063896130635	0.968516642869117	0.976868564060138	0.976868564060138	0.976853918310372	0.976868564060138	0.976868564060138	0.976868564060138	0.976853918310372	0.976853918310372	0.976868564060138	0.976853918310372	0.976868564060138	0.976868564060138	0.968516642869117	0.976868564060138	0.976868564060138	0.968516642869117	0.965725361688998	0.979135577653586	0.979135577653586	0.965725361688998	0.965725361688998	0.965725361688998	0.965725361688998	0.965725361688998	0.964383583270647	0.964383583270647	0.964383583270647	0.964383583270647	0.964383583270647	0.964383583270647	0.964383583270647	0.964383583270647	0.964383583270647	0.958272829134897	0.958272829134897	0.931862321135483	0.931862321135483	0.931862321135483	0.931862321135483	0.931862321135483	0.931862321135483	0.931862321135483	0.931862321135483	0.931862321135483	0.931862321135483	0.931862321135483	0.931862321135483	0.931862321135483	0.931862321135483	0.931862321135483	0.931862321135483	0.931862321135483	0.931862321135483	0.96893968469725	0.931862321135483	0.931862321135483	0.978007591478179	0.978007591478179	0.931862321135483	0.931862321135483	0.931862321135483	0.931862321135483	0.93884314586394	0.93884314586394	0.931862321135483	0.931862321135483	0.956261454274025	0.973048362386652	0.931862321135483	0.931862321135483	0.956261454274025	0.979135577653586	0.976868564060138	0.965725361688998	0.931862321135483	0.931862321135483	0.968516642869117	0.979135577653586	0.968516642869117	0.976868564060138	0.965725361688998	0.931862321135483	0.931862321135483	0.979135577653586	0.968516642869117	0.976868564060138	0.965725361688998	0.931862321135483	0.931862321135483
GSM2612171	0.996981540427355	0.997725800476442	0.998650550560583	0.997725800476442	0.997993101158061	0.998650550560583	0.997841607682981	0.998650550560583	0.998867513594884	0.998780349130943	0.998650550560583	0.998650550560583	0.998780349130943	0.998650550560583	0.997692606412069	0.997993101158061	0.998650550560583	0.998650550560583	0.998650118294546	0.998650550560583	0.998650550560583	0.998650550560583	0.998650118294546	0.998650118294546	0.998650550560583	0.998650118294546	0.998650550560583	0.998650550560583	0.997993101158061	0.998650550560583	0.998650550560583	0.997993101158061	0.975582213003602	0.997725800476442	0.997725800476442	0.975582213003602	0.975582213003602	0.975582213003602	0.975582213003602	0.975582213003602	0.972968738258218	0.972968738258218	0.972968738258218	0.972968738258218	0.972968738258218	0.972968738258218	0.972968738258218	0.972968738258218	0.972968738258218	0.965661356355226	0.965661356355226	0.996056352532445	0.996056352532445	0.996056352532445	0.996056352532445	0.996056352532445	0.996056352532445	0.996056352532445	0.996056352532445	0.996056352532445	0.996056352532445	0.996056352532445	0.996056352532445	0.996056352532445	0.996056352532445	0.996056352532445	0.996056352532445	0.996056352532445	0.996056352532445	0.996981540427355	0.996056352532445	0.996056352532445	0.99836101737772	0.99836101737772	0.996056352532445	0.996056352532445	0.996056352532445	0.996056352532445	0.996867384067312	0.996867384067312	0.996056352532445	0.996056352532445	0.975793445443778	0.97261782487873	0.996056352532445	0.996056352532445	0.975793445443778	0.997725800476442	0.998650550560583	0.975582213003602	0.996056352532445	0.996056352532445	0.997993101158061	0.997725800476442	0.997993101158061	0.998650550560583	0.975582213003602	0.996056352532445	0.996056352532445	0.997725800476442	0.997993101158061	0.998650550560583	0.975582213003602	0.996056352532445	0.996056352532445
GSM2612172	0.440034617770169	0.483622886102581	0.513447525133495	0.483622886102581	0.465386133914708	0.513447525133495	0.49598235786675	0.513447525133495	0.519726364709258	0.521750338093066	0.513447525133495	0.513447525133495	0.521750338093066	0.513447525133495	0.415937962301056	0.465386133914708	0.513447525133495	0.513447525133495	0.493153514962598	0.513447525133495	0.513447525133495	0.513447525133495	0.493153514962598	0.493153514962598	0.513447525133495	0.493153514962598	0.513447525133495	0.513447525133495	0.465386133914708	0.513447525133495	0.513447525133495	0.465386133914708	0.566559847947748	0.483622886102581	0.483622886102581	0.566559847947748	0.566559847947748	0.566559847947748	0.566559847947748	0.566559847947748	0.58696072501632	0.58696072501632	0.58696072501632	0.58696072501632	0.58696072501632	0.58696072501632	0.58696072501632	0.58696072501632	0.58696072501632	0.648881795174769	0.648881795174769	0.654684421215852	0.654684421215852	0.654684421215852	0.654684421215852	0.654684421215852	0.654684421215852	0.654684421215852	0.654684421215852	0.654684421215852	0.654684421215852	0.654684421215852	0.654684421215852	0.654684421215852	0.654684421215852	0.654684421215852	0.654684421215852	0.654684421215852	0.654684421215852	0.440034617770169	0.654684421215852	0.654684421215852	0.426297841406605	0.426297841406605	0.654684421215852	0.654684421215852	0.654684421215852	0.654684421215852	0.595934673639022	0.595934673639022	0.654684421215852	0.654684421215852	0.594557731293923	0.486392259122896	0.654684421215852	0.654684421215852	0.594557731293923	0.483622886102581	0.513447525133495	0.566559847947748	0.654684421215852	0.654684421215852	0.465386133914708	0.483622886102581	0.465386133914708	0.513447525133495	0.566559847947748	0.654684421215852	0.654684421215852	0.483622886102581	0.465386133914708	0.513447525133495	0.566559847947748	0.654684421215852	0.654684421215852
GSM2612173	0.974713351785023	0.991005000555522	0.98590475320607	0.991005000555522	0.977268320912957	0.98590475320607	0.980273446799461	0.98590475320607	0.987174978512117	0.986590881270678	0.98590475320607	0.98590475320607	0.986590881270678	0.98590475320607	0.972603164650037	0.977268320912957	0.98590475320607	0.98590475320607	0.984714140645956	0.98590475320607	0.98590475320607	0.98590475320607	0.984714140645956	0.984714140645956	0.98590475320607	0.984714140645956	0.98590475320607	0.98590475320607	0.977268320912957	0.98590475320607	0.98590475320607	0.977268320912957	0.991447638126037	0.991005000555522	0.991005000555522	0.991447638126037	0.991447638126037	0.991447638126037	0.991447638126037	0.991447638126037	0.990467827465223	0.990467827465223	0.990467827465223	0.990467827465223	0.990467827465223	0.990467827465223	0.990467827465223	0.990467827465223	0.990467827465223	0.988417516124854	0.988417516124854	0.984159531958211	0.984159531958211	0.984159531958211	0.984159531958211	0.984159531958211	0.984159531958211	0.984159531958211	0.984159531958211	0.984159531958211	0.984159531958211	0.984159531958211	0.984159531958211	0.984159531958211	0.984159531958211	0.984159531958211	0.984159531958211	0.984159531958211	0.984159531958211	0.974713351785023	0.984159531958211	0.984159531958211	0.972072086265481	0.972072086265481	0.984159531958211	0.984159531958211	0.984159531958211	0.984159531958211	0.983428149231443	0.983428149231443	0.984159531958211	0.984159531958211	0.992909096757218	0.988946337126285	0.984159531958211	0.984159531958211	0.992909096757218	0.991005000555522	0.98590475320607	0.991447638126037	0.984159531958211	0.984159531958211	0.977268320912957	0.991005000555522	0.977268320912957	0.98590475320607	0.991447638126037	0.984159531958211	0.984159531958211	0.991005000555522	0.977268320912957	0.98590475320607	0.991447638126037	0.984159531958211	0.984159531958211
GSM2612174	0.994233382238149	0.993661274268133	0.992495552637626	0.993661274268133	0.994907660174673	0.992495552637626	0.991299350130749	0.992495552637626	0.993467386531789	0.992960365423044	0.992495552637626	0.992495552637626	0.992960365423044	0.992495552637626	0.993506516894738	0.994907660174673	0.992495552637626	0.992495552637626	0.992101897453512	0.992495552637626	0.992495552637626	0.992495552637626	0.992101897453512	0.992101897453512	0.992495552637626	0.992101897453512	0.992495552637626	0.992495552637626	0.994907660174673	0.992495552637626	0.992495552637626	0.994907660174673	0.978526789168739	0.993661274268133	0.993661274268133	0.978526789168739	0.978526789168739	0.978526789168739	0.978526789168739	0.978526789168739	0.980658533410248	0.980658533410248	0.980658533410248	0.980658533410248	0.980658533410248	0.980658533410248	0.980658533410248	0.980658533410248	0.980658533410248	0.974871141992001	0.974871141992001	0.981444708379156	0.981444708379156	0.981444708379156	0.981444708379156	0.981444708379156	0.981444708379156	0.981444708379156	0.981444708379156	0.981444708379156	0.981444708379156	0.981444708379156	0.981444708379156	0.981444708379156	0.981444708379156	0.981444708379156	0.981444708379156	0.981444708379156	0.981444708379156	0.994233382238149	0.981444708379156	0.981444708379156	0.995339309690321	0.995339309690321	0.981444708379156	0.981444708379156	0.981444708379156	0.981444708379156	0.9837168994285	0.9837168994285	0.981444708379156	0.981444708379156	0.971249150642859	0.988236015498331	0.981444708379156	0.981444708379156	0.971249150642859	0.993661274268133	0.992495552637626	0.978526789168739	0.981444708379156	0.981444708379156	0.994907660174673	0.993661274268133	0.994907660174673	0.992495552637626	0.978526789168739	0.981444708379156	0.981444708379156	0.993661274268133	0.994907660174673	0.992495552637626	0.978526789168739	0.981444708379156	0.981444708379156
GSM2612175	0.796635242035372	0.939869578963024	0.752130290631397	0.939869578963024	0.866145359310612	0.752130290631397	0.918518344868465	0.752130290631397	0.798974353950779	0.779324339858156	0.752130290631397	0.752130290631397	0.779324339858156	0.752130290631397	0.84384350327074	0.866145359310612	0.752130290631397	0.752130290631397	0.768825825489794	0.752130290631397	0.752130290631397	0.752130290631397	0.768825825489794	0.768825825489794	0.752130290631397	0.768825825489794	0.752130290631397	0.752130290631397	0.866145359310612	0.752130290631397	0.752130290631397	0.866145359310612	0.647403909447001	0.939869578963024	0.939869578963024	0.647403909447001	0.647403909447001	0.647403909447001	0.647403909447001	0.647403909447001	0.677220521481063	0.677220521481063	0.677220521481063	0.677220521481063	0.677220521481063	0.677220521481063	0.677220521481063	0.677220521481063	0.677220521481063	0.594029880340183	0.594029880340183	0.919917376870283	0.919917376870283	0.919917376870283	0.919917376870283	0.919917376870283	0.919917376870283	0.919917376870283	0.919917376870283	0.919917376870283	0.919917376870283	0.919917376870283	0.919917376870283	0.919917376870283	0.919917376870283	0.919917376870283	0.919917376870283	0.919917376870283	0.919917376870283	0.796635242035372	0.919917376870283	0.919917376870283	0.683975594697462	0.683975594697462	0.919917376870283	0.919917376870283	0.919917376870283	0.919917376870283	0.851822770064296	0.851822770064296	0.919917376870283	0.919917376870283	0.728101417637213	0.687898047766339	0.919917376870283	0.919917376870283	0.728101417637213	0.939869578963024	0.752130290631397	0.647403909447001	0.919917376870283	0.919917376870283	0.866145359310612	0.939869578963024	0.866145359310612	0.752130290631397	0.647403909447001	0.919917376870283	0.919917376870283	0.939869578963024	0.866145359310612	0.752130290631397	0.647403909447001	0.919917376870283	0.919917376870283
GSM2612176	0.918168802676814	0.894618672169406	0.920879008253664	0.894618672169406	0.913566241867546	0.920879008253664	0.883186830141511	0.920879008253664	0.922894942675119	0.920456258041144	0.920879008253664	0.920879008253664	0.920456258041144	0.920879008253664	0.915104307511666	0.913566241867546	0.920879008253664	0.920879008253664	0.920587459774037	0.920879008253664	0.920879008253664	0.920879008253664	0.920587459774037	0.920587459774037	0.920879008253664	0.920587459774037	0.920879008253664	0.920879008253664	0.913566241867546	0.920879008253664	0.920879008253664	0.913566241867546	0.933099287034474	0.894618672169406	0.894618672169406	0.933099287034474	0.933099287034474	0.933099287034474	0.933099287034474	0.933099287034474	0.934164370614185	0.934164370614185	0.934164370614185	0.934164370614185	0.934164370614185	0.934164370614185	0.934164370614185	0.934164370614185	0.934164370614185	0.941521121141551	0.941521121141551	0.916728495042296	0.916728495042296	0.916728495042296	0.916728495042296	0.916728495042296	0.916728495042296	0.916728495042296	0.916728495042296	0.916728495042296	0.916728495042296	0.916728495042296	0.916728495042296	0.916728495042296	0.916728495042296	0.916728495042296	0.916728495042296	0.916728495042296	0.916728495042296	0.918168802676814	0.916728495042296	0.916728495042296	0.913665074386607	0.913665074386607	0.916728495042296	0.916728495042296	0.916728495042296	0.916728495042296	0.93079319800034	0.93079319800034	0.916728495042296	0.916728495042296	0.894021739685468	0.916697097908067	0.916728495042296	0.916728495042296	0.894021739685468	0.894618672169406	0.920879008253664	0.933099287034474	0.916728495042296	0.916728495042296	0.913566241867546	0.894618672169406	0.913566241867546	0.920879008253664	0.933099287034474	0.916728495042296	0.916728495042296	0.894618672169406	0.913566241867546	0.920879008253664	0.933099287034474	0.916728495042296	0.916728495042296
GSM2612177	0.952440377843836	0.986323032851441	0.963023127912649	0.986323032851441	0.960759761277618	0.963023127912649	0.981985547805107	0.963023127912649	0.965918687330997	0.966502621629569	0.963023127912649	0.963023127912649	0.966502621629569	0.963023127912649	0.962864221793275	0.960759761277618	0.963023127912649	0.963023127912649	0.966850732333445	0.963023127912649	0.963023127912649	0.963023127912649	0.966850732333445	0.966850732333445	0.963023127912649	0.966850732333445	0.963023127912649	0.963023127912649	0.960759761277618	0.963023127912649	0.963023127912649	0.960759761277618	0.890698414320428	0.986323032851441	0.986323032851441	0.890698414320428	0.890698414320428	0.890698414320428	0.890698414320428	0.890698414320428	0.878123821094433	0.878123821094433	0.878123821094433	0.878123821094433	0.878123821094433	0.878123821094433	0.878123821094433	0.878123821094433	0.878123821094433	0.858277150006048	0.858277150006048	0.952327816792427	0.952327816792427	0.952327816792427	0.952327816792427	0.952327816792427	0.952327816792427	0.952327816792427	0.952327816792427	0.952327816792427	0.952327816792427	0.952327816792427	0.952327816792427	0.952327816792427	0.952327816792427	0.952327816792427	0.952327816792427	0.952327816792427	0.952327816792427	0.952440377843836	0.952327816792427	0.952327816792427	0.954891601990522	0.954891601990522	0.952327816792427	0.952327816792427	0.952327816792427	0.952327816792427	0.93175472666999	0.93175472666999	0.952327816792427	0.952327816792427	0.892794571810022	0.897608632679178	0.952327816792427	0.952327816792427	0.892794571810022	0.986323032851441	0.963023127912649	0.890698414320428	0.952327816792427	0.952327816792427	0.960759761277618	0.986323032851441	0.960759761277618	0.963023127912649	0.890698414320428	0.952327816792427	0.952327816792427	0.986323032851441	0.960759761277618	0.963023127912649	0.890698414320428	0.952327816792427	0.952327816792427
GSM2612178	0.896685622203775	0.914609002734875	0.925674788799159	0.914609002734875	0.887472314776007	0.925674788799159	0.90302049684596	0.925674788799159	0.911419404870095	0.913854768356806	0.925674788799159	0.925674788799159	0.913854768356806	0.925674788799159	0.88301511666746	0.887472314776007	0.925674788799159	0.925674788799159	0.915461689891771	0.925674788799159	0.925674788799159	0.925674788799159	0.915461689891771	0.915461689891771	0.925674788799159	0.915461689891771	0.925674788799159	0.925674788799159	0.887472314776007	0.925674788799159	0.925674788799159	0.887472314776007	0.942616854501696	0.914609002734875	0.914609002734875	0.942616854501696	0.942616854501696	0.942616854501696	0.942616854501696	0.942616854501696	0.947386278520673	0.947386278520673	0.947386278520673	0.947386278520673	0.947386278520673	0.947386278520673	0.947386278520673	0.947386278520673	0.947386278520673	0.916663208300992	0.916663208300992	0.947373588745181	0.947373588745181	0.947373588745181	0.947373588745181	0.947373588745181	0.947373588745181	0.947373588745181	0.947373588745181	0.947373588745181	0.947373588745181	0.947373588745181	0.947373588745181	0.947373588745181	0.947373588745181	0.947373588745181	0.947373588745181	0.947373588745181	0.947373588745181	0.896685622203775	0.947373588745181	0.947373588745181	0.910733264971445	0.910733264971445	0.947373588745181	0.947373588745181	0.947373588745181	0.947373588745181	0.910076999501905	0.910076999501905	0.947373588745181	0.947373588745181	0.924324618159652	0.952901882235756	0.947373588745181	0.947373588745181	0.924324618159652	0.914609002734875	0.925674788799159	0.942616854501696	0.947373588745181	0.947373588745181	0.887472314776007	0.914609002734875	0.887472314776007	0.925674788799159	0.942616854501696	0.947373588745181	0.947373588745181	0.914609002734875	0.887472314776007	0.925674788799159	0.942616854501696	0.947373588745181	0.947373588745181
GSM2612179	0.312682289034924	0.259477291029856	0.42470706826289	0.259477291029856	0.299009091702785	0.42470706826289	0.266933784354233	0.42470706826289	0.447354594803637	0.430926148527903	0.42470706826289	0.42470706826289	0.430926148527903	0.42470706826289	0.305493811442811	0.299009091702785	0.42470706826289	0.42470706826289	0.428399640756352	0.42470706826289	0.42470706826289	0.42470706826289	0.428399640756352	0.428399640756352	0.42470706826289	0.428399640756352	0.42470706826289	0.42470706826289	0.299009091702785	0.42470706826289	0.42470706826289	0.299009091702785	0.565933158426177	0.259477291029856	0.259477291029856	0.565933158426177	0.565933158426177	0.565933158426177	0.565933158426177	0.565933158426177	0.579515559783838	0.579515559783838	0.579515559783838	0.579515559783838	0.579515559783838	0.579515559783838	0.579515559783838	0.579515559783838	0.579515559783838	0.618156764203989	0.618156764203989	0.301642846341916	0.301642846341916	0.301642846341916	0.301642846341916	0.301642846341916	0.301642846341916	0.301642846341916	0.301642846341916	0.301642846341916	0.301642846341916	0.301642846341916	0.301642846341916	0.301642846341916	0.301642846341916	0.301642846341916	0.301642846341916	0.301642846341916	0.301642846341916	0.312682289034924	0.301642846341916	0.301642846341916	0.441847049534605	0.441847049534605	0.301642846341916	0.301642846341916	0.301642846341916	0.301642846341916	0.353270149779284	0.353270149779284	0.301642846341916	0.301642846341916	0.733164449513294	0.516462590683998	0.301642846341916	0.301642846341916	0.733164449513294	0.259477291029856	0.42470706826289	0.565933158426177	0.301642846341916	0.301642846341916	0.299009091702785	0.259477291029856	0.299009091702785	0.42470706826289	0.565933158426177	0.301642846341916	0.301642846341916	0.259477291029856	0.299009091702785	0.42470706826289	0.565933158426177	0.301642846341916	0.301642846341916
GSM2612180	0.718885103167684	0.745051126609091	0.702649124411825	0.745051126609091	0.726159448451844	0.702649124411825	0.722962148623569	0.702649124411825	0.703547540583116	0.719623460471924	0.702649124411825	0.702649124411825	0.719623460471924	0.702649124411825	0.725436094627736	0.726159448451844	0.702649124411825	0.702649124411825	0.720651974135507	0.702649124411825	0.702649124411825	0.702649124411825	0.720651974135507	0.720651974135507	0.702649124411825	0.720651974135507	0.702649124411825	0.702649124411825	0.726159448451844	0.702649124411825	0.702649124411825	0.726159448451844	0.821661184752513	0.745051126609091	0.745051126609091	0.821661184752513	0.821661184752513	0.821661184752513	0.821661184752513	0.821661184752513	0.822150818112964	0.822150818112964	0.822150818112964	0.822150818112964	0.822150818112964	0.822150818112964	0.822150818112964	0.822150818112964	0.822150818112964	0.839307193170395	0.839307193170395	0.768097546763807	0.768097546763807	0.768097546763807	0.768097546763807	0.768097546763807	0.768097546763807	0.768097546763807	0.768097546763807	0.768097546763807	0.768097546763807	0.768097546763807	0.768097546763807	0.768097546763807	0.768097546763807	0.768097546763807	0.768097546763807	0.768097546763807	0.768097546763807	0.718885103167684	0.768097546763807	0.768097546763807	0.640234518589753	0.640234518589753	0.768097546763807	0.768097546763807	0.768097546763807	0.768097546763807	0.781992774660972	0.781992774660972	0.768097546763807	0.768097546763807	0.83834513221315	0.795730096853917	0.768097546763807	0.768097546763807	0.83834513221315	0.745051126609091	0.702649124411825	0.821661184752513	0.768097546763807	0.768097546763807	0.726159448451844	0.745051126609091	0.726159448451844	0.702649124411825	0.821661184752513	0.768097546763807	0.768097546763807	0.745051126609091	0.726159448451844	0.702649124411825	0.821661184752513	0.768097546763807	0.768097546763807
GSM2612181	0.788553059902791	0.801869904708428	0.77236260323724	0.801869904708428	0.788382091468662	0.77236260323724	0.816681450877407	0.77236260323724	0.775971488506765	0.77194317196282	0.77236260323724	0.77236260323724	0.77194317196282	0.77236260323724	0.795010294798656	0.788382091468662	0.77236260323724	0.77236260323724	0.769597443943565	0.77236260323724	0.77236260323724	0.77236260323724	0.769597443943565	0.769597443943565	0.77236260323724	0.769597443943565	0.77236260323724	0.77236260323724	0.788382091468662	0.77236260323724	0.77236260323724	0.788382091468662	0.77536503053525	0.801869904708428	0.801869904708428	0.77536503053525	0.77536503053525	0.77536503053525	0.77536503053525	0.77536503053525	0.765853918754206	0.765853918754206	0.765853918754206	0.765853918754206	0.765853918754206	0.765853918754206	0.765853918754206	0.765853918754206	0.765853918754206	0.786933140409867	0.786933140409867	0.816136136292433	0.816136136292433	0.816136136292433	0.816136136292433	0.816136136292433	0.816136136292433	0.816136136292433	0.816136136292433	0.816136136292433	0.816136136292433	0.816136136292433	0.816136136292433	0.816136136292433	0.816136136292433	0.816136136292433	0.816136136292433	0.816136136292433	0.816136136292433	0.788553059902791	0.816136136292433	0.816136136292433	0.717200538830898	0.717200538830898	0.816136136292433	0.816136136292433	0.816136136292433	0.816136136292433	0.810805052561783	0.810805052561783	0.816136136292433	0.816136136292433	0.841952929521116	0.717922974037066	0.816136136292433	0.816136136292433	0.841952929521116	0.801869904708428	0.77236260323724	0.77536503053525	0.816136136292433	0.816136136292433	0.788382091468662	0.801869904708428	0.788382091468662	0.77236260323724	0.77536503053525	0.816136136292433	0.816136136292433	0.801869904708428	0.788382091468662	0.77236260323724	0.77536503053525	0.816136136292433	0.816136136292433
GSM2612182	0.639465802823792	0.610431750491547	0.683709546159814	0.610431750491547	0.626838693694949	0.683709546159814	0.571378511681971	0.683709546159814	0.647371149552608	0.672798244177711	0.683709546159814	0.683709546159814	0.672798244177711	0.683709546159814	0.653114443079956	0.626838693694949	0.683709546159814	0.683709546159814	0.680201939791455	0.683709546159814	0.683709546159814	0.683709546159814	0.680201939791455	0.680201939791455	0.683709546159814	0.680201939791455	0.683709546159814	0.683709546159814	0.626838693694949	0.683709546159814	0.683709546159814	0.626838693694949	0.625523711837675	0.610431750491547	0.610431750491547	0.625523711837675	0.625523711837675	0.625523711837675	0.625523711837675	0.625523711837675	0.616836506983588	0.616836506983588	0.616836506983588	0.616836506983588	0.616836506983588	0.616836506983588	0.616836506983588	0.616836506983588	0.616836506983588	0.63605566150891	0.63605566150891	0.499947848236846	0.499947848236846	0.499947848236846	0.499947848236846	0.499947848236846	0.499947848236846	0.499947848236846	0.499947848236846	0.499947848236846	0.499947848236846	0.499947848236846	0.499947848236846	0.499947848236846	0.499947848236846	0.499947848236846	0.499947848236846	0.499947848236846	0.499947848236846	0.639465802823792	0.499947848236846	0.499947848236846	0.700855545374315	0.700855545374315	0.499947848236846	0.499947848236846	0.499947848236846	0.499947848236846	0.594496678083327	0.594496678083327	0.499947848236846	0.499947848236846	0.568687169279371	0.637616894567458	0.499947848236846	0.499947848236846	0.568687169279371	0.610431750491547	0.683709546159814	0.625523711837675	0.499947848236846	0.499947848236846	0.626838693694949	0.610431750491547	0.626838693694949	0.683709546159814	0.625523711837675	0.499947848236846	0.499947848236846	0.610431750491547	0.626838693694949	0.683709546159814	0.625523711837675	0.499947848236846	0.499947848236846
GSM2612183	0.806402184619545	0.772196925815313	0.632602456387949	0.772196925815313	0.789063996695754	0.632602456387949	0.771775834333238	0.632602456387949	0.586987155692121	0.599790292472255	0.632602456387949	0.632602456387949	0.599790292472255	0.632602456387949	0.808374319397039	0.789063996695754	0.632602456387949	0.632602456387949	0.623857701438377	0.632602456387949	0.632602456387949	0.632602456387949	0.623857701438377	0.623857701438377	0.632602456387949	0.623857701438377	0.632602456387949	0.632602456387949	0.789063996695754	0.632602456387949	0.632602456387949	0.789063996695754	0.749662856971822	0.772196925815313	0.772196925815313	0.749662856971822	0.749662856971822	0.749662856971822	0.749662856971822	0.749662856971822	0.738625065404926	0.738625065404926	0.738625065404926	0.738625065404926	0.738625065404926	0.738625065404926	0.738625065404926	0.738625065404926	0.738625065404926	0.693167979286049	0.693167979286049	0.823192447388525	0.823192447388525	0.823192447388525	0.823192447388525	0.823192447388525	0.823192447388525	0.823192447388525	0.823192447388525	0.823192447388525	0.823192447388525	0.823192447388525	0.823192447388525	0.823192447388525	0.823192447388525	0.823192447388525	0.823192447388525	0.823192447388525	0.823192447388525	0.806402184619545	0.823192447388525	0.823192447388525	0.566171150151504	0.566171150151504	0.823192447388525	0.823192447388525	0.823192447388525	0.823192447388525	0.8498096369131	0.8498096369131	0.823192447388525	0.823192447388525	0.781954216246545	0.723383026791426	0.823192447388525	0.823192447388525	0.781954216246545	0.772196925815313	0.632602456387949	0.749662856971822	0.823192447388525	0.823192447388525	0.789063996695754	0.772196925815313	0.789063996695754	0.632602456387949	0.749662856971822	0.823192447388525	0.823192447388525	0.772196925815313	0.789063996695754	0.632602456387949	0.749662856971822	0.823192447388525	0.823192447388525
GSM2612184	0.984532353320501	0.993256457070811	0.973374372939428	0.993256457070811	0.988475192485806	0.973374372939428	0.991112089812942	0.973374372939428	0.974779935562065	0.973511226510156	0.973374372939428	0.973374372939428	0.973511226510156	0.973374372939428	0.988693555281555	0.988475192485806	0.973374372939428	0.973374372939428	0.974793356371494	0.973374372939428	0.973374372939428	0.973374372939428	0.974793356371494	0.974793356371494	0.973374372939428	0.974793356371494	0.973374372939428	0.973374372939428	0.988475192485806	0.973374372939428	0.973374372939428	0.988475192485806	0.948910294042003	0.993256457070811	0.993256457070811	0.948910294042003	0.948910294042003	0.948910294042003	0.948910294042003	0.948910294042003	0.947922199398708	0.947922199398708	0.947922199398708	0.947922199398708	0.947922199398708	0.947922199398708	0.947922199398708	0.947922199398708	0.947922199398708	0.93541931143141	0.93541931143141	0.983360648495883	0.983360648495883	0.983360648495883	0.983360648495883	0.983360648495883	0.983360648495883	0.983360648495883	0.983360648495883	0.983360648495883	0.983360648495883	0.983360648495883	0.983360648495883	0.983360648495883	0.983360648495883	0.983360648495883	0.983360648495883	0.983360648495883	0.983360648495883	0.984532353320501	0.983360648495883	0.983360648495883	0.963659833532119	0.963659833532119	0.983360648495883	0.983360648495883	0.983360648495883	0.983360648495883	0.978579448810905	0.978579448810905	0.983360648495883	0.983360648495883	0.964488632924982	0.958833371055852	0.983360648495883	0.983360648495883	0.964488632924982	0.993256457070811	0.973374372939428	0.948910294042003	0.983360648495883	0.983360648495883	0.988475192485806	0.993256457070811	0.988475192485806	0.973374372939428	0.948910294042003	0.983360648495883	0.983360648495883	0.993256457070811	0.988475192485806	0.973374372939428	0.948910294042003	0.983360648495883	0.983360648495883
GSM2612185	0.869988665968149	0.879819146246681	0.884601370245381	0.879819146246681	0.857296334581556	0.884601370245381	0.882267357899004	0.884601370245381	0.875350320229296	0.87825123468399	0.884601370245381	0.884601370245381	0.87825123468399	0.884601370245381	0.85549188371931	0.857296334581556	0.884601370245381	0.884601370245381	0.880005232485447	0.884601370245381	0.884601370245381	0.884601370245381	0.880005232485447	0.880005232485447	0.884601370245381	0.880005232485447	0.884601370245381	0.884601370245381	0.857296334581556	0.884601370245381	0.884601370245381	0.857296334581556	0.841049229866169	0.879819146246681	0.879819146246681	0.841049229866169	0.841049229866169	0.841049229866169	0.841049229866169	0.841049229866169	0.839626506360315	0.839626506360315	0.839626506360315	0.839626506360315	0.839626506360315	0.839626506360315	0.839626506360315	0.839626506360315	0.839626506360315	0.869667418515787	0.869667418515787	0.86218707062713	0.86218707062713	0.86218707062713	0.86218707062713	0.86218707062713	0.86218707062713	0.86218707062713	0.86218707062713	0.86218707062713	0.86218707062713	0.86218707062713	0.86218707062713	0.86218707062713	0.86218707062713	0.86218707062713	0.86218707062713	0.86218707062713	0.86218707062713	0.869988665968149	0.86218707062713	0.86218707062713	0.888819018058445	0.888819018058445	0.86218707062713	0.86218707062713	0.86218707062713	0.86218707062713	0.810506280675766	0.810506280675766	0.86218707062713	0.86218707062713	0.809099501161997	0.870024767920331	0.86218707062713	0.86218707062713	0.809099501161997	0.879819146246681	0.884601370245381	0.841049229866169	0.86218707062713	0.86218707062713	0.857296334581556	0.879819146246681	0.857296334581556	0.884601370245381	0.841049229866169	0.86218707062713	0.86218707062713	0.879819146246681	0.857296334581556	0.884601370245381	0.841049229866169	0.86218707062713	0.86218707062713
GSM2612186	0.623159798291877	0.540369415213301	0.687030041451681	0.540369415213301	0.733634149561326	0.687030041451681	0.650180933488007	0.687030041451681	0.704511198731768	0.67918848974408	0.687030041451681	0.687030041451681	0.67918848974408	0.687030041451681	0.713142631329471	0.733634149561326	0.687030041451681	0.687030041451681	0.673800723501349	0.687030041451681	0.687030041451681	0.687030041451681	0.673800723501349	0.673800723501349	0.687030041451681	0.673800723501349	0.687030041451681	0.687030041451681	0.733634149561326	0.687030041451681	0.687030041451681	0.733634149561326	0.569202694362485	0.540369415213301	0.540369415213301	0.569202694362485	0.569202694362485	0.569202694362485	0.569202694362485	0.569202694362485	0.561722520428026	0.561722520428026	0.561722520428026	0.561722520428026	0.561722520428026	0.561722520428026	0.561722520428026	0.561722520428026	0.561722520428026	0.586590706595295	0.586590706595295	0.723755188512819	0.723755188512819	0.723755188512819	0.723755188512819	0.723755188512819	0.723755188512819	0.723755188512819	0.723755188512819	0.723755188512819	0.723755188512819	0.723755188512819	0.723755188512819	0.723755188512819	0.723755188512819	0.723755188512819	0.723755188512819	0.723755188512819	0.723755188512819	0.623159798291877	0.723755188512819	0.723755188512819	0.435822625827902	0.435822625827902	0.723755188512819	0.723755188512819	0.723755188512819	0.723755188512819	0.802194005957431	0.802194005957431	0.723755188512819	0.723755188512819	0.617938697134114	0.538152950715493	0.723755188512819	0.723755188512819	0.617938697134114	0.540369415213301	0.687030041451681	0.569202694362485	0.723755188512819	0.723755188512819	0.733634149561326	0.540369415213301	0.733634149561326	0.687030041451681	0.569202694362485	0.723755188512819	0.723755188512819	0.540369415213301	0.733634149561326	0.687030041451681	0.569202694362485	0.723755188512819	0.723755188512819
GSM2612187	0.665740533517078	0.658023894266655	0.438751472693764	0.658023894266655	0.599643012618187	0.438751472693764	0.659679419928973	0.438751472693764	0.454284330599457	0.424136009462921	0.438751472693764	0.438751472693764	0.424136009462921	0.438751472693764	0.585415724119588	0.599643012618187	0.438751472693764	0.438751472693764	0.419047939514578	0.438751472693764	0.438751472693764	0.438751472693764	0.419047939514578	0.419047939514578	0.438751472693764	0.419047939514578	0.438751472693764	0.438751472693764	0.599643012618187	0.438751472693764	0.438751472693764	0.599643012618187	0.518784626807386	0.658023894266655	0.658023894266655	0.518784626807386	0.518784626807386	0.518784626807386	0.518784626807386	0.518784626807386	0.517380926043285	0.517380926043285	0.517380926043285	0.517380926043285	0.517380926043285	0.517380926043285	0.517380926043285	0.517380926043285	0.517380926043285	0.560448533684873	0.560448533684873	0.713917829551731	0.713917829551731	0.713917829551731	0.713917829551731	0.713917829551731	0.713917829551731	0.713917829551731	0.713917829551731	0.713917829551731	0.713917829551731	0.713917829551731	0.713917829551731	0.713917829551731	0.713917829551731	0.713917829551731	0.713917829551731	0.713917829551731	0.713917829551731	0.665740533517078	0.713917829551731	0.713917829551731	0.542500354473623	0.542500354473623	0.713917829551731	0.713917829551731	0.713917829551731	0.713917829551731	0.6644346056788	0.6644346056788	0.713917829551731	0.713917829551731	0.536781749620641	0.484850291854541	0.713917829551731	0.713917829551731	0.536781749620641	0.658023894266655	0.438751472693764	0.518784626807386	0.713917829551731	0.713917829551731	0.599643012618187	0.658023894266655	0.599643012618187	0.438751472693764	0.518784626807386	0.713917829551731	0.713917829551731	0.658023894266655	0.599643012618187	0.438751472693764	0.518784626807386	0.713917829551731	0.713917829551731
GSM2612188	0.977481091334878	0.980508476739016	0.966672959771214	0.980508476739016	0.973813517005778	0.966672959771214	0.981796882389824	0.966672959771214	0.963927697127885	0.962420618542714	0.966672959771214	0.966672959771214	0.962420618542714	0.966672959771214	0.975907495999195	0.973813517005778	0.966672959771214	0.966672959771214	0.964234401478864	0.966672959771214	0.966672959771214	0.966672959771214	0.964234401478864	0.964234401478864	0.966672959771214	0.964234401478864	0.966672959771214	0.966672959771214	0.973813517005778	0.966672959771214	0.966672959771214	0.973813517005778	0.933721238288112	0.980508476739016	0.980508476739016	0.933721238288112	0.933721238288112	0.933721238288112	0.933721238288112	0.933721238288112	0.942231238910038	0.942231238910038	0.942231238910038	0.942231238910038	0.942231238910038	0.942231238910038	0.942231238910038	0.942231238910038	0.942231238910038	0.90298692260896	0.90298692260896	0.980766005684076	0.980766005684076	0.980766005684076	0.980766005684076	0.980766005684076	0.980766005684076	0.980766005684076	0.980766005684076	0.980766005684076	0.980766005684076	0.980766005684076	0.980766005684076	0.980766005684076	0.980766005684076	0.980766005684076	0.980766005684076	0.980766005684076	0.980766005684076	0.977481091334878	0.980766005684076	0.980766005684076	0.972667301098417	0.972667301098417	0.980766005684076	0.980766005684076	0.980766005684076	0.980766005684076	0.967260372870929	0.967260372870929	0.980766005684076	0.980766005684076	0.947331470816374	0.950753737754885	0.980766005684076	0.980766005684076	0.947331470816374	0.980508476739016	0.966672959771214	0.933721238288112	0.980766005684076	0.980766005684076	0.973813517005778	0.980508476739016	0.973813517005778	0.966672959771214	0.933721238288112	0.980766005684076	0.980766005684076	0.980508476739016	0.973813517005778	0.966672959771214	0.933721238288112	0.980766005684076	0.980766005684076
GSM2612189	0.954707008467083	0.943100265160783	0.922079673381806	0.943100265160783	0.952143183636006	0.922079673381806	0.947049365150657	0.922079673381806	0.908623297113411	0.919309954057817	0.922079673381806	0.922079673381806	0.919309954057817	0.922079673381806	0.960054114503197	0.952143183636006	0.922079673381806	0.922079673381806	0.924882494022522	0.922079673381806	0.922079673381806	0.922079673381806	0.924882494022522	0.924882494022522	0.922079673381806	0.924882494022522	0.922079673381806	0.922079673381806	0.952143183636006	0.922079673381806	0.922079673381806	0.952143183636006	0.940408978118553	0.943100265160783	0.943100265160783	0.940408978118553	0.940408978118553	0.940408978118553	0.940408978118553	0.940408978118553	0.939254749301676	0.939254749301676	0.939254749301676	0.939254749301676	0.939254749301676	0.939254749301676	0.939254749301676	0.939254749301676	0.939254749301676	0.936879559436207	0.936879559436207	0.946609058013364	0.946609058013364	0.946609058013364	0.946609058013364	0.946609058013364	0.946609058013364	0.946609058013364	0.946609058013364	0.946609058013364	0.946609058013364	0.946609058013364	0.946609058013364	0.946609058013364	0.946609058013364	0.946609058013364	0.946609058013364	0.946609058013364	0.946609058013364	0.954707008467083	0.946609058013364	0.946609058013364	0.931304355069301	0.931304355069301	0.946609058013364	0.946609058013364	0.946609058013364	0.946609058013364	0.954570822570793	0.954570822570793	0.946609058013364	0.946609058013364	0.823824120873495	0.918098575744991	0.946609058013364	0.946609058013364	0.823824120873495	0.943100265160783	0.922079673381806	0.940408978118553	0.946609058013364	0.946609058013364	0.952143183636006	0.943100265160783	0.952143183636006	0.922079673381806	0.940408978118553	0.946609058013364	0.946609058013364	0.943100265160783	0.952143183636006	0.922079673381806	0.940408978118553	0.946609058013364	0.946609058013364
GSM2612190	0.513731421528447	0.528864215439959	0.452604220548095	0.528864215439959	0.514511923361169	0.452604220548095	0.538734887244003	0.452604220548095	0.425025540982442	0.419021582164583	0.452604220548095	0.452604220548095	0.419021582164583	0.452604220548095	0.577543779079068	0.514511923361169	0.452604220548095	0.452604220548095	0.454795476605658	0.452604220548095	0.452604220548095	0.452604220548095	0.454795476605658	0.454795476605658	0.452604220548095	0.454795476605658	0.452604220548095	0.452604220548095	0.514511923361169	0.452604220548095	0.452604220548095	0.514511923361169	0.398396608349103	0.528864215439959	0.528864215439959	0.398396608349103	0.398396608349103	0.398396608349103	0.398396608349103	0.398396608349103	0.392082139357682	0.392082139357682	0.392082139357682	0.392082139357682	0.392082139357682	0.392082139357682	0.392082139357682	0.392082139357682	0.392082139357682	0.319673199431909	0.319673199431909	0.49003801138379	0.49003801138379	0.49003801138379	0.49003801138379	0.49003801138379	0.49003801138379	0.49003801138379	0.49003801138379	0.49003801138379	0.49003801138379	0.49003801138379	0.49003801138379	0.49003801138379	0.49003801138379	0.49003801138379	0.49003801138379	0.49003801138379	0.49003801138379	0.513731421528447	0.49003801138379	0.49003801138379	0.498645085160518	0.498645085160518	0.49003801138379	0.49003801138379	0.49003801138379	0.49003801138379	0.425612090256855	0.425612090256855	0.49003801138379	0.49003801138379	0.522295504782046	0.396008423751203	0.49003801138379	0.49003801138379	0.522295504782045	0.528864215439959	0.452604220548095	0.398396608349103	0.49003801138379	0.49003801138379	0.514511923361169	0.528864215439959	0.514511923361169	0.452604220548095	0.398396608349103	0.49003801138379	0.49003801138379	0.528864215439959	0.514511923361169	0.452604220548095	0.398396608349103	0.49003801138379	0.49003801138379
GSM2612191	0.48146523888255	0.389463938335589	0.525341087379027	0.389463938335589	0.451559589858398	0.525341087379027	0.399291892663088	0.525341087379027	0.511554380128335	0.517726967456013	0.525341087379027	0.525341087379027	0.517726967456013	0.525341087379027	0.441080319032441	0.451559589858398	0.525341087379027	0.525341087379027	0.507939776437662	0.525341087379027	0.525341087379027	0.525341087379027	0.507939776437662	0.507939776437662	0.525341087379027	0.507939776437662	0.525341087379027	0.525341087379027	0.451559589858398	0.525341087379027	0.525341087379027	0.451559589858398	0.478429253325209	0.389463938335589	0.389463938335589	0.478429253325209	0.478429253325209	0.478429253325209	0.478429253325209	0.478429253325209	0.511267114554042	0.511267114554042	0.511267114554042	0.511267114554042	0.511267114554042	0.511267114554042	0.511267114554042	0.511267114554042	0.511267114554042	0.521423872500435	0.521423872500435	0.446332652245417	0.446332652245417	0.446332652245417	0.446332652245417	0.446332652245417	0.446332652245417	0.446332652245417	0.446332652245417	0.446332652245417	0.446332652245417	0.446332652245417	0.446332652245417	0.446332652245417	0.446332652245417	0.446332652245417	0.446332652245417	0.446332652245417	0.446332652245417	0.48146523888255	0.446332652245417	0.446332652245417	0.577988104453317	0.577988104453317	0.446332652245417	0.446332652245417	0.446332652245417	0.446332652245417	0.414476191717947	0.414476191717947	0.446332652245417	0.446332652245417	0.628800787285542	0.517437147157067	0.446332652245417	0.446332652245417	0.628800787285542	0.389463938335589	0.525341087379027	0.478429253325209	0.446332652245417	0.446332652245417	0.451559589858398	0.389463938335589	0.451559589858398	0.525341087379027	0.478429253325209	0.446332652245417	0.446332652245417	0.389463938335589	0.451559589858398	0.525341087379027	0.478429253325209	0.446332652245417	0.446332652245417
GSM2612192	0.701830196915051	0.674265516928633	0.565433602805618	0.674265516928633	0.65319930434711	0.565433602805618	0.702342515919712	0.565433602805618	0.596135640406411	0.574964401634448	0.565433602805618	0.565433602805618	0.574964401634448	0.565433602805618	0.65338904768576	0.65319930434711	0.565433602805618	0.565433602805618	0.567340661471758	0.565433602805618	0.565433602805618	0.565433602805618	0.567340661471758	0.567340661471758	0.565433602805618	0.567340661471758	0.565433602805618	0.565433602805618	0.65319930434711	0.565433602805618	0.565433602805618	0.65319930434711	0.644107882841182	0.674265516928633	0.674265516928633	0.644107882841182	0.644107882841182	0.644107882841182	0.644107882841182	0.644107882841182	0.600277798416361	0.600277798416361	0.600277798416361	0.600277798416361	0.600277798416361	0.600277798416361	0.600277798416361	0.600277798416361	0.600277798416361	0.69045709602464	0.69045709602464	0.701549573008828	0.701549573008828	0.701549573008828	0.701549573008828	0.701549573008828	0.701549573008828	0.701549573008828	0.701549573008828	0.701549573008828	0.701549573008828	0.701549573008828	0.701549573008828	0.701549573008828	0.701549573008828	0.701549573008828	0.701549573008828	0.701549573008828	0.701549573008828	0.701830196915051	0.701549573008828	0.701549573008828	0.568294647583941	0.568294647583941	0.701549573008828	0.701549573008828	0.701549573008828	0.701549573008828	0.648316801822936	0.648316801822936	0.701549573008828	0.701549573008828	0.603829556613124	0.593426586266228	0.701549573008828	0.701549573008828	0.603829556613123	0.674265516928633	0.565433602805618	0.644107882841182	0.701549573008828	0.701549573008828	0.65319930434711	0.674265516928633	0.65319930434711	0.565433602805618	0.644107882841182	0.701549573008828	0.701549573008828	0.674265516928633	0.65319930434711	0.565433602805618	0.644107882841182	0.701549573008828	0.701549573008828
GSM2612193	0.790911757904817	0.785322359326096	0.894629261134795	0.785322359326096	0.857559752899076	0.894629261134795	0.765666247202185	0.894629261134795	0.92524302525265	0.909829387471092	0.894629261134795	0.894629261134795	0.909829387471092	0.894629261134795	0.856357705640668	0.857559752899076	0.894629261134795	0.894629261134795	0.9065390855602	0.894629261134795	0.894629261134795	0.894629261134795	0.9065390855602	0.9065390855602	0.894629261134795	0.9065390855602	0.894629261134795	0.894629261134795	0.857559752899076	0.894629261134795	0.894629261134795	0.857559752899076	0.644998400447613	0.785322359326096	0.785322359326096	0.644998400447613	0.644998400447613	0.644998400447613	0.644998400447613	0.644998400447613	0.665086210797228	0.665086210797228	0.665086210797228	0.665086210797228	0.665086210797228	0.665086210797228	0.665086210797228	0.665086210797228	0.665086210797228	0.662786391646784	0.662786391646784	0.716416152337169	0.716416152337169	0.716416152337169	0.716416152337169	0.716416152337169	0.716416152337169	0.716416152337169	0.716416152337169	0.716416152337169	0.716416152337169	0.716416152337169	0.716416152337169	0.716416152337169	0.716416152337169	0.716416152337169	0.716416152337169	0.716416152337169	0.716416152337169	0.790911757904817	0.716416152337169	0.716416152337169	0.888527243940851	0.888527243940851	0.716416152337169	0.716416152337169	0.716416152337169	0.716416152337169	0.787559390463158	0.787559390463158	0.716416152337169	0.716416152337169	0.588884794630339	0.664836379731956	0.716416152337169	0.716416152337169	0.588884794630339	0.785322359326096	0.894629261134795	0.644998400447613	0.716416152337169	0.716416152337169	0.857559752899076	0.785322359326096	0.857559752899076	0.894629261134795	0.644998400447613	0.716416152337169	0.716416152337169	0.785322359326096	0.857559752899076	0.894629261134795	0.644998400447613	0.716416152337169	0.716416152337169
GSM2612194	0.672446759390803	0.670288205390828	0.6885648409831	0.670288205390828	0.670795898196808	0.6885648409831	0.711597480003681	0.6885648409831	0.700282909597981	0.696225491522906	0.6885648409831	0.6885648409831	0.696225491522906	0.6885648409831	0.639976720504127	0.670795898196808	0.6885648409831	0.6885648409831	0.677877893134417	0.6885648409831	0.6885648409831	0.6885648409831	0.677877893134417	0.677877893134417	0.6885648409831	0.677877893134417	0.6885648409831	0.6885648409831	0.670795898196808	0.6885648409831	0.6885648409831	0.670795898196808	0.722389484853599	0.670288205390828	0.670288205390828	0.722389484853599	0.722389484853599	0.722389484853599	0.722389484853599	0.722389484853599	0.705157905511394	0.705157905511394	0.705157905511394	0.705157905511394	0.705157905511394	0.705157905511394	0.705157905511394	0.705157905511394	0.705157905511394	0.683004902845138	0.683004902845138	0.746174488054465	0.746174488054465	0.746174488054465	0.746174488054465	0.746174488054465	0.746174488054465	0.746174488054465	0.746174488054465	0.746174488054465	0.746174488054465	0.746174488054465	0.746174488054465	0.746174488054465	0.746174488054465	0.746174488054465	0.746174488054465	0.746174488054465	0.746174488054465	0.672446759390803	0.746174488054465	0.746174488054465	0.724302899511274	0.724302899511274	0.746174488054465	0.746174488054465	0.746174488054465	0.746174488054465	0.724303402877514	0.724303402877514	0.746174488054465	0.746174488054465	0.582570044978904	0.64041861567275	0.746174488054465	0.746174488054465	0.582570044978903	0.670288205390828	0.6885648409831	0.722389484853599	0.746174488054465	0.746174488054465	0.670795898196808	0.670288205390828	0.670795898196808	0.6885648409831	0.722389484853599	0.746174488054465	0.746174488054465	0.670288205390828	0.670795898196808	0.6885648409831	0.722389484853599	0.746174488054465	0.746174488054465
GSM2612195	0.419719096165586	0.383857210329158	0.382772673027387	0.383857210329158	0.361989541410085	0.382772673027387	0.358208230941823	0.382772673027387	0.373477550207272	0.374670976185355	0.382772673027387	0.382772673027387	0.374670976185355	0.382772673027387	0.347418608239708	0.361989541410085	0.382772673027387	0.382772673027387	0.376114307215883	0.382772673027387	0.382772673027387	0.382772673027387	0.376114307215883	0.376114307215883	0.382772673027387	0.376114307215883	0.382772673027387	0.382772673027387	0.361989541410085	0.382772673027387	0.382772673027387	0.361989541410085	0.329329731411307	0.383857210329158	0.383857210329158	0.329329731411307	0.329329731411307	0.329329731411307	0.329329731411307	0.329329731411307	0.344156423412877	0.344156423412877	0.344156423412877	0.344156423412877	0.344156423412877	0.344156423412877	0.344156423412877	0.344156423412877	0.344156423412877	0.512919933479491	0.512919933479491	0.369404306330701	0.369404306330701	0.369404306330701	0.369404306330701	0.369404306330701	0.369404306330701	0.369404306330701	0.369404306330701	0.369404306330701	0.369404306330701	0.369404306330701	0.369404306330701	0.369404306330701	0.369404306330701	0.369404306330701	0.369404306330701	0.369404306330701	0.369404306330701	0.419719096165586	0.369404306330701	0.369404306330701	0.401978861192787	0.401978861192787	0.369404306330701	0.369404306330701	0.369404306330701	0.369404306330701	0.345966779745457	0.345966779745457	0.369404306330701	0.369404306330701	0.336707786961511	0.396468361079753	0.369404306330701	0.369404306330701	0.336707786961511	0.383857210329158	0.382772673027387	0.329329731411307	0.369404306330701	0.369404306330701	0.361989541410085	0.383857210329158	0.361989541410085	0.382772673027387	0.329329731411307	0.369404306330701	0.369404306330701	0.383857210329158	0.361989541410085	0.382772673027387	0.329329731411307	0.369404306330701	0.369404306330701
GSM2612196	0.533799859932225	0.512019863350669	0.590512137727508	0.512019863350669	0.419774574334775	0.590512137727508	0.466106098504114	0.590512137727508	0.589650169641843	0.577771720365726	0.590512137727508	0.590512137727508	0.577771720365726	0.590512137727508	0.457899543218959	0.419774574334775	0.590512137727508	0.590512137727508	0.587955831859193	0.590512137727508	0.590512137727508	0.590512137727508	0.587955831859193	0.587955831859193	0.590512137727508	0.587955831859193	0.590512137727508	0.590512137727508	0.419774574334775	0.590512137727508	0.590512137727508	0.419774574334775	0.667025018183651	0.512019863350669	0.512019863350669	0.667025018183651	0.667025018183651	0.667025018183651	0.667025018183651	0.667025018183651	0.674119085673164	0.674119085673164	0.674119085673164	0.674119085673164	0.674119085673164	0.674119085673164	0.674119085673164	0.674119085673164	0.674119085673164	0.738311584985962	0.738311584985962	0.530555229104372	0.530555229104372	0.530555229104372	0.530555229104372	0.530555229104372	0.530555229104372	0.530555229104372	0.530555229104372	0.530555229104372	0.530555229104372	0.530555229104372	0.530555229104372	0.530555229104372	0.530555229104372	0.530555229104372	0.530555229104372	0.530555229104372	0.530555229104372	0.533799859932225	0.530555229104372	0.530555229104372	0.634963877299909	0.634963877299909	0.530555229104372	0.530555229104372	0.530555229104372	0.530555229104372	0.51155475302421	0.51155475302421	0.530555229104372	0.530555229104372	0.531048575608712	0.662712914943814	0.530555229104372	0.530555229104372	0.531048575608712	0.512019863350669	0.590512137727508	0.667025018183651	0.530555229104372	0.530555229104372	0.419774574334775	0.512019863350669	0.419774574334775	0.590512137727508	0.667025018183651	0.530555229104372	0.530555229104372	0.512019863350669	0.419774574334775	0.590512137727508	0.667025018183651	0.530555229104372	0.530555229104372
GSM2612197	0.569229770054184	0.644505304414973	0.528491670474847	0.644505304414973	0.575816341859031	0.528491670474847	0.711008881916059	0.528491670474847	0.525106273374281	0.540270523687473	0.528491670474847	0.528491670474847	0.540270523687473	0.528491670474847	0.578684790108244	0.575816341859031	0.528491670474847	0.528491670474847	0.540660607412405	0.528491670474847	0.528491670474847	0.528491670474847	0.540660607412405	0.540660607412405	0.528491670474847	0.540660607412405	0.528491670474847	0.528491670474847	0.575816341859031	0.528491670474847	0.528491670474847	0.575816341859031	0.600081405861531	0.644505304414973	0.644505304414973	0.600081405861531	0.600081405861531	0.600081405861531	0.600081405861531	0.600081405861531	0.590658472232696	0.590658472232696	0.590658472232696	0.590658472232696	0.590658472232696	0.590658472232696	0.590658472232696	0.590658472232696	0.590658472232696	0.575977832767521	0.575977832767521	0.71569595336628	0.71569595336628	0.71569595336628	0.71569595336628	0.71569595336628	0.71569595336628	0.71569595336628	0.71569595336628	0.71569595336628	0.71569595336628	0.71569595336628	0.71569595336628	0.71569595336628	0.71569595336628	0.71569595336628	0.71569595336628	0.71569595336628	0.71569595336628	0.569229770054184	0.71569595336628	0.71569595336628	0.519839859529389	0.519839859529389	0.71569595336628	0.71569595336628	0.71569595336628	0.71569595336628	0.594110916725191	0.594110916725191	0.71569595336628	0.71569595336628	0.722041241704564	0.541332648892767	0.71569595336628	0.71569595336628	0.722041241704564	0.644505304414973	0.528491670474847	0.600081405861531	0.71569595336628	0.71569595336628	0.575816341859031	0.644505304414973	0.575816341859031	0.528491670474847	0.600081405861531	0.71569595336628	0.71569595336628	0.644505304414973	0.575816341859031	0.528491670474847	0.600081405861531	0.71569595336628	0.71569595336628
GSM2612198	0.825043687142	0.834558832787379	0.804609766196755	0.834558832787379	0.73520694533737	0.804609766196755	0.816520880815045	0.804609766196755	0.751249282314367	0.755890102732776	0.804609766196755	0.804609766196755	0.755890102732776	0.804609766196755	0.79370070069739	0.73520694533737	0.804609766196755	0.804609766196755	0.785805607610839	0.804609766196755	0.804609766196755	0.804609766196755	0.785805607610839	0.785805607610839	0.804609766196755	0.785805607610839	0.804609766196755	0.804609766196755	0.73520694533737	0.804609766196755	0.804609766196755	0.73520694533737	0.86522155593767	0.834558832787379	0.834558832787379	0.86522155593767	0.86522155593767	0.86522155593767	0.86522155593767	0.86522155593767	0.846717734893484	0.846717734893484	0.846717734893484	0.846717734893484	0.846717734893484	0.846717734893484	0.846717734893484	0.846717734893484	0.846717734893484	0.869530491925862	0.869530491925862	0.864201437089651	0.864201437089651	0.864201437089651	0.864201437089651	0.864201437089651	0.864201437089651	0.864201437089651	0.864201437089651	0.864201437089651	0.864201437089651	0.864201437089651	0.864201437089651	0.864201437089651	0.864201437089651	0.864201437089651	0.864201437089651	0.864201437089651	0.864201437089651	0.825043687142	0.864201437089651	0.864201437089651	0.821895887459852	0.821895887459852	0.864201437089651	0.864201437089651	0.864201437089651	0.864201437089651	0.837030209504437	0.837030209504437	0.864201437089651	0.864201437089651	0.710788109605507	0.818785211599871	0.864201437089651	0.864201437089651	0.710788109605507	0.834558832787379	0.804609766196755	0.86522155593767	0.864201437089651	0.864201437089651	0.73520694533737	0.834558832787379	0.73520694533737	0.804609766196755	0.86522155593767	0.864201437089651	0.864201437089651	0.834558832787379	0.73520694533737	0.804609766196755	0.86522155593767	0.864201437089651	0.864201437089651
GSM2612199	0.508453433522403	0.379694960422094	0.59663889159582	0.379694960422094	0.490441756496852	0.59663889159582	0.338817676585809	0.59663889159582	0.573476611599918	0.595072546263684	0.59663889159582	0.59663889159582	0.595072546263684	0.59663889159582	0.511852883847729	0.490441756496852	0.59663889159582	0.59663889159582	0.616185558022552	0.59663889159582	0.59663889159582	0.59663889159582	0.616185558022552	0.616185558022552	0.59663889159582	0.616185558022552	0.59663889159582	0.59663889159582	0.490441756496852	0.59663889159582	0.59663889159582	0.490441756496852	0.606386511131667	0.379694960422094	0.379694960422094	0.606386511131667	0.606386511131667	0.606386511131667	0.606386511131667	0.606386511131667	0.642936418385267	0.642936418385267	0.642936418385267	0.642936418385267	0.642936418385267	0.642936418385267	0.642936418385267	0.642936418385267	0.642936418385267	0.645769358347873	0.645769358347873	0.414291067426695	0.414291067426695	0.414291067426695	0.414291067426695	0.414291067426695	0.414291067426695	0.414291067426695	0.414291067426695	0.414291067426695	0.414291067426695	0.414291067426695	0.414291067426695	0.414291067426695	0.414291067426695	0.414291067426695	0.414291067426695	0.414291067426695	0.414291067426695	0.508453433522403	0.414291067426695	0.414291067426695	0.660234970096291	0.660234970096291	0.414291067426695	0.414291067426695	0.414291067426695	0.414291067426695	0.500262718056694	0.500262718056694	0.414291067426695	0.414291067426695	0.659124851032281	0.63855918026814	0.414291067426695	0.414291067426695	0.659124851032281	0.379694960422094	0.59663889159582	0.606386511131667	0.414291067426695	0.414291067426695	0.490441756496852	0.379694960422094	0.490441756496852	0.59663889159582	0.606386511131667	0.414291067426695	0.414291067426695	0.379694960422094	0.490441756496852	0.59663889159582	0.606386511131667	0.414291067426695	0.414291067426695
GSM2612200	0.974541051785662	0.980631308834368	0.969646059974345	0.980631308834368	0.978459503874136	0.969646059974345	0.975377265082507	0.969646059974345	0.970942356750266	0.970903398902077	0.969646059974345	0.969646059974345	0.970903398902077	0.969646059974345	0.976953686971127	0.978459503874136	0.969646059974345	0.969646059974345	0.971350728309892	0.969646059974345	0.969646059974345	0.969646059974345	0.971350728309892	0.971350728309892	0.969646059974345	0.971350728309892	0.969646059974345	0.969646059974345	0.978459503874136	0.969646059974345	0.969646059974345	0.978459503874136	0.937574560508495	0.980631308834368	0.980631308834368	0.937574560508495	0.937574560508495	0.937574560508495	0.937574560508495	0.937574560508495	0.939980258767285	0.939980258767285	0.939980258767285	0.939980258767285	0.939980258767285	0.939980258767285	0.939980258767285	0.939980258767285	0.939980258767285	0.950841073487809	0.950841073487809	0.968650080403469	0.968650080403469	0.968650080403469	0.968650080403469	0.968650080403469	0.968650080403469	0.968650080403469	0.968650080403469	0.968650080403469	0.968650080403469	0.968650080403469	0.968650080403469	0.968650080403469	0.968650080403469	0.968650080403469	0.968650080403469	0.968650080403469	0.968650080403469	0.974541051785662	0.968650080403469	0.968650080403469	0.965825520762793	0.965825520762793	0.968650080403469	0.968650080403469	0.968650080403469	0.968650080403469	0.963900965000091	0.963900965000091	0.968650080403469	0.968650080403469	0.919885385647153	0.953061897860524	0.968650080403469	0.968650080403469	0.919885385647153	0.980631308834368	0.969646059974345	0.937574560508495	0.968650080403469	0.968650080403469	0.978459503874136	0.980631308834368	0.978459503874136	0.969646059974345	0.937574560508495	0.968650080403469	0.968650080403469	0.980631308834368	0.978459503874136	0.969646059974345	0.937574560508495	0.968650080403469	0.968650080403469
GSM2612201	0.447420918120754	0.285142798576426	0.540011546131209	0.285142798576426	0.356644076269295	0.540011546131209	0.340983346938157	0.540011546131209	0.48333881122036	0.516600574224691	0.540011546131209	0.540011546131209	0.516600574224691	0.540011546131209	0.37636878726053	0.356644076269295	0.540011546131209	0.540011546131209	0.536194824433448	0.540011546131209	0.540011546131209	0.540011546131209	0.536194824433448	0.536194824433448	0.540011546131209	0.536194824433448	0.540011546131209	0.540011546131209	0.356644076269295	0.540011546131209	0.540011546131209	0.356644076269295	0.62866171484517	0.285142798576426	0.285142798576426	0.62866171484517	0.62866171484517	0.62866171484517	0.62866171484517	0.62866171484517	0.609181191548119	0.609181191548119	0.609181191548119	0.609181191548119	0.609181191548119	0.609181191548119	0.609181191548119	0.609181191548119	0.609181191548119	0.60481493763393	0.60481493763393	0.47609044348474	0.47609044348474	0.47609044348474	0.47609044348474	0.47609044348474	0.47609044348474	0.47609044348474	0.47609044348474	0.47609044348474	0.47609044348474	0.47609044348474	0.47609044348474	0.47609044348474	0.47609044348474	0.47609044348474	0.47609044348474	0.47609044348474	0.47609044348474	0.447420918120754	0.47609044348474	0.47609044348474	0.613453932394612	0.613453932394612	0.47609044348474	0.47609044348474	0.47609044348474	0.47609044348474	0.45677175085798	0.45677175085798	0.47609044348474	0.47609044348474	0.766364359430405	0.575446008549951	0.47609044348474	0.47609044348474	0.766364359430405	0.285142798576426	0.540011546131209	0.62866171484517	0.47609044348474	0.47609044348474	0.356644076269295	0.285142798576426	0.356644076269295	0.540011546131209	0.62866171484517	0.47609044348474	0.47609044348474	0.285142798576426	0.356644076269295	0.540011546131209	0.62866171484517	0.47609044348474	0.47609044348474
GSM2612202	0.757604480765389	0.678304704294953	0.713680550809713	0.678304704294953	0.746635292234801	0.713680550809713	0.692322165556691	0.713680550809713	0.750179284481689	0.729800100205789	0.713680550809713	0.713680550809713	0.729800100205789	0.713680550809713	0.728333963801525	0.746635292234801	0.713680550809713	0.713680550809713	0.716843868201993	0.713680550809713	0.713680550809713	0.713680550809713	0.716843868201993	0.716843868201993	0.713680550809713	0.716843868201993	0.713680550809713	0.713680550809713	0.746635292234801	0.713680550809713	0.713680550809713	0.746635292234801	0.805012264889543	0.678304704294953	0.678304704294953	0.805012264889543	0.805012264889543	0.805012264889543	0.805012264889543	0.805012264889543	0.805974678859897	0.805974678859897	0.805974678859897	0.805974678859897	0.805974678859897	0.805974678859897	0.805974678859897	0.805974678859897	0.805974678859897	0.834758531314245	0.834758531314245	0.58584785176041	0.58584785176041	0.58584785176041	0.58584785176041	0.58584785176041	0.58584785176041	0.58584785176041	0.58584785176041	0.58584785176041	0.58584785176041	0.58584785176041	0.58584785176041	0.58584785176041	0.58584785176041	0.58584785176041	0.58584785176041	0.58584785176041	0.58584785176041	0.757604480765389	0.58584785176041	0.58584785176041	0.818988975082286	0.818988975082286	0.58584785176041	0.58584785176041	0.58584785176041	0.58584785176041	0.589662278076216	0.589662278076216	0.58584785176041	0.58584785176041	0.776164007102582	0.834790774485721	0.58584785176041	0.58584785176041	0.776164007102582	0.678304704294953	0.713680550809713	0.805012264889543	0.58584785176041	0.58584785176041	0.746635292234801	0.678304704294953	0.746635292234801	0.713680550809713	0.805012264889543	0.58584785176041	0.58584785176041	0.678304704294953	0.746635292234801	0.713680550809713	0.805012264889543	0.58584785176041	0.58584785176041
GSM2612203	0.196409761784701	0.191229602408423	0.463382128664067	0.191229602408423	0.264145197185766	0.463382128664067	0.215139564186446	0.463382128664067	0.519291132378059	0.515314273183221	0.463382128664067	0.463382128664067	0.515314273183221	0.463382128664067	0.246724908173516	0.264145197185766	0.463382128664067	0.463382128664067	0.497018480957566	0.463382128664067	0.463382128664067	0.463382128664067	0.497018480957566	0.497018480957566	0.463382128664067	0.497018480957566	0.463382128664067	0.463382128664067	0.264145197185766	0.463382128664067	0.463382128664067	0.264145197185766	0.510774580406412	0.191229602408423	0.191229602408423	0.510774580406412	0.510774580406412	0.510774580406412	0.510774580406412	0.510774580406412	0.545534882969375	0.545534882969375	0.545534882969375	0.545534882969375	0.545534882969375	0.545534882969375	0.545534882969375	0.545534882969375	0.545534882969375	0.570329666222405	0.570329666222405	0.233159675217181	0.233159675217181	0.233159675217181	0.233159675217181	0.233159675217181	0.233159675217181	0.233159675217181	0.233159675217181	0.233159675217181	0.233159675217181	0.233159675217181	0.233159675217181	0.233159675217181	0.233159675217181	0.233159675217181	0.233159675217181	0.233159675217181	0.233159675217181	0.196409761784701	0.233159675217181	0.233159675217181	0.479529535225033	0.479529535225033	0.233159675217181	0.233159675217181	0.233159675217181	0.233159675217181	0.237694382922588	0.237694382922588	0.233159675217181	0.233159675217181	0.483300985591099	0.555718970493733	0.233159675217181	0.233159675217181	0.483300985591099	0.191229602408423	0.463382128664067	0.510774580406412	0.233159675217181	0.233159675217181	0.264145197185766	0.191229602408423	0.264145197185766	0.463382128664067	0.510774580406412	0.233159675217181	0.233159675217181	0.191229602408423	0.264145197185766	0.463382128664067	0.510774580406412	0.233159675217181	0.233159675217181
GSM2612204	0.555510295601894	0.443849802479793	0.480549529172929	0.443849802479793	0.490854805605375	0.480549529172929	0.378238861644143	0.480549529172929	0.454215671578545	0.45618340253753	0.480549529172929	0.480549529172929	0.45618340253753	0.480549529172929	0.496423049513165	0.490854805605375	0.480549529172929	0.480549529172929	0.449723993237846	0.480549529172929	0.480549529172929	0.480549529172929	0.449723993237846	0.449723993237846	0.480549529172929	0.449723993237846	0.480549529172929	0.480549529172929	0.490854805605375	0.480549529172929	0.480549529172929	0.490854805605375	0.196188838546188	0.443849802479793	0.443849802479793	0.196188838546188	0.196188838546188	0.196188838546188	0.196188838546188	0.196188838546188	0.187787032264523	0.187787032264523	0.187787032264523	0.187787032264523	0.187787032264523	0.187787032264523	0.187787032264523	0.187787032264523	0.187787032264523	0.222607828635437	0.222607828635437	0.510506330637516	0.510506330637516	0.510506330637516	0.510506330637516	0.510506330637516	0.510506330637516	0.510506330637516	0.510506330637516	0.510506330637516	0.510506330637516	0.510506330637516	0.510506330637516	0.510506330637516	0.510506330637516	0.510506330637516	0.510506330637516	0.510506330637516	0.510506330637516	0.555510295601894	0.510506330637516	0.510506330637516	0.476470370145427	0.476470370145427	0.510506330637516	0.510506330637516	0.510506330637516	0.510506330637516	0.591431932841324	0.591431932841324	0.510506330637516	0.510506330637516	0.302120896808444	0.16322053664579	0.510506330637516	0.510506330637516	0.302120896808443	0.443849802479793	0.480549529172929	0.196188838546188	0.510506330637516	0.510506330637516	0.490854805605375	0.443849802479793	0.490854805605375	0.480549529172929	0.196188838546188	0.510506330637516	0.510506330637516	0.443849802479793	0.490854805605375	0.480549529172929	0.196188838546188	0.510506330637516	0.510506330637516
GSM2612205	0.948882234621197	0.972504169219021	0.967735957856833	0.972504169219021	0.949831209847808	0.967735957856833	0.954686743204262	0.967735957856833	0.968828825748253	0.966989775021081	0.967735957856833	0.967735957856833	0.966989775021081	0.967735957856833	0.949677198899501	0.949831209847808	0.967735957856833	0.967735957856833	0.966984971127045	0.967735957856833	0.967735957856833	0.967735957856833	0.966984971127045	0.966984971127045	0.967735957856833	0.966984971127045	0.967735957856833	0.967735957856833	0.949831209847808	0.967735957856833	0.967735957856833	0.949831209847808	0.963913848888095	0.972504169219021	0.972504169219021	0.963913848888095	0.963913848888095	0.963913848888095	0.963913848888095	0.963913848888095	0.961541440683715	0.961541440683715	0.961541440683715	0.961541440683715	0.961541440683715	0.961541440683715	0.961541440683715	0.961541440683715	0.961541440683715	0.950135427370595	0.950135427370595	0.940602207483464	0.940602207483464	0.940602207483464	0.940602207483464	0.940602207483464	0.940602207483464	0.940602207483464	0.940602207483464	0.940602207483464	0.940602207483464	0.940602207483464	0.940602207483464	0.940602207483464	0.940602207483464	0.940602207483464	0.940602207483464	0.940602207483464	0.940602207483464	0.948882234621197	0.940602207483464	0.940602207483464	0.965442181426194	0.965442181426194	0.940602207483464	0.940602207483464	0.940602207483464	0.940602207483464	0.920273427358572	0.920273427358572	0.940602207483464	0.940602207483464	0.969848816072475	0.971299827575418	0.940602207483464	0.940602207483464	0.969848816072475	0.972504169219021	0.967735957856833	0.963913848888095	0.940602207483464	0.940602207483464	0.949831209847808	0.972504169219021	0.949831209847808	0.967735957856833	0.963913848888095	0.940602207483464	0.940602207483464	0.972504169219021	0.949831209847808	0.967735957856833	0.963913848888095	0.940602207483464	0.940602207483464
GSM2612206	0.717817634232205	0.782870026200281	0.635842503088215	0.782870026200281	0.758703250656403	0.635842503088215	0.840765072968825	0.635842503088215	0.646434080003954	0.645307733720276	0.635842503088215	0.635842503088215	0.645307733720276	0.635842503088215	0.717667093880837	0.758703250656403	0.635842503088215	0.635842503088215	0.628787659044271	0.635842503088215	0.635842503088215	0.635842503088215	0.628787659044271	0.628787659044271	0.635842503088215	0.628787659044271	0.635842503088215	0.635842503088215	0.758703250656403	0.635842503088215	0.635842503088215	0.758703250656403	0.532955826849345	0.782870026200281	0.782870026200281	0.532955826849345	0.532955826849345	0.532955826849345	0.532955826849345	0.532955826849345	0.561941242640444	0.561941242640444	0.561941242640444	0.561941242640444	0.561941242640444	0.561941242640444	0.561941242640444	0.561941242640444	0.561941242640444	0.593434763284792	0.593434763284792	0.778956433141597	0.778956433141597	0.778956433141597	0.778956433141597	0.778956433141597	0.778956433141597	0.778956433141597	0.778956433141597	0.778956433141597	0.778956433141597	0.778956433141597	0.778956433141597	0.778956433141597	0.778956433141597	0.778956433141597	0.778956433141597	0.778956433141597	0.778956433141597	0.717817634232205	0.778956433141597	0.778956433141597	0.618893027515414	0.618893027515414	0.778956433141597	0.778956433141597	0.778956433141597	0.778956433141597	0.644188207599332	0.644188207599332	0.778956433141597	0.778956433141597	0.567834350252151	0.653160612334748	0.778956433141597	0.778956433141597	0.567834350252151	0.782870026200281	0.635842503088215	0.532955826849345	0.778956433141597	0.778956433141597	0.758703250656403	0.782870026200281	0.758703250656403	0.635842503088215	0.532955826849345	0.778956433141597	0.778956433141597	0.782870026200281	0.758703250656403	0.635842503088215	0.532955826849345	0.778956433141597	0.778956433141597
GSM2612207	0.717134447884378	0.680128930642857	0.720519711952189	0.680128930642857	0.767451400633831	0.720519711952189	0.729180590987233	0.720519711952189	0.750910899835445	0.745447213342388	0.720519711952189	0.720519711952189	0.745447213342388	0.720519711952189	0.754658494454086	0.767451400633831	0.720519711952189	0.720519711952189	0.733863525541047	0.720519711952189	0.720519711952189	0.720519711952189	0.733863525541047	0.733863525541047	0.720519711952189	0.733863525541047	0.720519711952189	0.720519711952189	0.767451400633831	0.720519711952189	0.720519711952189	0.767451400633831	0.607709182473724	0.680128930642857	0.680128930642857	0.607709182473724	0.607709182473724	0.607709182473724	0.607709182473724	0.607709182473724	0.598560417861154	0.598560417861154	0.598560417861154	0.598560417861154	0.598560417861154	0.598560417861154	0.598560417861154	0.598560417861154	0.598560417861154	0.569977708599501	0.569977708599501	0.594504654891383	0.594504654891383	0.594504654891383	0.594504654891383	0.594504654891383	0.594504654891383	0.594504654891383	0.594504654891383	0.594504654891383	0.594504654891383	0.594504654891383	0.594504654891383	0.594504654891383	0.594504654891383	0.594504654891383	0.594504654891383	0.594504654891383	0.594504654891383	0.717134447884378	0.594504654891383	0.594504654891383	0.799037049566135	0.799037049566135	0.594504654891383	0.594504654891383	0.594504654891383	0.594504654891383	0.632073940950741	0.632073940950741	0.594504654891383	0.594504654891383	0.441884388011555	0.60599468621883	0.594504654891383	0.594504654891383	0.441884388011555	0.680128930642857	0.720519711952189	0.607709182473724	0.594504654891383	0.594504654891383	0.767451400633831	0.680128930642857	0.767451400633831	0.720519711952189	0.607709182473724	0.594504654891383	0.594504654891383	0.680128930642857	0.767451400633831	0.720519711952189	0.607709182473724	0.594504654891383	0.594504654891383
GSM2612208	0.514669367198268	0.49049789534327	0.565725478523448	0.49049789534327	0.542098436691812	0.565725478523448	0.494579898899779	0.565725478523448	0.595766912879537	0.564966660348281	0.565725478523448	0.565725478523448	0.564966660348281	0.565725478523448	0.556829451784237	0.542098436691812	0.565725478523448	0.565725478523448	0.571485530701689	0.565725478523448	0.565725478523448	0.565725478523448	0.571485530701689	0.571485530701689	0.565725478523448	0.571485530701689	0.565725478523448	0.565725478523448	0.542098436691812	0.565725478523448	0.565725478523448	0.542098436691812	0.44407560373935	0.49049789534327	0.49049789534327	0.44407560373935	0.44407560373935	0.44407560373935	0.44407560373935	0.44407560373935	0.410709267518944	0.410709267518944	0.410709267518944	0.410709267518944	0.410709267518944	0.410709267518944	0.410709267518944	0.410709267518944	0.410709267518944	0.40401073041275	0.40401073041275	0.387170299887044	0.387170299887044	0.387170299887044	0.387170299887044	0.387170299887044	0.387170299887044	0.387170299887044	0.387170299887044	0.387170299887044	0.387170299887044	0.387170299887044	0.387170299887044	0.387170299887044	0.387170299887044	0.387170299887044	0.387170299887044	0.387170299887044	0.387170299887044	0.514669367198268	0.387170299887044	0.387170299887044	0.565486551346755	0.565486551346755	0.387170299887044	0.387170299887044	0.387170299887044	0.387170299887044	0.399999856064319	0.399999856064319	0.387170299887044	0.387170299887044	0.482395441605955	0.496242514358647	0.387170299887044	0.387170299887044	0.482395441605955	0.49049789534327	0.565725478523448	0.44407560373935	0.387170299887044	0.387170299887044	0.542098436691812	0.49049789534327	0.542098436691812	0.565725478523448	0.44407560373935	0.387170299887044	0.387170299887044	0.49049789534327	0.542098436691812	0.565725478523448	0.44407560373935	0.387170299887044	0.387170299887044
GSM2612209	0.981698444292635	0.992405795407159	0.983762963494386	0.992405795407159	0.983689875630364	0.983762963494386	0.990808356710108	0.983762963494386	0.984580334366132	0.983007086415986	0.983762963494386	0.983762963494386	0.983007086415986	0.983762963494386	0.985546711320663	0.983689875630364	0.983762963494386	0.983762963494386	0.983429058773026	0.983762963494386	0.983762963494386	0.983762963494386	0.983429058773026	0.983429058773026	0.983762963494386	0.983429058773026	0.983762963494386	0.983762963494386	0.983689875630364	0.983762963494386	0.983762963494386	0.983689875630364	0.979716470717812	0.992405795407159	0.992405795407159	0.979716470717812	0.979716470717812	0.979716470717812	0.979716470717812	0.979716470717812	0.978202685052051	0.978202685052051	0.978202685052051	0.978202685052051	0.978202685052051	0.978202685052051	0.978202685052051	0.978202685052051	0.978202685052051	0.976753461352716	0.976753461352716	0.98927153063331	0.98927153063331	0.98927153063331	0.98927153063331	0.98927153063331	0.98927153063331	0.98927153063331	0.98927153063331	0.98927153063331	0.98927153063331	0.98927153063331	0.98927153063331	0.98927153063331	0.98927153063331	0.98927153063331	0.98927153063331	0.98927153063331	0.98927153063331	0.981698444292635	0.98927153063331	0.98927153063331	0.968261968436735	0.968261968436735	0.98927153063331	0.98927153063331	0.98927153063331	0.98927153063331	0.985271925696457	0.985271925696457	0.98927153063331	0.98927153063331	0.979093440014815	0.975740522261323	0.98927153063331	0.98927153063331	0.979093440014815	0.992405795407159	0.983762963494386	0.979716470717812	0.98927153063331	0.98927153063331	0.983689875630364	0.992405795407159	0.983689875630364	0.983762963494386	0.979716470717812	0.98927153063331	0.98927153063331	0.992405795407159	0.983689875630364	0.983762963494386	0.979716470717812	0.98927153063331	0.98927153063331
GSM2612210	0.544728241111041	0.525520389881577	0.470970256798073	0.525520389881577	0.561754242821361	0.470970256798073	0.544906513149927	0.470970256798073	0.499099214692137	0.483458914532031	0.470970256798073	0.470970256798073	0.483458914532031	0.470970256798073	0.564447394517974	0.561754242821361	0.470970256798073	0.470970256798073	0.475808394366516	0.470970256798073	0.470970256798073	0.470970256798073	0.475808394366516	0.475808394366516	0.470970256798073	0.475808394366516	0.470970256798073	0.470970256798073	0.561754242821361	0.470970256798073	0.470970256798073	0.561754242821361	0.486448799859523	0.525520389881577	0.525520389881577	0.486448799859523	0.486448799859523	0.486448799859523	0.486448799859523	0.486448799859523	0.467621393320659	0.467621393320659	0.467621393320659	0.467621393320659	0.467621393320659	0.467621393320659	0.467621393320659	0.467621393320659	0.467621393320659	0.488036244589861	0.488036244589861	0.540433328005704	0.540433328005704	0.540433328005704	0.540433328005704	0.540433328005704	0.540433328005704	0.540433328005704	0.540433328005704	0.540433328005704	0.540433328005704	0.540433328005704	0.540433328005704	0.540433328005704	0.540433328005704	0.540433328005704	0.540433328005704	0.540433328005704	0.540433328005704	0.544728241111041	0.540433328005704	0.540433328005704	0.436598103781766	0.436598103781766	0.540433328005704	0.540433328005704	0.540433328005704	0.540433328005704	0.583019157493086	0.583019157493086	0.540433328005704	0.540433328005704	0.685883765681434	0.432934226892464	0.540433328005704	0.540433328005704	0.685883765681434	0.525520389881577	0.470970256798073	0.486448799859523	0.540433328005704	0.540433328005704	0.561754242821361	0.525520389881577	0.561754242821361	0.470970256798073	0.486448799859523	0.540433328005704	0.540433328005704	0.525520389881577	0.561754242821361	0.470970256798073	0.486448799859523	0.540433328005704	0.540433328005704
GSM2612211	0.778442291338554	0.608542738893914	0.596927165915966	0.608542738893914	0.723097934373064	0.596927165915966	0.624665445611691	0.596927165915966	0.558316943152611	0.560046362032003	0.596927165915966	0.596927165915966	0.560046362032003	0.596927165915966	0.726137207227959	0.723097934373064	0.596927165915966	0.596927165915966	0.572508394825662	0.596927165915966	0.596927165915966	0.596927165915966	0.572508394825662	0.572508394825662	0.596927165915966	0.572508394825662	0.596927165915966	0.596927165915966	0.723097934373064	0.596927165915966	0.596927165915966	0.723097934373064	0.530806300875176	0.608542738893914	0.608542738893914	0.530806300875176	0.530806300875176	0.530806300875176	0.530806300875176	0.530806300875176	0.534519921142086	0.534519921142086	0.534519921142086	0.534519921142086	0.534519921142086	0.534519921142086	0.534519921142086	0.534519921142086	0.534519921142086	0.543917387684593	0.543917387684593	0.718730969105937	0.718730969105937	0.718730969105937	0.718730969105937	0.718730969105937	0.718730969105937	0.718730969105937	0.718730969105937	0.718730969105937	0.718730969105937	0.718730969105937	0.718730969105937	0.718730969105937	0.718730969105937	0.718730969105937	0.718730969105937	0.718730969105937	0.718730969105937	0.778442291338554	0.718730969105937	0.718730969105937	0.675423877259204	0.675423877259204	0.718730969105937	0.718730969105937	0.718730969105937	0.718730969105937	0.738810755768346	0.738810755768346	0.718730969105937	0.718730969105937	0.480430306939543	0.549551598700122	0.718730969105937	0.718730969105937	0.480430306939542	0.608542738893914	0.596927165915966	0.530806300875176	0.718730969105937	0.718730969105937	0.723097934373064	0.608542738893914	0.723097934373064	0.596927165915966	0.530806300875176	0.718730969105937	0.718730969105937	0.608542738893914	0.723097934373064	0.596927165915966	0.530806300875176	0.718730969105937	0.718730969105937
GSM2612212	0.533590082899163	0.366628947260336	0.579192764307946	0.366628947260336	0.555323848468487	0.579192764307946	0.394329591955749	0.579192764307946	0.582684383446094	0.584602541969174	0.579192764307946	0.579192764307946	0.584602541969174	0.579192764307946	0.530330451492242	0.555323848468487	0.579192764307946	0.579192764307946	0.577180955682331	0.579192764307946	0.579192764307946	0.579192764307946	0.577180955682331	0.577180955682331	0.579192764307946	0.577180955682331	0.579192764307946	0.579192764307946	0.555323848468487	0.579192764307946	0.579192764307946	0.555323848468487	0.685013972002965	0.366628947260336	0.366628947260336	0.685013972002965	0.685013972002965	0.685013972002965	0.685013972002965	0.685013972002965	0.70872916421648	0.70872916421648	0.70872916421648	0.70872916421648	0.70872916421648	0.70872916421648	0.70872916421648	0.70872916421648	0.70872916421648	0.596195064746694	0.596195064746694	0.520142305817336	0.520142305817336	0.520142305817336	0.520142305817336	0.520142305817336	0.520142305817336	0.520142305817336	0.520142305817336	0.520142305817336	0.520142305817336	0.520142305817336	0.520142305817336	0.520142305817336	0.520142305817336	0.520142305817336	0.520142305817336	0.520142305817336	0.520142305817336	0.533590082899163	0.520142305817336	0.520142305817336	0.498915214925745	0.498915214925745	0.520142305817336	0.520142305817336	0.520142305817336	0.520142305817336	0.658952817825516	0.658952817825516	0.520142305817336	0.520142305817336	0.830516532782636	0.708107639683278	0.520142305817336	0.520142305817336	0.830516532782636	0.366628947260336	0.579192764307946	0.685013972002965	0.520142305817336	0.520142305817336	0.555323848468487	0.366628947260336	0.555323848468487	0.579192764307946	0.685013972002965	0.520142305817336	0.520142305817336	0.366628947260336	0.555323848468487	0.579192764307946	0.685013972002965	0.520142305817336	0.520142305817336
GSM2612213	0.925820047708859	0.936259694253487	0.897374423875081	0.936259694253487	0.919166512401377	0.897374423875081	0.919042813971075	0.897374423875081	0.906533905720387	0.899870970342023	0.897374423875081	0.897374423875081	0.899870970342023	0.897374423875081	0.904606812067078	0.919166512401377	0.897374423875081	0.897374423875081	0.89368762654064	0.897374423875081	0.897374423875081	0.897374423875081	0.89368762654064	0.89368762654064	0.897374423875081	0.89368762654064	0.897374423875081	0.897374423875081	0.919166512401377	0.897374423875081	0.897374423875081	0.919166512401377	0.910811025554961	0.936259694253487	0.936259694253487	0.910811025554961	0.910811025554961	0.910811025554961	0.910811025554961	0.910811025554961	0.914780226655304	0.914780226655304	0.914780226655304	0.914780226655304	0.914780226655304	0.914780226655304	0.914780226655304	0.914780226655304	0.914780226655304	0.941295366360911	0.941295366360911	0.905108471081322	0.905108471081322	0.905108471081322	0.905108471081322	0.905108471081322	0.905108471081322	0.905108471081322	0.905108471081322	0.905108471081322	0.905108471081322	0.905108471081322	0.905108471081322	0.905108471081322	0.905108471081322	0.905108471081322	0.905108471081322	0.905108471081322	0.905108471081322	0.925820047708859	0.905108471081322	0.905108471081322	0.90876893399761	0.90876893399761	0.905108471081322	0.905108471081322	0.905108471081322	0.905108471081322	0.887653971619995	0.887653971619995	0.905108471081322	0.905108471081322	0.922464506479555	0.921895131396185	0.905108471081322	0.905108471081322	0.922464506479555	0.936259694253487	0.897374423875081	0.910811025554961	0.905108471081322	0.905108471081322	0.919166512401377	0.936259694253487	0.919166512401377	0.897374423875081	0.910811025554961	0.905108471081322	0.905108471081322	0.936259694253487	0.919166512401377	0.897374423875081	0.910811025554961	0.905108471081322	0.905108471081322
GSM2612214	0.797522895201379	0.7001307193503	0.85640206278188	0.7001307193503	0.767644282523649	0.85640206278188	0.667406279110467	0.85640206278188	0.829000627824119	0.839940572024489	0.85640206278188	0.85640206278188	0.839940572024489	0.85640206278188	0.792270771336469	0.767644282523649	0.85640206278188	0.85640206278188	0.851994113384195	0.85640206278188	0.85640206278188	0.85640206278188	0.851994113384195	0.851994113384195	0.85640206278188	0.851994113384195	0.85640206278188	0.85640206278188	0.767644282523649	0.85640206278188	0.85640206278188	0.767644282523649	0.871501050136874	0.7001307193503	0.7001307193503	0.871501050136874	0.871501050136874	0.871501050136874	0.871501050136874	0.871501050136874	0.879249059532318	0.879249059532318	0.879249059532318	0.879249059532318	0.879249059532318	0.879249059532318	0.879249059532318	0.879249059532318	0.879249059532318	0.866835802728419	0.866835802728419	0.760359562308565	0.760359562308565	0.760359562308565	0.760359562308565	0.760359562308565	0.760359562308565	0.760359562308565	0.760359562308565	0.760359562308565	0.760359562308565	0.760359562308565	0.760359562308565	0.760359562308565	0.760359562308565	0.760359562308565	0.760359562308565	0.760359562308565	0.760359562308565	0.797522895201379	0.760359562308565	0.760359562308565	0.806934997557823	0.806934997557823	0.760359562308565	0.760359562308565	0.760359562308565	0.760359562308565	0.842697782684142	0.842697782684142	0.760359562308565	0.760359562308565	0.833610185231679	0.881734282054965	0.760359562308565	0.760359562308565	0.833610185231679	0.7001307193503	0.85640206278188	0.871501050136874	0.760359562308565	0.760359562308565	0.767644282523649	0.7001307193503	0.767644282523649	0.85640206278188	0.871501050136874	0.760359562308565	0.760359562308565	0.7001307193503	0.767644282523649	0.85640206278188	0.871501050136874	0.760359562308565	0.760359562308565
GSM2612215	0.69598084921081	0.82450147113493	0.663666657144587	0.82450147113493	0.743371070920451	0.663666657144587	0.788468060640591	0.663666657144587	0.6821872378101	0.678629282581004	0.663666657144587	0.663666657144587	0.678629282581004	0.663666657144587	0.706953622294463	0.743371070920451	0.663666657144587	0.663666657144587	0.657129174557918	0.663666657144587	0.663666657144587	0.663666657144587	0.657129174557918	0.657129174557918	0.663666657144587	0.657129174557918	0.663666657144587	0.663666657144587	0.743371070920451	0.663666657144587	0.663666657144587	0.743371070920451	0.689717573598758	0.82450147113493	0.82450147113493	0.689717573598758	0.689717573598758	0.689717573598758	0.689717573598758	0.689717573598758	0.707894850295045	0.707894850295045	0.707894850295045	0.707894850295045	0.707894850295045	0.707894850295045	0.707894850295045	0.707894850295045	0.707894850295045	0.67929661658634	0.67929661658634	0.72083616906962	0.72083616906962	0.72083616906962	0.72083616906962	0.72083616906962	0.72083616906962	0.72083616906962	0.72083616906962	0.72083616906962	0.72083616906962	0.72083616906962	0.72083616906962	0.72083616906962	0.72083616906962	0.72083616906962	0.72083616906962	0.72083616906962	0.72083616906962	0.69598084921081	0.72083616906962	0.72083616906962	0.611423131798345	0.611423131798345	0.72083616906962	0.72083616906962	0.72083616906962	0.72083616906962	0.642528872870767	0.642528872870767	0.72083616906962	0.72083616906962	0.778854590838784	0.764290811660361	0.72083616906962	0.72083616906962	0.778854590838784	0.82450147113493	0.663666657144587	0.689717573598758	0.72083616906962	0.72083616906962	0.743371070920451	0.82450147113493	0.743371070920451	0.663666657144587	0.689717573598758	0.72083616906962	0.72083616906962	0.82450147113493	0.743371070920451	0.663666657144587	0.689717573598758	0.72083616906962	0.72083616906962
GSM2612216	0.650042890678	0.665169279519077	0.632998983990481	0.665169279519077	0.578216850121306	0.632998983990481	0.606098568852625	0.632998983990481	0.590603533422368	0.576070019673926	0.632998983990481	0.632998983990481	0.576070019673926	0.632998983990481	0.639018133261025	0.578216850121306	0.632998983990481	0.632998983990481	0.614907646699179	0.632998983990481	0.632998983990481	0.632998983990481	0.614907646699179	0.614907646699179	0.632998983990481	0.614907646699179	0.632998983990481	0.632998983990481	0.578216850121306	0.632998983990481	0.632998983990481	0.578216850121306	0.549485799589036	0.665169279519077	0.665169279519077	0.549485799589036	0.549485799589036	0.549485799589036	0.549485799589036	0.549485799589036	0.569801581728084	0.569801581728084	0.569801581728084	0.569801581728084	0.569801581728084	0.569801581728084	0.569801581728084	0.569801581728084	0.569801581728084	0.657091227896958	0.657091227896958	0.659432914772625	0.659432914772625	0.659432914772625	0.659432914772625	0.659432914772625	0.659432914772625	0.659432914772625	0.659432914772625	0.659432914772625	0.659432914772625	0.659432914772625	0.659432914772625	0.659432914772625	0.659432914772625	0.659432914772625	0.659432914772625	0.659432914772625	0.659432914772625	0.650042890678	0.659432914772625	0.659432914772625	0.570925340746399	0.570925340746399	0.659432914772625	0.659432914772625	0.659432914772625	0.659432914772625	0.571519769416637	0.571519769416637	0.659432914772625	0.659432914772625	0.637070334822515	0.659615120927031	0.659432914772625	0.659432914772625	0.637070334822515	0.665169279519077	0.632998983990481	0.549485799589036	0.659432914772625	0.659432914772625	0.578216850121306	0.665169279519077	0.578216850121306	0.632998983990481	0.549485799589036	0.659432914772625	0.659432914772625	0.665169279519077	0.578216850121306	0.632998983990481	0.549485799589036	0.659432914772625	0.659432914772625
GSM2612217	0.734825435423669	0.805794657904992	0.746405612762243	0.805794657904992	0.737658427672448	0.746405612762243	0.74977972805683	0.746405612762243	0.728351391297058	0.729916324378486	0.746405612762243	0.746405612762243	0.729916324378486	0.746405612762243	0.712364165524492	0.737658427672448	0.746405612762243	0.746405612762243	0.723085813527276	0.746405612762243	0.746405612762243	0.746405612762243	0.723085813527276	0.723085813527276	0.746405612762243	0.723085813527276	0.746405612762243	0.746405612762243	0.737658427672448	0.746405612762243	0.746405612762243	0.737658427672448	0.736874224133255	0.805794657904992	0.805794657904992	0.736874224133255	0.736874224133255	0.736874224133255	0.736874224133255	0.736874224133255	0.710110582431778	0.710110582431778	0.710110582431778	0.710110582431778	0.710110582431778	0.710110582431778	0.710110582431778	0.710110582431778	0.710110582431778	0.812961367923625	0.812961367923625	0.764954684233583	0.764954684233583	0.764954684233583	0.764954684233583	0.764954684233583	0.764954684233583	0.764954684233583	0.764954684233583	0.764954684233583	0.764954684233583	0.764954684233583	0.764954684233583	0.764954684233583	0.764954684233583	0.764954684233583	0.764954684233583	0.764954684233583	0.764954684233583	0.734825435423669	0.764954684233583	0.764954684233583	0.712990110077838	0.712990110077838	0.764954684233583	0.764954684233583	0.764954684233583	0.764954684233583	0.771553109347045	0.771553109347045	0.764954684233583	0.764954684233583	0.504805493683084	0.711218664622796	0.764954684233583	0.764954684233583	0.504805493683084	0.805794657904992	0.746405612762243	0.736874224133255	0.764954684233583	0.764954684233583	0.737658427672448	0.805794657904992	0.737658427672448	0.746405612762243	0.736874224133255	0.764954684233583	0.764954684233583	0.805794657904992	0.737658427672448	0.746405612762243	0.736874224133255	0.764954684233583	0.764954684233583
GSM2612218	0.224946903418815	0.200837749223258	0.319049807735899	0.200837749223258	0.267184974880445	0.319049807735899	0.191064607396909	0.319049807735899	0.323966721206531	0.336328377491311	0.319049807735899	0.319049807735899	0.336328377491311	0.319049807735899	0.244762864101562	0.267184974880445	0.319049807735899	0.319049807735899	0.313748888309133	0.319049807735899	0.319049807735899	0.319049807735899	0.313748888309133	0.313748888309133	0.319049807735899	0.313748888309133	0.319049807735899	0.319049807735899	0.267184974880445	0.319049807735899	0.319049807735899	0.267184974880445	0.33224418866713	0.200837749223258	0.200837749223258	0.33224418866713	0.33224418866713	0.33224418866713	0.33224418866713	0.33224418866713	0.336184647792502	0.336184647792502	0.336184647792502	0.336184647792502	0.336184647792502	0.336184647792502	0.336184647792502	0.336184647792502	0.336184647792502	0.343077832185574	0.343077832185574	0.15174576691349	0.15174576691349	0.15174576691349	0.15174576691349	0.15174576691349	0.15174576691349	0.15174576691349	0.15174576691349	0.15174576691349	0.15174576691349	0.15174576691349	0.15174576691349	0.15174576691349	0.15174576691349	0.15174576691349	0.15174576691349	0.15174576691349	0.15174576691349	0.224946903418815	0.15174576691349	0.15174576691349	0.286650454250109	0.286650454250109	0.15174576691349	0.15174576691349	0.15174576691349	0.15174576691349	0.222216422385323	0.222216422385323	0.15174576691349	0.15174576691349	0.517916915338561	0.307844923946576	0.15174576691349	0.15174576691349	0.517916915338561	0.200837749223258	0.319049807735899	0.33224418866713	0.15174576691349	0.15174576691349	0.267184974880445	0.200837749223258	0.267184974880445	0.319049807735899	0.33224418866713	0.15174576691349	0.15174576691349	0.200837749223258	0.267184974880445	0.319049807735899	0.33224418866713	0.15174576691349	0.15174576691349
GSM2612219	0.634614137492393	0.595521047966229	0.577909429877962	0.595521047966229	0.570381620462702	0.577909429877962	0.538505984333111	0.577909429877962	0.587699234175772	0.593171439124516	0.577909429877962	0.577909429877962	0.593171439124516	0.577909429877962	0.575883887236023	0.570381620462702	0.577909429877962	0.577909429877962	0.587504145823457	0.577909429877962	0.577909429877962	0.577909429877962	0.587504145823457	0.587504145823457	0.577909429877962	0.587504145823457	0.577909429877962	0.577909429877962	0.570381620462702	0.577909429877962	0.577909429877962	0.570381620462702	0.614099225818758	0.595521047966229	0.595521047966229	0.614099225818758	0.614099225818758	0.614099225818758	0.614099225818758	0.614099225818758	0.62746154648834	0.62746154648834	0.62746154648834	0.62746154648834	0.62746154648834	0.62746154648834	0.62746154648834	0.62746154648834	0.62746154648834	0.645544848393533	0.645544848393533	0.59992823741279	0.59992823741279	0.59992823741279	0.59992823741279	0.59992823741279	0.59992823741279	0.59992823741279	0.59992823741279	0.59992823741279	0.59992823741279	0.59992823741279	0.59992823741279	0.59992823741279	0.59992823741279	0.59992823741279	0.59992823741279	0.59992823741279	0.59992823741279	0.634614137492393	0.59992823741279	0.59992823741279	0.690430454771854	0.690430454771854	0.59992823741279	0.59992823741279	0.59992823741279	0.59992823741279	0.60048962871463	0.60048962871463	0.59992823741279	0.59992823741279	0.43839522182345	0.627960772956409	0.59992823741279	0.59992823741279	0.43839522182345	0.595521047966229	0.577909429877962	0.614099225818758	0.59992823741279	0.59992823741279	0.570381620462702	0.595521047966229	0.570381620462702	0.577909429877962	0.614099225818758	0.59992823741279	0.59992823741279	0.595521047966229	0.570381620462702	0.577909429877962	0.614099225818758	0.59992823741279	0.59992823741279
GSM2612220	0.903553560126076	0.882719774259933	0.793882228285748	0.882719774259933	0.906081661962293	0.793882228285748	0.861568869564466	0.793882228285748	0.813024149570677	0.815105895466411	0.793882228285748	0.793882228285748	0.815105895466411	0.793882228285748	0.898652353039142	0.906081661962293	0.793882228285748	0.793882228285748	0.806744749944836	0.793882228285748	0.793882228285748	0.793882228285748	0.806744749944836	0.806744749944836	0.793882228285748	0.806744749944836	0.793882228285748	0.793882228285748	0.906081661962293	0.793882228285748	0.793882228285748	0.906081661962293	0.810691005093733	0.882719774259933	0.882719774259933	0.810691005093733	0.810691005093733	0.810691005093733	0.810691005093733	0.810691005093733	0.81859999760403	0.81859999760403	0.81859999760403	0.81859999760403	0.81859999760403	0.81859999760403	0.81859999760403	0.81859999760403	0.81859999760403	0.815170094392467	0.815170094392467	0.819009911287335	0.819009911287335	0.819009911287335	0.819009911287335	0.819009911287335	0.819009911287335	0.819009911287335	0.819009911287335	0.819009911287335	0.819009911287335	0.819009911287335	0.819009911287335	0.819009911287335	0.819009911287335	0.819009911287335	0.819009911287335	0.819009911287335	0.819009911287335	0.903553560126076	0.819009911287335	0.819009911287335	0.834467355258497	0.834467355258497	0.819009911287335	0.819009911287335	0.819009911287335	0.819009911287335	0.875404884274024	0.875404884274024	0.819009911287335	0.819009911287335	0.639382036927065	0.839067997903532	0.819009911287335	0.819009911287335	0.639382036927065	0.882719774259933	0.793882228285748	0.810691005093733	0.819009911287335	0.819009911287335	0.906081661962293	0.882719774259933	0.906081661962293	0.793882228285748	0.810691005093733	0.819009911287335	0.819009911287335	0.882719774259933	0.906081661962293	0.793882228285748	0.810691005093733	0.819009911287335	0.819009911287335
GSM2612221	0.676816087707932	0.784239130765936	0.776954299472623	0.784239130765936	0.779523729690614	0.776954299472623	0.78640957349109	0.776954299472623	0.795914726916197	0.813552159802259	0.776954299472623	0.776954299472623	0.813552159802259	0.776954299472623	0.762145990883721	0.779523729690614	0.776954299472623	0.776954299472623	0.805872194523841	0.776954299472623	0.776954299472623	0.776954299472623	0.805872194523841	0.805872194523841	0.776954299472623	0.805872194523841	0.776954299472623	0.776954299472623	0.779523729690614	0.776954299472623	0.776954299472623	0.779523729690614	0.832546679459327	0.784239130765936	0.784239130765936	0.832546679459327	0.832546679459327	0.832546679459327	0.832546679459327	0.832546679459327	0.815098997141674	0.815098997141674	0.815098997141674	0.815098997141674	0.815098997141674	0.815098997141674	0.815098997141674	0.815098997141674	0.815098997141674	0.819768292599707	0.819768292599707	0.73385123025536	0.73385123025536	0.73385123025536	0.73385123025536	0.73385123025536	0.73385123025536	0.73385123025536	0.73385123025536	0.73385123025536	0.73385123025536	0.73385123025536	0.73385123025536	0.73385123025536	0.73385123025536	0.73385123025536	0.73385123025536	0.73385123025536	0.73385123025536	0.676816087707932	0.73385123025536	0.73385123025536	0.711582978723262	0.711582978723262	0.73385123025536	0.73385123025536	0.73385123025536	0.73385123025536	0.772528553763783	0.772528553763783	0.73385123025536	0.73385123025536	0.72730972590462	0.766523292341024	0.73385123025536	0.73385123025536	0.72730972590462	0.784239130765936	0.776954299472623	0.832546679459327	0.73385123025536	0.73385123025536	0.779523729690614	0.784239130765936	0.779523729690614	0.776954299472623	0.832546679459327	0.73385123025536	0.73385123025536	0.784239130765936	0.779523729690614	0.776954299472623	0.832546679459327	0.73385123025536	0.73385123025536
GSM2612222	0.724694454073809	0.725007251666867	0.668054638807837	0.725007251666867	0.729458876110668	0.668054638807837	0.741243062277876	0.668054638807837	0.683010122363006	0.665571130190989	0.668054638807837	0.668054638807837	0.665571130190989	0.668054638807837	0.74575152117314	0.729458876110668	0.668054638807837	0.668054638807837	0.672613043532198	0.668054638807837	0.668054638807837	0.668054638807837	0.672613043532198	0.672613043532198	0.668054638807837	0.672613043532198	0.668054638807837	0.668054638807837	0.729458876110668	0.668054638807837	0.668054638807837	0.729458876110668	0.779201373846977	0.725007251666867	0.725007251666867	0.779201373846977	0.779201373846977	0.779201373846977	0.779201373846977	0.779201373846977	0.792260491070714	0.792260491070714	0.792260491070714	0.792260491070714	0.792260491070714	0.792260491070714	0.792260491070714	0.792260491070714	0.792260491070714	0.805807428730639	0.805807428730639	0.77441145760958	0.77441145760958	0.77441145760958	0.77441145760958	0.77441145760958	0.77441145760958	0.77441145760958	0.77441145760958	0.77441145760958	0.77441145760958	0.77441145760958	0.77441145760958	0.77441145760958	0.77441145760958	0.77441145760958	0.77441145760958	0.77441145760958	0.77441145760958	0.724694454073809	0.77441145760958	0.77441145760958	0.713499761731999	0.713499761731999	0.77441145760958	0.77441145760958	0.77441145760958	0.77441145760958	0.741105202243857	0.741105202243857	0.77441145760958	0.77441145760958	0.752164108595263	0.757789749577594	0.77441145760958	0.77441145760958	0.752164108595263	0.725007251666867	0.668054638807837	0.779201373846977	0.77441145760958	0.77441145760958	0.729458876110668	0.725007251666867	0.729458876110668	0.668054638807837	0.779201373846977	0.77441145760958	0.77441145760958	0.725007251666867	0.729458876110668	0.668054638807837	0.779201373846977	0.77441145760958	0.77441145760958
GSM2612223	0.917123843586041	0.915096780981726	0.898384600429285	0.915096780981726	0.940276073138071	0.898384600429285	0.932243514602235	0.898384600429285	0.905681002956034	0.900221706238184	0.898384600429285	0.898384600429285	0.900221706238184	0.898384600429285	0.92756393116265	0.940276073138071	0.898384600429285	0.898384600429285	0.888243548492692	0.898384600429285	0.898384600429285	0.898384600429285	0.888243548492692	0.888243548492692	0.898384600429285	0.888243548492692	0.898384600429285	0.898384600429285	0.940276073138071	0.898384600429285	0.898384600429285	0.940276073138071	0.835981344170483	0.915096780981726	0.915096780981726	0.835981344170483	0.835981344170483	0.835981344170483	0.835981344170483	0.835981344170483	0.842540932866856	0.842540932866856	0.842540932866856	0.842540932866856	0.842540932866856	0.842540932866856	0.842540932866856	0.842540932866856	0.842540932866856	0.858520758041007	0.858520758041007	0.887329003625482	0.887329003625482	0.887329003625482	0.887329003625482	0.887329003625482	0.887329003625482	0.887329003625482	0.887329003625482	0.887329003625482	0.887329003625482	0.887329003625482	0.887329003625482	0.887329003625482	0.887329003625482	0.887329003625482	0.887329003625482	0.887329003625482	0.887329003625482	0.917123843586041	0.887329003625482	0.887329003625482	0.888732594783284	0.888732594783284	0.887329003625482	0.887329003625482	0.887329003625482	0.887329003625482	0.890084604188596	0.890084604188596	0.887329003625482	0.887329003625482	0.800780718149979	0.851562922154375	0.887329003625482	0.887329003625482	0.800780718149979	0.915096780981726	0.898384600429285	0.835981344170483	0.887329003625482	0.887329003625482	0.940276073138071	0.915096780981726	0.940276073138071	0.898384600429285	0.835981344170483	0.887329003625482	0.887329003625482	0.915096780981726	0.940276073138071	0.898384600429285	0.835981344170483	0.887329003625482	0.887329003625482
GSM2612224	0.839460089389665	0.82209657540051	0.837668156717318	0.82209657540051	0.883182551774083	0.837668156717318	0.830243734729913	0.837668156717318	0.849973582699812	0.855157270872594	0.837668156717318	0.837668156717318	0.855157270872594	0.837668156717318	0.856211336682184	0.883182551774083	0.837668156717318	0.837668156717318	0.836340794317907	0.837668156717318	0.837668156717318	0.837668156717318	0.836340794317907	0.836340794317907	0.837668156717318	0.836340794317907	0.837668156717318	0.837668156717318	0.883182551774083	0.837668156717318	0.837668156717318	0.883182551774083	0.825919054284799	0.82209657540051	0.82209657540051	0.825919054284799	0.825919054284799	0.825919054284799	0.825919054284799	0.825919054284799	0.825363587304088	0.825363587304088	0.825363587304088	0.825363587304088	0.825363587304088	0.825363587304088	0.825363587304088	0.825363587304088	0.825363587304088	0.751430095158335	0.751430095158335	0.709701996028077	0.709701996028077	0.709701996028077	0.709701996028077	0.709701996028077	0.709701996028077	0.709701996028077	0.709701996028077	0.709701996028077	0.709701996028077	0.709701996028077	0.709701996028077	0.709701996028077	0.709701996028077	0.709701996028077	0.709701996028077	0.709701996028077	0.709701996028077	0.839460089389665	0.709701996028077	0.709701996028077	0.841338398718449	0.841338398718449	0.709701996028077	0.709701996028077	0.709701996028077	0.709701996028077	0.782703328120134	0.782703328120134	0.709701996028077	0.709701996028077	0.759688374123956	0.843481744667046	0.709701996028077	0.709701996028077	0.759688374123956	0.82209657540051	0.837668156717318	0.825919054284799	0.709701996028077	0.709701996028077	0.883182551774083	0.82209657540051	0.883182551774083	0.837668156717318	0.825919054284799	0.709701996028077	0.709701996028077	0.82209657540051	0.883182551774083	0.837668156717318	0.825919054284799	0.709701996028077	0.709701996028077
GSM2612225	0.86015482742823	0.823549874287326	0.845005083303977	0.823549874287326	0.855634060159313	0.845005083303977	0.815591382044139	0.845005083303977	0.831956165345747	0.836519482612746	0.845005083303977	0.845005083303977	0.836519482612746	0.845005083303977	0.870118154153099	0.855634060159313	0.845005083303977	0.845005083303977	0.844503618812074	0.845005083303977	0.845005083303977	0.845005083303977	0.844503618812074	0.844503618812074	0.845005083303977	0.844503618812074	0.845005083303977	0.845005083303977	0.855634060159313	0.845005083303977	0.845005083303977	0.855634060159313	0.797932328377928	0.823549874287326	0.823549874287326	0.797932328377928	0.797932328377928	0.797932328377928	0.797932328377928	0.797932328377928	0.789973825036631	0.789973825036631	0.789973825036631	0.789973825036631	0.789973825036631	0.789973825036631	0.789973825036631	0.789973825036631	0.789973825036631	0.743735863887427	0.743735863887427	0.844264928140752	0.844264928140752	0.844264928140752	0.844264928140752	0.844264928140752	0.844264928140752	0.844264928140752	0.844264928140752	0.844264928140752	0.844264928140752	0.844264928140752	0.844264928140752	0.844264928140752	0.844264928140752	0.844264928140752	0.844264928140752	0.844264928140752	0.844264928140752	0.86015482742823	0.844264928140752	0.844264928140752	0.800914318326796	0.800914318326796	0.844264928140752	0.844264928140752	0.844264928140752	0.844264928140752	0.878136440394654	0.878136440394654	0.844264928140752	0.844264928140752	0.748994053116007	0.803591970423845	0.844264928140752	0.844264928140752	0.748994053116007	0.823549874287326	0.845005083303977	0.797932328377928	0.844264928140752	0.844264928140752	0.855634060159313	0.823549874287326	0.855634060159313	0.845005083303977	0.797932328377928	0.844264928140752	0.844264928140752	0.823549874287326	0.855634060159313	0.845005083303977	0.797932328377928	0.844264928140752	0.844264928140752
GSM2612226	0.141245371898653	0.275613575048136	0.111117709007318	0.275613575048136	0.168213398836201	0.111117709007318	0.195687536097687	0.111117709007318	0.124144950697419	0.120064203567297	0.111117709007318	0.111117709007318	0.120064203567297	0.111117709007318	0.167692728588131	0.168213398836201	0.111117709007318	0.111117709007318	0.121498158468763	0.111117709007318	0.111117709007318	0.111117709007318	0.121498158468763	0.121498158468763	0.111117709007318	0.121498158468763	0.111117709007318	0.111117709007318	0.168213398836201	0.111117709007318	0.111117709007318	0.168213398836201	0.176462131650641	0.275613575048136	0.275613575048136	0.176462131650641	0.176462131650641	0.176462131650641	0.176462131650641	0.176462131650641	0.16273629125999	0.16273629125999	0.16273629125999	0.16273629125999	0.16273629125999	0.16273629125999	0.16273629125999	0.16273629125999	0.16273629125999	0.215977667897741	0.215977667897741	0.133956598825561	0.133956598825561	0.133956598825561	0.133956598825561	0.133956598825561	0.133956598825561	0.133956598825561	0.133956598825561	0.133956598825561	0.133956598825561	0.133956598825561	0.133956598825561	0.133956598825561	0.133956598825561	0.133956598825561	0.133956598825561	0.133956598825561	0.133956598825561	0.141245371898653	0.133956598825561	0.133956598825561	0.11400534593809	0.11400534593809	0.133956598825561	0.133956598825561	0.133956598825561	0.133956598825561	0.14759271314955	0.14759271314955	0.133956598825561	0.133956598825561	0.252233260303716	0.15554489558357	0.133956598825561	0.133956598825561	0.252233260303716	0.275613575048136	0.111117709007318	0.176462131650641	0.133956598825561	0.133956598825561	0.168213398836201	0.275613575048136	0.168213398836201	0.111117709007318	0.176462131650641	0.133956598825561	0.133956598825561	0.275613575048136	0.168213398836201	0.111117709007318	0.176462131650641	0.133956598825561	0.133956598825561
GSM2612227	0.21784885995001	0.217888774937104	0.32203818410191	0.217888774937104	0.204414616112786	0.32203818410191	0.215043678093447	0.32203818410191	0.26068815493212	0.300726088664865	0.32203818410191	0.32203818410191	0.300726088664865	0.32203818410191	0.209110003027254	0.204414616112786	0.32203818410191	0.32203818410191	0.302411458423921	0.32203818410191	0.32203818410191	0.32203818410191	0.302411458423921	0.302411458423921	0.32203818410191	0.302411458423921	0.32203818410191	0.32203818410191	0.204414616112786	0.32203818410191	0.32203818410191	0.204414616112786	0.476418846837184	0.217888774937104	0.217888774937104	0.476418846837184	0.476418846837184	0.476418846837184	0.476418846837184	0.476418846837184	0.483138083853592	0.483138083853592	0.483138083853592	0.483138083853592	0.483138083853592	0.483138083853592	0.483138083853592	0.483138083853592	0.483138083853592	0.483450012390966	0.483450012390966	0.293284587164776	0.293284587164776	0.293284587164776	0.293284587164776	0.293284587164776	0.293284587164776	0.293284587164776	0.293284587164776	0.293284587164776	0.293284587164776	0.293284587164776	0.293284587164776	0.293284587164776	0.293284587164776	0.293284587164776	0.293284587164776	0.293284587164776	0.293284587164776	0.21784885995001	0.293284587164776	0.293284587164776	0.28460450978058	0.28460450978058	0.293284587164776	0.293284587164776	0.293284587164776	0.293284587164776	0.30139947726186	0.30139947726186	0.293284587164776	0.293284587164776	0.62839817114892	0.423556742899025	0.293284587164776	0.293284587164776	0.62839817114892	0.217888774937104	0.32203818410191	0.476418846837184	0.293284587164776	0.293284587164776	0.204414616112786	0.217888774937104	0.204414616112786	0.32203818410191	0.476418846837184	0.293284587164776	0.293284587164776	0.217888774937104	0.204414616112786	0.32203818410191	0.476418846837184	0.293284587164776	0.293284587164776
GSM2612228	0.998797414303609	0.999194081809357	0.999380780138273	0.999194081809357	0.999005235573312	0.999380780138273	0.999024049620054	0.999380780138273	0.999452260669939	0.999464498498649	0.999380780138273	0.999380780138273	0.999464498498649	0.999380780138273	0.99881104357525	0.999005235573312	0.999380780138273	0.999380780138273	0.999381103432953	0.999380780138273	0.999380780138273	0.999380780138273	0.999381103432953	0.999381103432953	0.999380780138273	0.999381103432953	0.999380780138273	0.999380780138273	0.999005235573312	0.999380780138273	0.999380780138273	0.999005235573312	0.997451761517827	0.999194081809357	0.999194081809357	0.997451761517827	0.997451761517827	0.997451761517827	0.997451761517827	0.997451761517827	0.997549947455783	0.997549947455783	0.997549947455783	0.997549947455783	0.997549947455783	0.997549947455783	0.997549947455783	0.997549947455783	0.997549947455783	0.99729727871813	0.99729727871813	0.997753956626663	0.997753956626663	0.997753956626663	0.997753956626663	0.997753956626663	0.997753956626663	0.997753956626663	0.997753956626663	0.997753956626663	0.997753956626663	0.997753956626663	0.997753956626663	0.997753956626663	0.997753956626663	0.997753956626663	0.997753956626663	0.997753956626663	0.997753956626663	0.998797414303609	0.997753956626663	0.997753956626663	0.999382542304129	0.999382542304129	0.997753956626663	0.997753956626663	0.997753956626663	0.997753956626663	0.997914931426948	0.997914931426948	0.997753956626663	0.997753956626663	0.993015429613157	0.997872323415499	0.997753956626663	0.997753956626663	0.993015429613157	0.999194081809357	0.999380780138273	0.997451761517827	0.997753956626663	0.997753956626663	0.999005235573312	0.999194081809357	0.999005235573312	0.999380780138273	0.997451761517827	0.997753956626663	0.997753956626663	0.999194081809357	0.999005235573312	0.999380780138273	0.997451761517827	0.997753956626663	0.997753956626663
GSM2612229	0.842378289412877	0.764929822915036	0.675373625569059	0.764929822915036	0.825496926440283	0.675373625569059	0.757517429642989	0.675373625569059	0.650868742039337	0.677433678457805	0.675373625569059	0.675373625569059	0.677433678457805	0.675373625569059	0.805770126485194	0.825496926440283	0.675373625569059	0.675373625569059	0.664088857941089	0.675373625569059	0.675373625569059	0.675373625569059	0.664088857941089	0.664088857941089	0.675373625569059	0.664088857941089	0.675373625569059	0.675373625569059	0.825496926440283	0.675373625569059	0.675373625569059	0.825496926440283	0.644854394065537	0.764929822915036	0.764929822915036	0.644854394065537	0.644854394065537	0.644854394065537	0.644854394065537	0.644854394065537	0.653969641439291	0.653969641439291	0.653969641439291	0.653969641439291	0.653969641439291	0.653969641439291	0.653969641439291	0.653969641439291	0.653969641439291	0.668178061481829	0.668178061481829	0.761667283925687	0.761667283925687	0.761667283925687	0.761667283925687	0.761667283925687	0.761667283925687	0.761667283925687	0.761667283925687	0.761667283925687	0.761667283925687	0.761667283925687	0.761667283925687	0.761667283925687	0.761667283925687	0.761667283925687	0.761667283925687	0.761667283925687	0.761667283925687	0.842378289412877	0.761667283925687	0.761667283925687	0.700046031476578	0.700046031476578	0.761667283925687	0.761667283925687	0.761667283925687	0.761667283925687	0.83530755149299	0.83530755149299	0.761667283925687	0.761667283925687	0.63552881446494	0.620499194410937	0.761667283925687	0.761667283925687	0.63552881446494	0.764929822915036	0.675373625569059	0.644854394065537	0.761667283925687	0.761667283925687	0.825496926440283	0.764929822915036	0.825496926440283	0.675373625569059	0.644854394065537	0.761667283925687	0.761667283925687	0.764929822915036	0.825496926440283	0.675373625569059	0.644854394065537	0.761667283925687	0.761667283925687
GSM2612230	0.34728431588996	0.20530149699026	0.490044105977427	0.20530149699026	0.266624031415487	0.490044105977427	0.213851567594838	0.490044105977427	0.449371156091241	0.469747791034607	0.490044105977427	0.490044105977427	0.469747791034607	0.490044105977427	0.277961290202939	0.266624031415487	0.490044105977427	0.490044105977427	0.473446867817681	0.490044105977427	0.490044105977427	0.490044105977427	0.473446867817681	0.473446867817681	0.490044105977427	0.473446867817681	0.490044105977427	0.490044105977427	0.266624031415487	0.490044105977427	0.490044105977427	0.266624031415487	0.649406772628116	0.20530149699026	0.20530149699026	0.649406772628116	0.649406772628116	0.649406772628116	0.649406772628116	0.649406772628116	0.620134660400675	0.620134660400675	0.620134660400675	0.620134660400675	0.620134660400675	0.620134660400675	0.620134660400675	0.620134660400675	0.620134660400675	0.613651782668996	0.613651782668996	0.347902305686258	0.347902305686258	0.347902305686258	0.347902305686258	0.347902305686258	0.347902305686258	0.347902305686258	0.347902305686258	0.347902305686258	0.347902305686258	0.347902305686258	0.347902305686258	0.347902305686258	0.347902305686258	0.347902305686258	0.347902305686258	0.347902305686258	0.347902305686258	0.34728431588996	0.347902305686258	0.347902305686258	0.543560578625483	0.543560578625483	0.347902305686258	0.347902305686258	0.347902305686258	0.347902305686258	0.403923596050136	0.403923596050136	0.347902305686258	0.347902305686258	0.581872809930655	0.592017947009552	0.347902305686258	0.347902305686258	0.581872809930655	0.20530149699026	0.490044105977427	0.649406772628116	0.347902305686258	0.347902305686258	0.266624031415487	0.20530149699026	0.266624031415487	0.490044105977427	0.649406772628116	0.347902305686258	0.347902305686258	0.20530149699026	0.266624031415487	0.490044105977427	0.649406772628116	0.347902305686258	0.347902305686258
GSM2612231	0.731834623840836	0.784412975340228	0.766284587619	0.784412975340228	0.788733042237534	0.766284587619	0.744326345910622	0.766284587619	0.763960409334596	0.781550159324718	0.766284587619	0.766284587619	0.781550159324718	0.766284587619	0.797357625748779	0.788733042237534	0.766284587619	0.766284587619	0.790807775487124	0.766284587619	0.766284587619	0.766284587619	0.790807775487124	0.790807775487124	0.766284587619	0.790807775487124	0.766284587619	0.766284587619	0.788733042237534	0.766284587619	0.766284587619	0.788733042237534	0.792772408550899	0.784412975340228	0.784412975340228	0.792772408550899	0.792772408550899	0.792772408550899	0.792772408550899	0.792772408550899	0.794851318586451	0.794851318586451	0.794851318586451	0.794851318586451	0.794851318586451	0.794851318586451	0.794851318586451	0.794851318586451	0.794851318586451	0.715269532659345	0.715269532659345	0.70443966051469	0.70443966051469	0.70443966051469	0.70443966051469	0.70443966051469	0.70443966051469	0.70443966051469	0.70443966051469	0.70443966051469	0.70443966051469	0.70443966051469	0.70443966051469	0.70443966051469	0.70443966051469	0.70443966051469	0.70443966051469	0.70443966051469	0.70443966051469	0.731834623840836	0.70443966051469	0.70443966051469	0.725624798427175	0.725624798427175	0.70443966051469	0.70443966051469	0.70443966051469	0.70443966051469	0.777027468191783	0.777027468191783	0.70443966051469	0.70443966051469	0.80235187744586	0.78494590541772	0.70443966051469	0.70443966051469	0.80235187744586	0.784412975340228	0.766284587619	0.792772408550899	0.70443966051469	0.70443966051469	0.788733042237534	0.784412975340228	0.788733042237534	0.766284587619	0.792772408550899	0.70443966051469	0.70443966051469	0.784412975340228	0.788733042237534	0.766284587619	0.792772408550899	0.70443966051469	0.70443966051469
GSM2612232	0.812754824546376	0.854798716635287	0.823344730209649	0.854798716635287	0.847508450798935	0.823344730209649	0.812649076538219	0.823344730209649	0.822926173089494	0.841164180066788	0.823344730209649	0.823344730209649	0.841164180066788	0.823344730209649	0.818820898139622	0.847508450798935	0.823344730209649	0.823344730209649	0.832212594455922	0.823344730209649	0.823344730209649	0.823344730209649	0.832212594455922	0.832212594455922	0.823344730209649	0.832212594455922	0.823344730209649	0.823344730209649	0.847508450798935	0.823344730209649	0.823344730209649	0.847508450798935	0.890312116718003	0.854798716635287	0.854798716635287	0.890312116718003	0.890312116718003	0.890312116718003	0.890312116718003	0.890312116718003	0.888508720086001	0.888508720086001	0.888508720086001	0.888508720086001	0.888508720086001	0.888508720086001	0.888508720086001	0.888508720086001	0.888508720086001	0.899922603997331	0.899922603997331	0.744740035866743	0.744740035866743	0.744740035866743	0.744740035866743	0.744740035866743	0.744740035866743	0.744740035866743	0.744740035866743	0.744740035866743	0.744740035866743	0.744740035866743	0.744740035866743	0.744740035866743	0.744740035866743	0.744740035866743	0.744740035866743	0.744740035866743	0.744740035866743	0.812754824546376	0.744740035866743	0.744740035866743	0.836669718480688	0.836669718480688	0.744740035866743	0.744740035866743	0.744740035866743	0.744740035866743	0.777211166142884	0.777211166142884	0.744740035866743	0.744740035866743	0.855451227425066	0.880991843017342	0.744740035866743	0.744740035866743	0.855451227425066	0.854798716635287	0.823344730209649	0.890312116718003	0.744740035866743	0.744740035866743	0.847508450798935	0.854798716635287	0.847508450798935	0.823344730209649	0.890312116718003	0.744740035866743	0.744740035866743	0.854798716635287	0.847508450798935	0.823344730209649	0.890312116718003	0.744740035866743	0.744740035866743
GSM2612233	0.797359923016533	0.79382175287749	0.856553722512496	0.79382175287749	0.745973789722181	0.856553722512496	0.765434888249815	0.856553722512496	0.85196243294874	0.847482225436323	0.856553722512496	0.856553722512496	0.847482225436323	0.856553722512496	0.763684137015368	0.745973789722181	0.856553722512496	0.856553722512496	0.847830895740567	0.856553722512496	0.856553722512496	0.856553722512496	0.847830895740567	0.847830895740567	0.856553722512496	0.847830895740567	0.856553722512496	0.856553722512496	0.745973789722181	0.856553722512496	0.856553722512496	0.745973789722181	0.911094331778618	0.79382175287749	0.79382175287749	0.911094331778618	0.911094331778618	0.911094331778618	0.911094331778618	0.911094331778618	0.907276666070925	0.907276666070925	0.907276666070925	0.907276666070925	0.907276666070925	0.907276666070925	0.907276666070925	0.907276666070925	0.907276666070925	0.910590589138773	0.910590589138773	0.856482371203458	0.856482371203458	0.856482371203458	0.856482371203458	0.856482371203458	0.856482371203458	0.856482371203458	0.856482371203458	0.856482371203458	0.856482371203458	0.856482371203458	0.856482371203458	0.856482371203458	0.856482371203458	0.856482371203458	0.856482371203458	0.856482371203458	0.856482371203458	0.797359923016533	0.856482371203458	0.856482371203458	0.815237318305433	0.815237318305433	0.856482371203458	0.856482371203458	0.856482371203458	0.856482371203458	0.829965272486127	0.829965272486127	0.856482371203458	0.856482371203458	0.908506957341368	0.896076345974903	0.856482371203458	0.856482371203458	0.908506957341368	0.79382175287749	0.856553722512496	0.911094331778618	0.856482371203458	0.856482371203458	0.745973789722181	0.79382175287749	0.745973789722181	0.856553722512496	0.911094331778618	0.856482371203458	0.856482371203458	0.79382175287749	0.745973789722181	0.856553722512496	0.911094331778618	0.856482371203458	0.856482371203458
GSM2612234	0.637446219556746	0.519518360442403	0.645107947224463	0.519518360442403	0.67919637935284	0.645107947224463	0.569108481931431	0.645107947224463	0.679331390299531	0.676271516646173	0.645107947224463	0.645107947224463	0.676271516646173	0.645107947224463	0.641859343561251	0.67919637935284	0.645107947224463	0.645107947224463	0.661858306383739	0.645107947224463	0.645107947224463	0.645107947224463	0.661858306383739	0.661858306383739	0.645107947224463	0.661858306383739	0.645107947224463	0.645107947224463	0.67919637935284	0.645107947224463	0.645107947224463	0.67919637935284	0.667666751576666	0.519518360442403	0.519518360442403	0.667666751576666	0.667666751576666	0.667666751576666	0.667666751576666	0.667666751576666	0.6808761282155	0.6808761282155	0.6808761282155	0.6808761282155	0.6808761282155	0.6808761282155	0.6808761282155	0.6808761282155	0.6808761282155	0.721936513267291	0.721936513267291	0.500180907639723	0.500180907639723	0.500180907639723	0.500180907639723	0.500180907639723	0.500180907639723	0.500180907639723	0.500180907639723	0.500180907639723	0.500180907639723	0.500180907639723	0.500180907639723	0.500180907639723	0.500180907639723	0.500180907639723	0.500180907639723	0.500180907639723	0.500180907639723	0.637446219556746	0.500180907639723	0.500180907639723	0.690326906788702	0.690326906788702	0.500180907639723	0.500180907639723	0.500180907639723	0.500180907639723	0.588832416213485	0.588832416213485	0.500180907639723	0.500180907639723	0.71104551406313	0.70237261217986	0.500180907639723	0.500180907639723	0.71104551406313	0.519518360442403	0.645107947224463	0.667666751576666	0.500180907639723	0.500180907639723	0.67919637935284	0.519518360442403	0.67919637935284	0.645107947224463	0.667666751576666	0.500180907639723	0.500180907639723	0.519518360442403	0.67919637935284	0.645107947224463	0.667666751576666	0.500180907639723	0.500180907639723
GSM2612235	0.880896016022695	0.928270118153536	0.839090922797225	0.928270118153536	0.884621195074868	0.839090922797225	0.905292822046753	0.839090922797225	0.850988441784586	0.837814595010378	0.839090922797225	0.839090922797225	0.837814595010378	0.839090922797225	0.889216077261195	0.884621195074868	0.839090922797225	0.839090922797225	0.841938483096885	0.839090922797225	0.839090922797225	0.839090922797225	0.841938483096885	0.841938483096885	0.839090922797225	0.841938483096885	0.839090922797225	0.839090922797225	0.884621195074868	0.839090922797225	0.839090922797225	0.884621195074868	0.909323102205718	0.928270118153536	0.928270118153536	0.909323102205718	0.909323102205718	0.909323102205718	0.909323102205718	0.909323102205718	0.902901722552709	0.902901722552709	0.902901722552709	0.902901722552709	0.902901722552709	0.902901722552709	0.902901722552709	0.902901722552709	0.902901722552709	0.903299371597586	0.903299371597586	0.891292975060542	0.891292975060542	0.891292975060542	0.891292975060542	0.891292975060542	0.891292975060542	0.891292975060542	0.891292975060542	0.891292975060542	0.891292975060542	0.891292975060542	0.891292975060542	0.891292975060542	0.891292975060542	0.891292975060542	0.891292975060542	0.891292975060542	0.891292975060542	0.880896016022695	0.891292975060542	0.891292975060542	0.766858716949535	0.766858716949535	0.891292975060542	0.891292975060542	0.891292975060542	0.891292975060542	0.865642941001868	0.865642941001868	0.891292975060542	0.891292975060542	0.931735608039866	0.921302467050133	0.891292975060542	0.891292975060542	0.931735608039866	0.928270118153536	0.839090922797225	0.909323102205718	0.891292975060542	0.891292975060542	0.884621195074868	0.928270118153536	0.884621195074868	0.839090922797225	0.909323102205718	0.891292975060542	0.891292975060542	0.928270118153536	0.884621195074868	0.839090922797225	0.909323102205718	0.891292975060542	0.891292975060542
GSM2612236	0.473627409582966	0.363939546047747	0.273389762123401	0.363939546047747	0.378447642680649	0.273389762123401	0.400759505441225	0.273389762123401	0.260193683554428	0.247901574348343	0.273389762123401	0.273389762123401	0.247901574348343	0.273389762123401	0.405573862480718	0.378447642680649	0.273389762123401	0.273389762123401	0.260856098682795	0.273389762123401	0.273389762123401	0.273389762123401	0.260856098682795	0.260856098682795	0.273389762123401	0.260856098682795	0.273389762123401	0.273389762123401	0.378447642680649	0.273389762123401	0.273389762123401	0.378447642680649	0.297512680557285	0.363939546047747	0.363939546047747	0.297512680557285	0.297512680557285	0.297512680557285	0.297512680557285	0.297512680557285	0.30421598263976	0.30421598263976	0.30421598263976	0.30421598263976	0.30421598263976	0.30421598263976	0.30421598263976	0.30421598263976	0.30421598263976	0.358234231867738	0.358234231867738	0.539113567156013	0.539113567156013	0.539113567156013	0.539113567156013	0.539113567156013	0.539113567156013	0.539113567156013	0.539113567156013	0.539113567156013	0.539113567156013	0.539113567156013	0.539113567156013	0.539113567156013	0.539113567156013	0.539113567156013	0.539113567156013	0.539113567156013	0.539113567156013	0.473627409582966	0.539113567156013	0.539113567156013	0.358307884800322	0.358307884800322	0.539113567156013	0.539113567156013	0.539113567156013	0.539113567156013	0.470890431529007	0.470890431529007	0.539113567156013	0.539113567156013	0.370801751346147	0.252246757341877	0.539113567156013	0.539113567156013	0.370801751346147	0.363939546047747	0.273389762123401	0.297512680557285	0.539113567156013	0.539113567156013	0.378447642680649	0.363939546047747	0.378447642680649	0.273389762123401	0.297512680557285	0.539113567156013	0.539113567156013	0.363939546047747	0.378447642680649	0.273389762123401	0.297512680557285	0.539113567156013	0.539113567156013
GSM2612237	0.63598720683799	0.626050502729613	0.619341097594313	0.626050502729613	0.597249905657163	0.619341097594313	0.589716972155447	0.619341097594313	0.622927065566216	0.617423066813288	0.619341097594313	0.619341097594313	0.617423066813288	0.619341097594313	0.60933086837003	0.597249905657163	0.619341097594313	0.619341097594313	0.622707683028406	0.619341097594313	0.619341097594313	0.619341097594313	0.622707683028406	0.622707683028406	0.619341097594313	0.622707683028406	0.619341097594313	0.619341097594313	0.597249905657163	0.619341097594313	0.619341097594313	0.597249905657163	0.569467164413734	0.626050502729613	0.626050502729613	0.569467164413734	0.569467164413734	0.569467164413734	0.569467164413734	0.569467164413734	0.595679456921008	0.595679456921008	0.595679456921008	0.595679456921008	0.595679456921008	0.595679456921008	0.595679456921008	0.595679456921008	0.595679456921008	0.662765294323725	0.662765294323725	0.631472760848236	0.631472760848236	0.631472760848236	0.631472760848236	0.631472760848236	0.631472760848236	0.631472760848236	0.631472760848236	0.631472760848236	0.631472760848236	0.631472760848236	0.631472760848236	0.631472760848236	0.631472760848236	0.631472760848236	0.631472760848236	0.631472760848236	0.631472760848236	0.63598720683799	0.631472760848236	0.631472760848236	0.610857055743408	0.610857055743408	0.631472760848236	0.631472760848236	0.631472760848236	0.631472760848236	0.628423043045863	0.628423043045863	0.631472760848236	0.631472760848236	0.577739125289736	0.582759771855916	0.631472760848236	0.631472760848236	0.577739125289735	0.626050502729613	0.619341097594313	0.569467164413734	0.631472760848236	0.631472760848236	0.597249905657163	0.626050502729613	0.597249905657163	0.619341097594313	0.569467164413734	0.631472760848236	0.631472760848236	0.626050502729613	0.597249905657163	0.619341097594313	0.569467164413734	0.631472760848236	0.631472760848236
GSM2612238	0.625538097225607	0.711607315664834	0.544886603259524	0.711607315664834	0.686151318879129	0.544886603259524	0.739805888844362	0.544886603259524	0.585532644012541	0.5567476168088	0.544886603259524	0.544886603259524	0.5567476168088	0.544886603259524	0.667222603880174	0.686151318879129	0.544886603259524	0.544886603259524	0.54856237411508	0.544886603259524	0.544886603259524	0.544886603259524	0.54856237411508	0.54856237411508	0.544886603259524	0.54856237411508	0.544886603259524	0.544886603259524	0.686151318879129	0.544886603259524	0.544886603259524	0.686151318879129	0.476042935979793	0.711607315664834	0.711607315664834	0.476042935979793	0.476042935979793	0.476042935979793	0.476042935979793	0.476042935979793	0.486336124723418	0.486336124723418	0.486336124723418	0.486336124723418	0.486336124723418	0.486336124723418	0.486336124723418	0.486336124723418	0.486336124723418	0.484493602665363	0.484493602665363	0.742400255319325	0.742400255319325	0.742400255319325	0.742400255319325	0.742400255319325	0.742400255319325	0.742400255319325	0.742400255319325	0.742400255319325	0.742400255319325	0.742400255319325	0.742400255319325	0.742400255319325	0.742400255319325	0.742400255319325	0.742400255319325	0.742400255319325	0.742400255319325	0.625538097225607	0.742400255319325	0.742400255319325	0.470744116937962	0.470744116937962	0.742400255319325	0.742400255319325	0.742400255319325	0.742400255319325	0.678813860634339	0.678813860634339	0.742400255319325	0.742400255319325	0.582433566842945	0.49593133789341	0.742400255319325	0.742400255319325	0.582433566842945	0.711607315664834	0.544886603259524	0.476042935979793	0.742400255319325	0.742400255319325	0.686151318879129	0.711607315664834	0.686151318879129	0.544886603259524	0.476042935979793	0.742400255319325	0.742400255319325	0.711607315664834	0.686151318879129	0.544886603259524	0.476042935979793	0.742400255319325	0.742400255319325
GSM2612239	0.36321889853322	0.388892444476107	0.424315576206662	0.388892444476107	0.381064026214986	0.424315576206662	0.33989561008509	0.424315576206662	0.47296462888764	0.459667030910313	0.424315576206662	0.424315576206662	0.459667030910313	0.424315576206662	0.332479034075731	0.381064026214986	0.424315576206662	0.424315576206662	0.434416486550212	0.424315576206662	0.424315576206662	0.424315576206662	0.434416486550212	0.434416486550212	0.424315576206662	0.434416486550212	0.424315576206662	0.424315576206662	0.381064026214986	0.424315576206662	0.424315576206662	0.381064026214986	0.397370752323817	0.388892444476107	0.388892444476107	0.397370752323817	0.397370752323817	0.397370752323817	0.397370752323817	0.397370752323817	0.427328394530894	0.427328394530894	0.427328394530894	0.427328394530894	0.427328394530894	0.427328394530894	0.427328394530894	0.427328394530894	0.427328394530894	0.495890315274297	0.495890315274297	0.30320900443834	0.30320900443834	0.30320900443834	0.30320900443834	0.30320900443834	0.30320900443834	0.30320900443834	0.30320900443834	0.30320900443834	0.30320900443834	0.30320900443834	0.30320900443834	0.30320900443834	0.30320900443834	0.30320900443834	0.30320900443834	0.30320900443834	0.30320900443834	0.36321889853322	0.30320900443834	0.30320900443834	0.535628914604199	0.535628914604199	0.30320900443834	0.30320900443834	0.30320900443834	0.30320900443834	0.278884302906518	0.278884302906518	0.30320900443834	0.30320900443834	0.349115855969923	0.482211622531128	0.30320900443834	0.30320900443834	0.349115855969923	0.388892444476107	0.424315576206662	0.397370752323817	0.30320900443834	0.30320900443834	0.381064026214986	0.388892444476107	0.381064026214986	0.424315576206662	0.397370752323817	0.30320900443834	0.30320900443834	0.388892444476107	0.381064026214986	0.424315576206662	0.397370752323817	0.30320900443834	0.30320900443834
GSM2612240	0.06857311330577	0.182494756410186	0.14147586750118	0.182494756410186	0.0776651501938146	0.14147586750118	0.157042100963153	0.14147586750118	0.158286852377411	0.149500745161698	0.14147586750118	0.14147586750118	0.149500745161698	0.14147586750118	0.0767510325832507	0.0776651501938146	0.14147586750118	0.14147586750118	0.148599895866607	0.14147586750118	0.14147586750118	0.14147586750118	0.148599895866607	0.148599895866607	0.14147586750118	0.148599895866607	0.14147586750118	0.14147586750118	0.0776651501938146	0.14147586750118	0.14147586750118	0.0776651501938146	0.134780863153007	0.182494756410186	0.182494756410186	0.134780863153007	0.134780863153007	0.134780863153007	0.134780863153007	0.134780863153007	0.129467660953672	0.129467660953672	0.129467660953672	0.129467660953672	0.129467660953672	0.129467660953672	0.129467660953672	0.129467660953672	0.129467660953672	0.140520980615835	0.140520980615835	0.123996295082436	0.123996295082436	0.123996295082436	0.123996295082436	0.123996295082436	0.123996295082436	0.123996295082436	0.123996295082436	0.123996295082436	0.123996295082436	0.123996295082436	0.123996295082436	0.123996295082436	0.123996295082436	0.123996295082436	0.123996295082436	0.123996295082436	0.123996295082436	0.06857311330577	0.123996295082436	0.123996295082436	0.190844474127862	0.190844474127862	0.123996295082436	0.123996295082436	0.123996295082436	0.123996295082436	0.0716749492611167	0.0716749492611167	0.123996295082436	0.123996295082436	0.191572231857346	0.133865420455085	0.123996295082436	0.123996295082436	0.191572231857346	0.182494756410186	0.14147586750118	0.134780863153007	0.123996295082436	0.123996295082436	0.0776651501938146	0.182494756410186	0.0776651501938146	0.14147586750118	0.134780863153007	0.123996295082436	0.123996295082436	0.182494756410186	0.0776651501938146	0.14147586750118	0.134780863153007	0.123996295082436	0.123996295082436
GSM2612241	0.333377401239118	0.374170571716395	0.490571433127861	0.374170571716395	0.323469533233389	0.490571433127861	0.405741394293905	0.490571433127861	0.479498513605879	0.477421842864118	0.490571433127861	0.490571433127861	0.477421842864118	0.490571433127861	0.338238726156569	0.323469533233389	0.490571433127861	0.490571433127861	0.488672749850777	0.490571433127861	0.490571433127861	0.490571433127861	0.488672749850777	0.488672749850777	0.490571433127861	0.488672749850777	0.490571433127861	0.490571433127861	0.323469533233389	0.490571433127861	0.490571433127861	0.323469533233389	0.476847454796775	0.374170571716395	0.374170571716395	0.476847454796775	0.476847454796775	0.476847454796775	0.476847454796775	0.476847454796775	0.449956418567613	0.449956418567613	0.449956418567613	0.449956418567613	0.449956418567613	0.449956418567613	0.449956418567613	0.449956418567613	0.449956418567613	0.456908519953154	0.456908519953154	0.410917344810779	0.410917344810779	0.410917344810779	0.410917344810779	0.410917344810779	0.410917344810779	0.410917344810779	0.410917344810779	0.410917344810779	0.410917344810779	0.410917344810779	0.410917344810779	0.410917344810779	0.410917344810779	0.410917344810779	0.410917344810779	0.410917344810779	0.410917344810779	0.333377401239118	0.410917344810779	0.410917344810779	0.507721878256216	0.507721878256216	0.410917344810779	0.410917344810779	0.410917344810779	0.410917344810779	0.404637829897004	0.404637829897004	0.410917344810779	0.410917344810779	0.38499315963062	0.44792659898968	0.410917344810779	0.410917344810779	0.384993159630619	0.374170571716395	0.490571433127861	0.476847454796775	0.410917344810779	0.410917344810779	0.323469533233389	0.374170571716395	0.323469533233389	0.490571433127861	0.476847454796775	0.410917344810779	0.410917344810779	0.374170571716395	0.323469533233389	0.490571433127861	0.476847454796775	0.410917344810779	0.410917344810779
GSM2612242	0.394962114316047	0.352258091935107	0.435487027282281	0.352258091935107	0.317704132080462	0.435487027282281	0.37053997450868	0.435487027282281	0.397424045462646	0.404601904082524	0.435487027282281	0.435487027282281	0.404601904082524	0.435487027282281	0.37788906184912	0.317704132080462	0.435487027282281	0.435487027282281	0.439979089506042	0.435487027282281	0.435487027282281	0.435487027282281	0.439979089506042	0.439979089506042	0.435487027282281	0.439979089506042	0.435487027282281	0.435487027282281	0.317704132080462	0.435487027282281	0.435487027282281	0.317704132080462	0.46869593791038	0.352258091935107	0.352258091935107	0.46869593791038	0.46869593791038	0.46869593791038	0.46869593791038	0.46869593791038	0.460630265426475	0.460630265426475	0.460630265426475	0.460630265426475	0.460630265426475	0.460630265426475	0.460630265426475	0.460630265426475	0.460630265426475	0.503582291351653	0.503582291351653	0.3996322615192	0.3996322615192	0.3996322615192	0.3996322615192	0.3996322615192	0.3996322615192	0.3996322615192	0.3996322615192	0.3996322615192	0.3996322615192	0.3996322615192	0.3996322615192	0.3996322615192	0.3996322615192	0.3996322615192	0.3996322615192	0.3996322615192	0.3996322615192	0.394962114316047	0.3996322615192	0.3996322615192	0.475486280966324	0.475486280966324	0.3996322615192	0.3996322615192	0.3996322615192	0.3996322615192	0.35074811159892	0.35074811159892	0.3996322615192	0.3996322615192	0.503239312685508	0.435011859949779	0.3996322615192	0.3996322615192	0.503239312685508	0.352258091935107	0.435487027282281	0.46869593791038	0.3996322615192	0.3996322615192	0.317704132080462	0.352258091935107	0.317704132080462	0.435487027282281	0.46869593791038	0.3996322615192	0.3996322615192	0.352258091935107	0.317704132080462	0.435487027282281	0.46869593791038	0.3996322615192	0.3996322615192
GSM2612243	0.463316893494302	0.502769361087746	0.505231253229479	0.502769361087746	0.527643682122596	0.505231253229479	0.528149199848436	0.505231253229479	0.515281826473914	0.512657613925491	0.505231253229479	0.505231253229479	0.512657613925491	0.505231253229479	0.555329532864113	0.527643682122596	0.505231253229479	0.505231253229479	0.522159086762342	0.505231253229479	0.505231253229479	0.505231253229479	0.522159086762342	0.522159086762342	0.505231253229479	0.522159086762342	0.505231253229479	0.505231253229479	0.527643682122596	0.505231253229479	0.505231253229479	0.527643682122596	0.506387338571049	0.502769361087746	0.502769361087746	0.506387338571049	0.506387338571049	0.506387338571049	0.506387338571049	0.506387338571049	0.510771396454213	0.510771396454213	0.510771396454213	0.510771396454213	0.510771396454213	0.510771396454213	0.510771396454213	0.510771396454213	0.510771396454213	0.418400320587161	0.418400320587161	0.461514710580054	0.461514710580054	0.461514710580054	0.461514710580054	0.461514710580054	0.461514710580054	0.461514710580054	0.461514710580054	0.461514710580054	0.461514710580054	0.461514710580054	0.461514710580054	0.461514710580054	0.461514710580054	0.461514710580054	0.461514710580054	0.461514710580054	0.461514710580054	0.463316893494302	0.461514710580054	0.461514710580054	0.447542212723808	0.447542212723808	0.461514710580054	0.461514710580054	0.461514710580054	0.461514710580054	0.499979000693115	0.499979000693115	0.461514710580054	0.461514710580054	0.71530143341269	0.509041866118037	0.461514710580054	0.461514710580054	0.71530143341269	0.502769361087746	0.505231253229479	0.506387338571049	0.461514710580054	0.461514710580054	0.527643682122596	0.502769361087746	0.527643682122596	0.505231253229479	0.506387338571049	0.461514710580054	0.461514710580054	0.502769361087746	0.527643682122596	0.505231253229479	0.506387338571049	0.461514710580054	0.461514710580054
GSM2612244	0.761112836247547	0.823826541404268	0.869956357103971	0.823826541404268	0.791474887107997	0.869956357103971	0.784706879962468	0.869956357103971	0.8570154029318	0.869630093719417	0.869956357103971	0.869956357103971	0.869630093719417	0.869956357103971	0.7857144676008	0.791474887107997	0.869956357103971	0.869956357103971	0.869987541147692	0.869956357103971	0.869956357103971	0.869956357103971	0.869987541147692	0.869987541147692	0.869956357103971	0.869987541147692	0.869956357103971	0.869956357103971	0.791474887107997	0.869956357103971	0.869956357103971	0.791474887107997	0.860462561632521	0.823826541404268	0.823826541404268	0.860462561632521	0.860462561632521	0.860462561632521	0.860462561632521	0.860462561632521	0.853682133700664	0.853682133700664	0.853682133700664	0.853682133700664	0.853682133700664	0.853682133700664	0.853682133700664	0.853682133700664	0.853682133700664	0.766442647107454	0.766442647107454	0.768551104627622	0.768551104627622	0.768551104627622	0.768551104627622	0.768551104627622	0.768551104627622	0.768551104627622	0.768551104627622	0.768551104627622	0.768551104627622	0.768551104627622	0.768551104627622	0.768551104627622	0.768551104627622	0.768551104627622	0.768551104627622	0.768551104627622	0.768551104627622	0.761112836247547	0.768551104627622	0.768551104627622	0.866841931252635	0.866841931252635	0.768551104627622	0.768551104627622	0.768551104627622	0.768551104627622	0.777281479705084	0.777281479705084	0.768551104627622	0.768551104627622	0.830919132845353	0.868586815897863	0.768551104627622	0.768551104627622	0.830919132845353	0.823826541404268	0.869956357103971	0.860462561632521	0.768551104627622	0.768551104627622	0.791474887107997	0.823826541404268	0.791474887107997	0.869956357103971	0.860462561632521	0.768551104627622	0.768551104627622	0.823826541404268	0.791474887107997	0.869956357103971	0.860462561632521	0.768551104627622	0.768551104627622
GSM2612245	0.283357264360464	0.275893465110451	0.38823702694983	0.275893465110451	0.297190979403199	0.38823702694983	0.370986153960301	0.38823702694983	0.412486190124605	0.408122068710335	0.38823702694983	0.38823702694983	0.408122068710335	0.38823702694983	0.251675268157668	0.297190979403199	0.38823702694983	0.38823702694983	0.381052471991718	0.38823702694983	0.38823702694983	0.38823702694983	0.381052471991718	0.381052471991718	0.38823702694983	0.381052471991718	0.38823702694983	0.38823702694983	0.297190979403199	0.38823702694983	0.38823702694983	0.297190979403199	0.402556190159971	0.275893465110451	0.275893465110451	0.402556190159971	0.402556190159971	0.402556190159971	0.402556190159971	0.402556190159971	0.422117652348723	0.422117652348723	0.422117652348723	0.422117652348723	0.422117652348723	0.422117652348723	0.422117652348723	0.422117652348723	0.422117652348723	0.411175692843007	0.411175692843007	0.321325656241656	0.321325656241656	0.321325656241656	0.321325656241656	0.321325656241656	0.321325656241656	0.321325656241656	0.321325656241656	0.321325656241656	0.321325656241656	0.321325656241656	0.321325656241656	0.321325656241656	0.321325656241656	0.321325656241656	0.321325656241656	0.321325656241656	0.321325656241656	0.283357264360464	0.321325656241656	0.321325656241656	0.413455283896792	0.413455283896792	0.321325656241656	0.321325656241656	0.321325656241656	0.321325656241656	0.285854780682682	0.285854780682682	0.321325656241656	0.321325656241656	0.568230793111387	0.463443962369946	0.321325656241656	0.321325656241656	0.568230793111386	0.275893465110451	0.38823702694983	0.402556190159971	0.321325656241656	0.321325656241656	0.297190979403199	0.275893465110451	0.297190979403199	0.38823702694983	0.402556190159971	0.321325656241656	0.321325656241656	0.275893465110451	0.297190979403199	0.38823702694983	0.402556190159971	0.321325656241656	0.321325656241656
GSM2612246	0.696814726121774	0.817580459802631	0.671075728256038	0.817580459802631	0.713443164263308	0.671075728256038	0.744860667723582	0.671075728256038	0.696739257453918	0.66531154864703	0.671075728256038	0.671075728256038	0.66531154864703	0.671075728256038	0.713915775916735	0.713443164263308	0.671075728256038	0.671075728256038	0.664780985844467	0.671075728256038	0.671075728256038	0.671075728256038	0.664780985844467	0.664780985844467	0.671075728256038	0.664780985844467	0.671075728256038	0.671075728256038	0.713443164263308	0.671075728256038	0.671075728256038	0.713443164263308	0.718806256107798	0.817580459802631	0.817580459802631	0.718806256107798	0.718806256107798	0.718806256107798	0.718806256107798	0.718806256107798	0.695356777143997	0.695356777143997	0.695356777143997	0.695356777143997	0.695356777143997	0.695356777143997	0.695356777143997	0.695356777143997	0.695356777143997	0.721953036676668	0.721953036676668	0.811328965582958	0.811328965582958	0.811328965582958	0.811328965582958	0.811328965582958	0.811328965582958	0.811328965582958	0.811328965582958	0.811328965582958	0.811328965582958	0.811328965582958	0.811328965582958	0.811328965582958	0.811328965582958	0.811328965582958	0.811328965582958	0.811328965582958	0.811328965582958	0.696814726121774	0.811328965582958	0.811328965582958	0.631099933004995	0.631099933004995	0.811328965582958	0.811328965582958	0.811328965582958	0.811328965582958	0.771892590269381	0.771892590269381	0.811328965582958	0.811328965582958	0.700493976026279	0.641363006471248	0.811328965582958	0.811328965582958	0.700493976026279	0.817580459802631	0.671075728256038	0.718806256107798	0.811328965582958	0.811328965582958	0.713443164263308	0.817580459802631	0.713443164263308	0.671075728256038	0.718806256107798	0.811328965582958	0.811328965582958	0.817580459802631	0.713443164263308	0.671075728256038	0.718806256107798	0.811328965582958	0.811328965582958
GSM2612247	0.472725696467563	0.569211434635249	0.315044005324449	0.569211434635249	0.513922001414161	0.315044005324449	0.62349723474956	0.315044005324449	0.363495151697383	0.351345223837729	0.315044005324449	0.315044005324449	0.351345223837729	0.315044005324449	0.507987410962871	0.513922001414161	0.315044005324449	0.315044005324449	0.344647362253834	0.315044005324449	0.315044005324449	0.315044005324449	0.344647362253834	0.344647362253834	0.315044005324449	0.344647362253834	0.315044005324449	0.315044005324449	0.513922001414161	0.315044005324449	0.315044005324449	0.513922001414161	0.526832926641125	0.569211434635249	0.569211434635249	0.526832926641125	0.526832926641125	0.526832926641125	0.526832926641125	0.526832926641125	0.492341664828361	0.492341664828361	0.492341664828361	0.492341664828361	0.492341664828361	0.492341664828361	0.492341664828361	0.492341664828361	0.492341664828361	0.521887316466923	0.521887316466923	0.533113198281804	0.533113198281804	0.533113198281804	0.533113198281804	0.533113198281804	0.533113198281804	0.533113198281804	0.533113198281804	0.533113198281804	0.533113198281804	0.533113198281804	0.533113198281804	0.533113198281804	0.533113198281804	0.533113198281804	0.533113198281804	0.533113198281804	0.533113198281804	0.472725696467563	0.533113198281804	0.533113198281804	0.37781037124803	0.37781037124803	0.533113198281804	0.533113198281804	0.533113198281804	0.533113198281804	0.518777744209967	0.518777744209967	0.533113198281804	0.533113198281804	0.489183536173429	0.435200931832412	0.533113198281804	0.533113198281804	0.489183536173429	0.569211434635249	0.315044005324449	0.526832926641125	0.533113198281804	0.533113198281804	0.513922001414161	0.569211434635249	0.513922001414161	0.315044005324449	0.526832926641125	0.533113198281804	0.533113198281804	0.569211434635249	0.513922001414161	0.315044005324449	0.526832926641125	0.533113198281804	0.533113198281804
GSM2612248	0.565509018301272	0.65473655723685	0.428574447552069	0.65473655723685	0.560755373770072	0.428574447552069	0.565751241944781	0.428574447552069	0.462215866625154	0.460260003329474	0.428574447552069	0.428574447552069	0.460260003329474	0.428574447552069	0.538550651093722	0.560755373770072	0.428574447552069	0.428574447552069	0.446438311092976	0.428574447552069	0.428574447552069	0.428574447552069	0.446438311092976	0.446438311092976	0.428574447552069	0.446438311092976	0.428574447552069	0.428574447552069	0.560755373770072	0.428574447552069	0.428574447552069	0.560755373770072	0.533040183455746	0.65473655723685	0.65473655723685	0.533040183455746	0.533040183455746	0.533040183455746	0.533040183455746	0.533040183455746	0.500962228686654	0.500962228686654	0.500962228686654	0.500962228686654	0.500962228686654	0.500962228686654	0.500962228686654	0.500962228686654	0.500962228686654	0.547606431035846	0.547606431035846	0.497478257350296	0.497478257350296	0.497478257350296	0.497478257350296	0.497478257350296	0.497478257350296	0.497478257350296	0.497478257350296	0.497478257350296	0.497478257350296	0.497478257350296	0.497478257350296	0.497478257350296	0.497478257350296	0.497478257350296	0.497478257350296	0.497478257350296	0.497478257350296	0.565509018301272	0.497478257350296	0.497478257350296	0.488916392340106	0.488916392340106	0.497478257350296	0.497478257350296	0.497478257350296	0.497478257350296	0.571312626096325	0.571312626096325	0.497478257350296	0.497478257350296	0.507792214368669	0.474798377694234	0.497478257350296	0.497478257350296	0.507792214368669	0.65473655723685	0.428574447552069	0.533040183455746	0.497478257350296	0.497478257350296	0.560755373770072	0.65473655723685	0.560755373770072	0.428574447552069	0.533040183455746	0.497478257350296	0.497478257350296	0.65473655723685	0.560755373770072	0.428574447552069	0.533040183455746	0.497478257350296	0.497478257350296
GSM2612249	0.940449838561193	0.945130475272489	0.829396571459078	0.945130475272489	0.935732874635751	0.829396571459078	0.944233802016621	0.829396571459078	0.811678524845619	0.81346546480841	0.829396571459078	0.829396571459078	0.81346546480841	0.829396571459078	0.940275681556041	0.935732874635751	0.829396571459078	0.829396571459078	0.818186230290273	0.829396571459078	0.829396571459078	0.829396571459078	0.818186230290273	0.818186230290273	0.829396571459078	0.818186230290273	0.829396571459078	0.829396571459078	0.935732874635751	0.829396571459078	0.829396571459078	0.935732874635751	0.817742928744151	0.945130475272489	0.945130475272489	0.817742928744151	0.817742928744151	0.817742928744151	0.817742928744151	0.817742928744151	0.827180532203477	0.827180532203477	0.827180532203477	0.827180532203477	0.827180532203477	0.827180532203477	0.827180532203477	0.827180532203477	0.827180532203477	0.779779037696723	0.779779037696723	0.949526923642201	0.949526923642201	0.949526923642201	0.949526923642201	0.949526923642201	0.949526923642201	0.949526923642201	0.949526923642201	0.949526923642201	0.949526923642201	0.949526923642201	0.949526923642201	0.949526923642201	0.949526923642201	0.949526923642201	0.949526923642201	0.949526923642201	0.949526923642201	0.940449838561193	0.949526923642201	0.949526923642201	0.796950322413952	0.796950322413952	0.949526923642201	0.949526923642201	0.949526923642201	0.949526923642201	0.941639205473186	0.941639205473186	0.949526923642201	0.949526923642201	0.759468142819812	0.812722402324739	0.949526923642201	0.949526923642201	0.759468142819812	0.945130475272489	0.829396571459078	0.817742928744151	0.949526923642201	0.949526923642201	0.935732874635751	0.945130475272489	0.935732874635751	0.829396571459078	0.817742928744151	0.949526923642201	0.949526923642201	0.945130475272489	0.935732874635751	0.829396571459078	0.817742928744151	0.949526923642201	0.949526923642201
GSM2612250	0.339783292830879	0.309313758577504	0.498584404115391	0.309313758577504	0.394777828590116	0.498584404115391	0.309863294159616	0.498584404115391	0.533317690929881	0.51730448848211	0.498584404115391	0.498584404115391	0.51730448848211	0.498584404115391	0.372530284806703	0.394777828590116	0.498584404115391	0.498584404115391	0.500465023743629	0.498584404115391	0.498584404115391	0.498584404115391	0.500465023743629	0.500465023743629	0.498584404115391	0.500465023743629	0.498584404115391	0.498584404115391	0.394777828590116	0.498584404115391	0.498584404115391	0.394777828590116	0.346689189370811	0.309313758577504	0.309313758577504	0.346689189370811	0.346689189370811	0.346689189370811	0.346689189370811	0.346689189370811	0.395982980966048	0.395982980966048	0.395982980966048	0.395982980966048	0.395982980966048	0.395982980966048	0.395982980966048	0.395982980966048	0.395982980966048	0.405759801749537	0.405759801749537	0.259703250688194	0.259703250688194	0.259703250688194	0.259703250688194	0.259703250688194	0.259703250688194	0.259703250688194	0.259703250688194	0.259703250688194	0.259703250688194	0.259703250688194	0.259703250688194	0.259703250688194	0.259703250688194	0.259703250688194	0.259703250688194	0.259703250688194	0.259703250688194	0.339783292830879	0.259703250688194	0.259703250688194	0.518320467999595	0.518320467999595	0.259703250688194	0.259703250688194	0.259703250688194	0.259703250688194	0.252202829572713	0.252202829572713	0.259703250688194	0.259703250688194	0.397570379394647	0.456137455675471	0.259703250688194	0.259703250688194	0.397570379394647	0.309313758577504	0.498584404115391	0.346689189370811	0.259703250688194	0.259703250688194	0.394777828590116	0.309313758577504	0.394777828590116	0.498584404115391	0.346689189370811	0.259703250688194	0.259703250688194	0.309313758577504	0.394777828590116	0.498584404115391	0.346689189370811	0.259703250688194	0.259703250688194
GSM2612251	0.312384782818437	0.364577766727621	0.442713742818143	0.364577766727621	0.343542427421394	0.442713742818143	0.370331125772221	0.442713742818143	0.444908335890702	0.437928214066268	0.442713742818143	0.442713742818143	0.437928214066268	0.442713742818143	0.359894976780748	0.343542427421394	0.442713742818143	0.442713742818143	0.450674418152053	0.442713742818143	0.442713742818143	0.442713742818143	0.450674418152053	0.450674418152053	0.442713742818143	0.450674418152053	0.442713742818143	0.442713742818143	0.343542427421394	0.442713742818143	0.442713742818143	0.343542427421394	0.614380087216602	0.364577766727621	0.364577766727621	0.614380087216602	0.614380087216602	0.614380087216602	0.614380087216602	0.614380087216602	0.593356919776313	0.593356919776313	0.593356919776313	0.593356919776313	0.593356919776313	0.593356919776313	0.593356919776313	0.593356919776313	0.593356919776313	0.505706925460608	0.505706925460608	0.38318393548646	0.38318393548646	0.38318393548646	0.38318393548646	0.38318393548646	0.38318393548646	0.38318393548646	0.38318393548646	0.38318393548646	0.38318393548646	0.38318393548646	0.38318393548646	0.38318393548646	0.38318393548646	0.38318393548646	0.38318393548646	0.38318393548646	0.38318393548646	0.312384782818437	0.38318393548646	0.38318393548646	0.389012004108709	0.389012004108709	0.38318393548646	0.38318393548646	0.38318393548646	0.38318393548646	0.412546707954226	0.412546707954226	0.38318393548646	0.38318393548646	0.687333516563048	0.568111948706442	0.38318393548646	0.38318393548646	0.687333516563048	0.364577766727621	0.442713742818143	0.614380087216602	0.38318393548646	0.38318393548646	0.343542427421394	0.364577766727621	0.343542427421394	0.442713742818143	0.614380087216602	0.38318393548646	0.38318393548646	0.364577766727621	0.343542427421394	0.442713742818143	0.614380087216602	0.38318393548646	0.38318393548646
GSM2612252	0.429212563400004	0.584583383658551	0.523733597979089	0.584583383658551	0.474810240398402	0.523733597979089	0.602584007110259	0.523733597979089	0.516126403343136	0.547209138131904	0.523733597979089	0.523733597979089	0.547209138131904	0.523733597979089	0.461930023210265	0.474810240398402	0.523733597979089	0.523733597979089	0.531144130045898	0.523733597979089	0.523733597979089	0.523733597979089	0.531144130045898	0.531144130045898	0.523733597979089	0.531144130045898	0.523733597979089	0.523733597979089	0.474810240398402	0.523733597979089	0.523733597979089	0.474810240398402	0.66725808028309	0.584583383658551	0.584583383658551	0.66725808028309	0.66725808028309	0.66725808028309	0.66725808028309	0.66725808028309	0.624300078365349	0.624300078365349	0.624300078365349	0.624300078365349	0.624300078365349	0.624300078365349	0.624300078365349	0.624300078365349	0.624300078365349	0.537293630230104	0.537293630230104	0.479337913789181	0.479337913789181	0.479337913789181	0.479337913789181	0.479337913789181	0.479337913789181	0.479337913789181	0.479337913789181	0.479337913789181	0.479337913789181	0.479337913789181	0.479337913789181	0.479337913789181	0.479337913789181	0.479337913789181	0.479337913789181	0.479337913789181	0.479337913789181	0.429212563400004	0.479337913789181	0.479337913789181	0.509745106704105	0.509745106704105	0.479337913789181	0.479337913789181	0.479337913789181	0.479337913789181	0.403837184420895	0.403837184420895	0.479337913789181	0.479337913789181	0.649490438340815	0.635725669573067	0.479337913789181	0.479337913789181	0.649490438340815	0.584583383658551	0.523733597979089	0.66725808028309	0.479337913789181	0.479337913789181	0.474810240398402	0.584583383658551	0.474810240398402	0.523733597979089	0.66725808028309	0.479337913789181	0.479337913789181	0.584583383658551	0.474810240398402	0.523733597979089	0.66725808028309	0.479337913789181	0.479337913789181
GSM2612253	0.546450007841408	0.605530377491956	0.669858523355896	0.605530377491956	0.503011985094362	0.669858523355896	0.648073019590531	0.669858523355896	0.630424565257102	0.665496760845663	0.669858523355896	0.669858523355896	0.665496760845663	0.669858523355896	0.497480014487389	0.503011985094362	0.669858523355896	0.669858523355896	0.654909390902857	0.669858523355896	0.669858523355896	0.669858523355896	0.654909390902857	0.654909390902857	0.669858523355896	0.654909390902857	0.669858523355896	0.669858523355896	0.503011985094362	0.669858523355896	0.669858523355896	0.503011985094362	0.626416702406415	0.605530377491956	0.605530377491956	0.626416702406415	0.626416702406415	0.626416702406415	0.626416702406415	0.626416702406415	0.64805289063029	0.64805289063029	0.64805289063029	0.64805289063029	0.64805289063029	0.64805289063029	0.64805289063029	0.64805289063029	0.64805289063029	0.580878423520484	0.580878423520484	0.721408335091351	0.721408335091351	0.721408335091351	0.721408335091351	0.721408335091351	0.721408335091351	0.721408335091351	0.721408335091351	0.721408335091351	0.721408335091351	0.721408335091351	0.721408335091351	0.721408335091351	0.721408335091351	0.721408335091351	0.721408335091351	0.721408335091351	0.721408335091351	0.546450007841408	0.721408335091351	0.721408335091351	0.684900929052529	0.684900929052529	0.721408335091351	0.721408335091351	0.721408335091351	0.721408335091351	0.627313231822295	0.627313231822295	0.721408335091351	0.721408335091351	0.546947799605185	0.610120793862249	0.721408335091351	0.721408335091351	0.546947799605185	0.605530377491956	0.669858523355896	0.626416702406415	0.721408335091351	0.721408335091351	0.503011985094362	0.605530377491956	0.503011985094362	0.669858523355896	0.626416702406415	0.721408335091351	0.721408335091351	0.605530377491956	0.503011985094362	0.669858523355896	0.626416702406415	0.721408335091351	0.721408335091351
GSM2612254	0.964850249955538	0.963414177523521	0.97281064935454	0.963414177523521	0.965782688815969	0.97281064935454	0.970069049902774	0.97281064935454	0.972630180133382	0.973164125671938	0.97281064935454	0.97281064935454	0.973164125671938	0.97281064935454	0.960895962341562	0.965782688815969	0.97281064935454	0.97281064935454	0.970024223828231	0.97281064935454	0.97281064935454	0.97281064935454	0.970024223828231	0.970024223828231	0.97281064935454	0.970024223828231	0.97281064935454	0.97281064935454	0.965782688815969	0.97281064935454	0.97281064935454	0.965782688815969	0.800994295660807	0.963414177523521	0.963414177523521	0.800994295660807	0.800994295660807	0.800994295660807	0.800994295660807	0.800994295660807	0.797909760047811	0.797909760047811	0.797909760047811	0.797909760047811	0.797909760047811	0.797909760047811	0.797909760047811	0.797909760047811	0.797909760047811	0.779902477933203	0.779902477933203	0.956248060325306	0.956248060325306	0.956248060325306	0.956248060325306	0.956248060325306	0.956248060325306	0.956248060325306	0.956248060325306	0.956248060325306	0.956248060325306	0.956248060325306	0.956248060325306	0.956248060325306	0.956248060325306	0.956248060325306	0.956248060325306	0.956248060325306	0.956248060325306	0.964850249955538	0.956248060325306	0.956248060325306	0.980111649612947	0.980111649612947	0.956248060325306	0.956248060325306	0.956248060325306	0.956248060325306	0.961015073012417	0.961015073012417	0.956248060325306	0.956248060325306	0.816554672179474	0.771204167381896	0.956248060325306	0.956248060325306	0.816554672179474	0.963414177523521	0.97281064935454	0.800994295660807	0.956248060325306	0.956248060325306	0.965782688815969	0.963414177523521	0.965782688815969	0.97281064935454	0.800994295660807	0.956248060325306	0.956248060325306	0.963414177523521	0.965782688815969	0.97281064935454	0.800994295660807	0.956248060325306	0.956248060325306
GSM2612255	0.926326110184559	0.951371064073083	0.910083921015025	0.951371064073083	0.942374576900211	0.910083921015025	0.954905723819596	0.910083921015025	0.920363973690001	0.923251049116684	0.910083921015025	0.910083921015025	0.923251049116684	0.910083921015025	0.936298068479642	0.942374576900211	0.910083921015025	0.910083921015025	0.919428586252887	0.910083921015025	0.910083921015025	0.910083921015025	0.919428586252887	0.919428586252887	0.910083921015025	0.919428586252887	0.910083921015025	0.910083921015025	0.942374576900211	0.910083921015025	0.910083921015025	0.942374576900211	0.810073800217575	0.951371064073083	0.951371064073083	0.810073800217575	0.810073800217575	0.810073800217575	0.810073800217575	0.810073800217575	0.83538066504478	0.83538066504478	0.83538066504478	0.83538066504478	0.83538066504478	0.83538066504478	0.83538066504478	0.83538066504478	0.83538066504478	0.87554918980351	0.87554918980351	0.910329730927922	0.910329730927922	0.910329730927922	0.910329730927922	0.910329730927922	0.910329730927922	0.910329730927922	0.910329730927922	0.910329730927922	0.910329730927922	0.910329730927922	0.910329730927922	0.910329730927922	0.910329730927922	0.910329730927922	0.910329730927922	0.910329730927922	0.910329730927922	0.926326110184559	0.910329730927922	0.910329730927922	0.90633257344791	0.90633257344791	0.910329730927922	0.910329730927922	0.910329730927922	0.910329730927922	0.886330864062609	0.886330864062609	0.910329730927922	0.910329730927922	0.731056389607172	0.869213766064386	0.910329730927922	0.910329730927922	0.731056389607172	0.951371064073083	0.910083921015025	0.810073800217575	0.910329730927922	0.910329730927922	0.942374576900211	0.951371064073083	0.942374576900211	0.910083921015025	0.810073800217575	0.910329730927922	0.910329730927922	0.951371064073083	0.942374576900211	0.910083921015025	0.810073800217575	0.910329730927922	0.910329730927922
GSM2612256	0.537189417523108	0.585967603076088	0.46258945891188	0.585967603076088	0.596324789620505	0.46258945891188	0.602846757747045	0.46258945891188	0.465623901501998	0.475673813852868	0.46258945891188	0.46258945891188	0.475673813852868	0.46258945891188	0.551719145193617	0.596324789620505	0.46258945891188	0.46258945891188	0.454526482656127	0.46258945891188	0.46258945891188	0.46258945891188	0.454526482656127	0.454526482656127	0.46258945891188	0.454526482656127	0.46258945891188	0.46258945891188	0.596324789620505	0.46258945891188	0.46258945891188	0.596324789620505	0.551665209175235	0.585967603076088	0.585967603076088	0.551665209175235	0.551665209175235	0.551665209175235	0.551665209175235	0.551665209175235	0.564688500879219	0.564688500879219	0.564688500879219	0.564688500879219	0.564688500879219	0.564688500879219	0.564688500879219	0.564688500879219	0.564688500879219	0.481354259801042	0.481354259801042	0.592181983979511	0.592181983979511	0.592181983979511	0.592181983979511	0.592181983979511	0.592181983979511	0.592181983979511	0.592181983979511	0.592181983979511	0.592181983979511	0.592181983979511	0.592181983979511	0.592181983979511	0.592181983979511	0.592181983979511	0.592181983979511	0.592181983979511	0.592181983979511	0.537189417523108	0.592181983979511	0.592181983979511	0.453188839294086	0.453188839294086	0.592181983979511	0.592181983979511	0.592181983979511	0.592181983979511	0.600234262493593	0.600234262493593	0.592181983979511	0.592181983979511	0.618287134231152	0.537010797516459	0.592181983979511	0.592181983979511	0.618287134231152	0.585967603076088	0.46258945891188	0.551665209175235	0.592181983979511	0.592181983979511	0.596324789620505	0.585967603076088	0.596324789620505	0.46258945891188	0.551665209175235	0.592181983979511	0.592181983979511	0.585967603076088	0.596324789620505	0.46258945891188	0.551665209175235	0.592181983979511	0.592181983979511
GSM2612257	0.967677594142103	0.954553734458487	0.926354380226048	0.954553734458487	0.954274044738893	0.926354380226048	0.950801175399458	0.926354380226048	0.898854618846645	0.904369683173366	0.926354380226048	0.926354380226048	0.904369683173366	0.926354380226048	0.961115840871004	0.954274044738893	0.926354380226048	0.926354380226048	0.913307604202923	0.926354380226048	0.926354380226048	0.926354380226048	0.913307604202923	0.913307604202923	0.926354380226048	0.913307604202923	0.926354380226048	0.926354380226048	0.954274044738893	0.926354380226048	0.926354380226048	0.954274044738893	0.898828601362354	0.954553734458487	0.954553734458487	0.898828601362354	0.898828601362354	0.898828601362354	0.898828601362354	0.898828601362354	0.904895484745659	0.904895484745659	0.904895484745659	0.904895484745659	0.904895484745659	0.904895484745659	0.904895484745659	0.904895484745659	0.904895484745659	0.919113817153683	0.919113817153683	0.957875311852557	0.957875311852557	0.957875311852557	0.957875311852557	0.957875311852557	0.957875311852557	0.957875311852557	0.957875311852557	0.957875311852557	0.957875311852557	0.957875311852557	0.957875311852557	0.957875311852557	0.957875311852557	0.957875311852557	0.957875311852557	0.957875311852557	0.957875311852557	0.967677594142103	0.957875311852557	0.957875311852557	0.887097801023362	0.887097801023362	0.957875311852557	0.957875311852557	0.957875311852557	0.957875311852557	0.954948868921759	0.954948868921759	0.957875311852557	0.957875311852557	0.918131674368194	0.921501402614673	0.957875311852557	0.957875311852557	0.918131674368194	0.954553734458487	0.926354380226048	0.898828601362354	0.957875311852557	0.957875311852557	0.954274044738893	0.954553734458487	0.954274044738893	0.926354380226048	0.898828601362354	0.957875311852557	0.957875311852557	0.954553734458487	0.954274044738893	0.926354380226048	0.898828601362354	0.957875311852557	0.957875311852557
GSM2612258	0.757845193351091	0.637310832042365	0.640603803607303	0.637310832042365	0.716939920704665	0.640603803607303	0.770881465787016	0.640603803607303	0.63362744437837	0.625285864981126	0.640603803607303	0.640603803607303	0.625285864981126	0.640603803607303	0.741724711697169	0.716939920704665	0.640603803607303	0.640603803607303	0.639633100678023	0.640603803607303	0.640603803607303	0.640603803607303	0.639633100678023	0.639633100678023	0.640603803607303	0.639633100678023	0.640603803607303	0.640603803607303	0.716939920704665	0.640603803607303	0.640603803607303	0.716939920704665	0.768986816073715	0.637310832042365	0.637310832042365	0.768986816073715	0.768986816073715	0.768986816073715	0.768986816073715	0.768986816073715	0.725592629222877	0.725592629222877	0.725592629222877	0.725592629222877	0.725592629222877	0.725592629222877	0.725592629222877	0.725592629222877	0.725592629222877	0.767971519856696	0.767971519856696	0.783567870364134	0.783567870364134	0.783567870364134	0.783567870364134	0.783567870364134	0.783567870364134	0.783567870364134	0.783567870364134	0.783567870364134	0.783567870364134	0.783567870364134	0.783567870364134	0.783567870364134	0.783567870364134	0.783567870364134	0.783567870364134	0.783567870364134	0.783567870364134	0.757845193351091	0.783567870364134	0.783567870364134	0.63866169959492	0.63866169959492	0.783567870364134	0.783567870364134	0.783567870364134	0.783567870364134	0.763793824549198	0.763793824549198	0.783567870364134	0.783567870364134	0.679990332227035	0.724864729574727	0.783567870364134	0.783567870364134	0.679990332227035	0.637310832042365	0.640603803607303	0.768986816073715	0.783567870364134	0.783567870364134	0.716939920704665	0.637310832042365	0.716939920704665	0.640603803607303	0.768986816073715	0.783567870364134	0.783567870364134	0.637310832042365	0.716939920704665	0.640603803607303	0.768986816073715	0.783567870364134	0.783567870364134
GSM2612259	0.472861531720105	0.534213854941533	0.585995511687225	0.534213854941533	0.493350740228318	0.585995511687225	0.582679724368056	0.585995511687225	0.595272224844101	0.595937992365933	0.585995511687225	0.585995511687225	0.595937992365933	0.585995511687225	0.474175852557674	0.493350740228318	0.585995511687225	0.585995511687225	0.571678684870978	0.585995511687225	0.585995511687225	0.585995511687225	0.571678684870978	0.571678684870978	0.585995511687225	0.571678684870978	0.585995511687225	0.585995511687225	0.493350740228318	0.585995511687225	0.585995511687225	0.493350740228318	0.559332907446066	0.534213854941533	0.534213854941533	0.559332907446066	0.559332907446066	0.559332907446066	0.559332907446066	0.559332907446066	0.566310142365553	0.566310142365553	0.566310142365553	0.566310142365553	0.566310142365553	0.566310142365553	0.566310142365553	0.566310142365553	0.566310142365553	0.503541436020805	0.503541436020805	0.647183381480953	0.647183381480953	0.647183381480953	0.647183381480953	0.647183381480953	0.647183381480953	0.647183381480953	0.647183381480953	0.647183381480953	0.647183381480953	0.647183381480953	0.647183381480953	0.647183381480953	0.647183381480953	0.647183381480953	0.647183381480953	0.647183381480953	0.647183381480953	0.472861531720105	0.647183381480953	0.647183381480953	0.565446724837541	0.565446724837541	0.647183381480953	0.647183381480953	0.647183381480953	0.647183381480953	0.55367746879326	0.55367746879326	0.647183381480953	0.647183381480953	0.582041268637942	0.532611275786462	0.647183381480953	0.647183381480953	0.582041268637942	0.534213854941533	0.585995511687225	0.559332907446066	0.647183381480953	0.647183381480953	0.493350740228318	0.534213854941533	0.493350740228318	0.585995511687225	0.559332907446066	0.647183381480953	0.647183381480953	0.534213854941533	0.493350740228318	0.585995511687225	0.559332907446066	0.647183381480953	0.647183381480953
GSM2612260	0.984796620803405	0.976777528112494	0.993048825208815	0.976777528112494	0.984682480955433	0.993048825208815	0.977699812300495	0.993048825208815	0.991456565273595	0.992176792603852	0.993048825208815	0.993048825208815	0.992176792603852	0.993048825208815	0.987587696173765	0.984682480955433	0.993048825208815	0.993048825208815	0.992953558127794	0.993048825208815	0.993048825208815	0.993048825208815	0.992953558127794	0.992953558127794	0.993048825208815	0.992953558127794	0.993048825208815	0.993048825208815	0.984682480955433	0.993048825208815	0.993048825208815	0.984682480955433	0.990959734071002	0.976777528112494	0.976777528112494	0.990959734071002	0.990959734071002	0.990959734071002	0.990959734071002	0.990959734071002	0.990391857059044	0.990391857059044	0.990391857059044	0.990391857059044	0.990391857059044	0.990391857059044	0.990391857059044	0.990391857059044	0.990391857059044	0.98354774061506	0.98354774061506	0.978253682517822	0.978253682517822	0.978253682517822	0.978253682517822	0.978253682517822	0.978253682517822	0.978253682517822	0.978253682517822	0.978253682517822	0.978253682517822	0.978253682517822	0.978253682517822	0.978253682517822	0.978253682517822	0.978253682517822	0.978253682517822	0.978253682517822	0.978253682517822	0.984796620803405	0.978253682517822	0.978253682517822	0.990023719200606	0.990023719200606	0.978253682517822	0.978253682517822	0.978253682517822	0.978253682517822	0.987893383432674	0.987893383432674	0.978253682517822	0.978253682517822	0.978888432564041	0.990078188882945	0.978253682517822	0.978253682517822	0.978888432564041	0.976777528112494	0.993048825208815	0.990959734071002	0.978253682517822	0.978253682517822	0.984682480955433	0.976777528112494	0.984682480955433	0.993048825208815	0.990959734071002	0.978253682517822	0.978253682517822	0.976777528112494	0.984682480955433	0.993048825208815	0.990959734071002	0.978253682517822	0.978253682517822
GSM2612261	0.970664879057653	0.97965702902891	0.902013652081999	0.97965702902891	0.964967317120743	0.902013652081999	0.978357603424026	0.902013652081999	0.907230119349505	0.892157124034791	0.902013652081999	0.902013652081999	0.892157124034791	0.902013652081999	0.964178966365839	0.964967317120743	0.902013652081999	0.902013652081999	0.892720909955168	0.902013652081999	0.902013652081999	0.902013652081999	0.892720909955168	0.892720909955168	0.902013652081999	0.892720909955168	0.902013652081999	0.902013652081999	0.964967317120743	0.902013652081999	0.902013652081999	0.964967317120743	0.901767950998498	0.97965702902891	0.97965702902891	0.901767950998498	0.901767950998498	0.901767950998498	0.901767950998498	0.901767950998498	0.907051711959866	0.907051711959866	0.907051711959866	0.907051711959866	0.907051711959866	0.907051711959866	0.907051711959866	0.907051711959866	0.907051711959866	0.898043099372077	0.898043099372077	0.969700044563237	0.969700044563237	0.969700044563237	0.969700044563237	0.969700044563237	0.969700044563237	0.969700044563237	0.969700044563237	0.969700044563237	0.969700044563237	0.969700044563237	0.969700044563237	0.969700044563237	0.969700044563237	0.969700044563237	0.969700044563237	0.969700044563237	0.969700044563237	0.970664879057653	0.969700044563237	0.969700044563237	0.920844674112051	0.920844674112051	0.969700044563237	0.969700044563237	0.969700044563237	0.969700044563237	0.94907535783673	0.94907535783673	0.969700044563237	0.969700044563237	0.878306244176246	0.924807199458043	0.969700044563237	0.969700044563237	0.878306244176246	0.97965702902891	0.902013652081999	0.901767950998498	0.969700044563237	0.969700044563237	0.964967317120743	0.97965702902891	0.964967317120743	0.902013652081999	0.901767950998498	0.969700044563237	0.969700044563237	0.97965702902891	0.964967317120743	0.902013652081999	0.901767950998498	0.969700044563237	0.969700044563237
GSM2612262	0.995472162054552	0.998345559758036	0.997026197358839	0.998345559758036	0.997664337021291	0.997026197358839	0.997897375420678	0.997026197358839	0.997000185972376	0.996955467318129	0.997026197358839	0.997026197358839	0.996955467318129	0.997026197358839	0.997722972950385	0.997664337021291	0.997026197358839	0.997026197358839	0.99707193838001	0.997026197358839	0.997026197358839	0.997026197358839	0.99707193838001	0.99707193838001	0.997026197358839	0.99707193838001	0.997026197358839	0.997026197358839	0.997664337021291	0.997026197358839	0.997026197358839	0.997664337021291	0.990662464417225	0.998345559758036	0.998345559758036	0.990662464417225	0.990662464417225	0.990662464417225	0.990662464417225	0.990662464417225	0.989989965040653	0.989989965040653	0.989989965040653	0.989989965040653	0.989989965040653	0.989989965040653	0.989989965040653	0.989989965040653	0.989989965040653	0.95763134792456	0.95763134792456	0.99812487392928	0.99812487392928	0.99812487392928	0.99812487392928	0.99812487392928	0.99812487392928	0.99812487392928	0.99812487392928	0.99812487392928	0.99812487392928	0.99812487392928	0.99812487392928	0.99812487392928	0.99812487392928	0.99812487392928	0.99812487392928	0.99812487392928	0.99812487392928	0.995472162054552	0.99812487392928	0.99812487392928	0.99429241786029	0.99429241786029	0.99812487392928	0.99812487392928	0.99812487392928	0.99812487392928	0.997912285282331	0.997912285282331	0.99812487392928	0.99812487392928	0.987959004743752	0.98835687963066	0.99812487392928	0.99812487392928	0.987959004743752	0.998345559758036	0.997026197358839	0.990662464417225	0.99812487392928	0.99812487392928	0.997664337021291	0.998345559758036	0.997664337021291	0.997026197358839	0.990662464417225	0.99812487392928	0.99812487392928	0.998345559758036	0.997664337021291	0.997026197358839	0.990662464417225	0.99812487392928	0.99812487392928
GSM2612263	0.854251096595215	0.883288987848874	0.711941550774713	0.883288987848874	0.835651711360155	0.711941550774713	0.836242408096248	0.711941550774713	0.669812413545822	0.683900634487168	0.711941550774713	0.711941550774713	0.683900634487168	0.711941550774713	0.845708879096963	0.835651711360155	0.711941550774713	0.711941550774713	0.700132572129966	0.711941550774713	0.711941550774713	0.711941550774713	0.700132572129966	0.700132572129966	0.711941550774713	0.700132572129966	0.711941550774713	0.711941550774713	0.835651711360155	0.711941550774713	0.711941550774713	0.835651711360155	0.65441839549912	0.883288987848874	0.883288987848874	0.65441839549912	0.65441839549912	0.65441839549912	0.65441839549912	0.65441839549912	0.66430996626205	0.66430996626205	0.66430996626205	0.66430996626205	0.66430996626205	0.66430996626205	0.66430996626205	0.66430996626205	0.66430996626205	0.643890551627124	0.643890551627124	0.852217504844073	0.852217504844073	0.852217504844073	0.852217504844073	0.852217504844073	0.852217504844073	0.852217504844073	0.852217504844073	0.852217504844073	0.852217504844073	0.852217504844073	0.852217504844073	0.852217504844073	0.852217504844073	0.852217504844073	0.852217504844073	0.852217504844073	0.852217504844073	0.854251096595215	0.852217504844073	0.852217504844073	0.731591437945744	0.731591437945744	0.852217504844073	0.852217504844073	0.852217504844073	0.852217504844073	0.811256985840055	0.811256985840055	0.852217504844073	0.852217504844073	0.759228395879149	0.675697632001112	0.852217504844073	0.852217504844073	0.759228395879149	0.883288987848874	0.711941550774713	0.65441839549912	0.852217504844073	0.852217504844073	0.835651711360155	0.883288987848874	0.835651711360155	0.711941550774713	0.65441839549912	0.852217504844073	0.852217504844073	0.883288987848874	0.835651711360155	0.711941550774713	0.65441839549912	0.852217504844073	0.852217504844073
GSM2612264	0.862111248992953	0.870329738659021	0.907500076482597	0.870329738659021	0.856036092939639	0.907500076482597	0.860812567671253	0.907500076482597	0.903067444256298	0.908611000707525	0.907500076482597	0.907500076482597	0.908611000707525	0.907500076482597	0.868498741409918	0.856036092939639	0.907500076482597	0.907500076482597	0.910114051883425	0.907500076482597	0.907500076482597	0.907500076482597	0.910114051883425	0.910114051883425	0.907500076482597	0.910114051883425	0.907500076482597	0.907500076482597	0.856036092939639	0.907500076482597	0.907500076482597	0.856036092939639	0.927428640573237	0.870329738659021	0.870329738659021	0.927428640573237	0.927428640573237	0.927428640573237	0.927428640573237	0.927428640573237	0.934976959727717	0.934976959727717	0.934976959727717	0.934976959727717	0.934976959727717	0.934976959727717	0.934976959727717	0.934976959727717	0.934976959727717	0.90720886265075	0.90720886265075	0.879429949431898	0.879429949431898	0.879429949431898	0.879429949431898	0.879429949431898	0.879429949431898	0.879429949431898	0.879429949431898	0.879429949431898	0.879429949431898	0.879429949431898	0.879429949431898	0.879429949431898	0.879429949431898	0.879429949431898	0.879429949431898	0.879429949431898	0.879429949431898	0.862111248992953	0.879429949431898	0.879429949431898	0.888031403545086	0.888031403545086	0.879429949431898	0.879429949431898	0.879429949431898	0.879429949431898	0.888719202148056	0.888719202148056	0.879429949431898	0.879429949431898	0.889171593129501	0.928142135112386	0.879429949431898	0.879429949431898	0.889171593129501	0.870329738659021	0.907500076482597	0.927428640573237	0.879429949431898	0.879429949431898	0.856036092939639	0.870329738659021	0.856036092939639	0.907500076482597	0.927428640573237	0.879429949431898	0.879429949431898	0.870329738659021	0.856036092939639	0.907500076482597	0.927428640573237	0.879429949431898	0.879429949431898
GSM2612265	0.809110366642583	0.83559536569889	0.826018634107814	0.83559536569889	0.746892388204223	0.826018634107814	0.730127188756985	0.826018634107814	0.818802627570311	0.802750898258802	0.826018634107814	0.826018634107814	0.802750898258802	0.826018634107814	0.769441633653706	0.746892388204223	0.826018634107814	0.826018634107814	0.816153037719834	0.826018634107814	0.826018634107814	0.826018634107814	0.816153037719834	0.816153037719834	0.826018634107814	0.816153037719834	0.826018634107814	0.826018634107814	0.746892388204223	0.826018634107814	0.826018634107814	0.746892388204223	0.767864705773187	0.83559536569889	0.83559536569889	0.767864705773187	0.767864705773187	0.767864705773187	0.767864705773187	0.767864705773187	0.759834727229753	0.759834727229753	0.759834727229753	0.759834727229753	0.759834727229753	0.759834727229753	0.759834727229753	0.759834727229753	0.759834727229753	0.782640770506334	0.782640770506334	0.800052903443109	0.800052903443109	0.800052903443109	0.800052903443109	0.800052903443109	0.800052903443109	0.800052903443109	0.800052903443109	0.800052903443109	0.800052903443109	0.800052903443109	0.800052903443109	0.800052903443109	0.800052903443109	0.800052903443109	0.800052903443109	0.800052903443109	0.800052903443109	0.809110366642583	0.800052903443109	0.800052903443109	0.877563247639253	0.877563247639253	0.800052903443109	0.800052903443109	0.800052903443109	0.800052903443109	0.790452266047784	0.790452266047784	0.800052903443109	0.800052903443109	0.692354220570905	0.737496343673953	0.800052903443109	0.800052903443109	0.692354220570905	0.83559536569889	0.826018634107814	0.767864705773187	0.800052903443109	0.800052903443109	0.746892388204223	0.83559536569889	0.746892388204223	0.826018634107814	0.767864705773187	0.800052903443109	0.800052903443109	0.83559536569889	0.746892388204223	0.826018634107814	0.767864705773187	0.800052903443109	0.800052903443109
GSM2612266	0.927244819944214	0.936720249556531	0.903942713952215	0.936720249556531	0.911018123010031	0.903942713952215	0.933425960744205	0.903942713952215	0.890651154911489	0.902742702095213	0.903942713952215	0.903942713952215	0.902742702095213	0.903942713952215	0.905708392969222	0.911018123010031	0.903942713952215	0.903942713952215	0.898922686260399	0.903942713952215	0.903942713952215	0.903942713952215	0.898922686260399	0.898922686260399	0.903942713952215	0.898922686260399	0.903942713952215	0.903942713952215	0.911018123010031	0.903942713952215	0.903942713952215	0.911018123010031	0.858050304717489	0.936720249556531	0.936720249556531	0.858050304717489	0.858050304717489	0.858050304717489	0.858050304717489	0.858050304717489	0.860435883654959	0.860435883654959	0.860435883654959	0.860435883654959	0.860435883654959	0.860435883654959	0.860435883654959	0.860435883654959	0.860435883654959	0.884165097889632	0.884165097889632	0.896775091458622	0.896775091458622	0.896775091458622	0.896775091458622	0.896775091458622	0.896775091458622	0.896775091458622	0.896775091458622	0.896775091458622	0.896775091458622	0.896775091458622	0.896775091458622	0.896775091458622	0.896775091458622	0.896775091458622	0.896775091458622	0.896775091458622	0.896775091458622	0.927244819944214	0.896775091458622	0.896775091458622	0.919172671266367	0.919172671266367	0.896775091458622	0.896775091458622	0.896775091458622	0.896775091458622	0.891636107500958	0.891636107500958	0.896775091458622	0.896775091458622	0.762342410621443	0.867001582200681	0.896775091458622	0.896775091458622	0.762342410621443	0.936720249556531	0.903942713952215	0.858050304717489	0.896775091458622	0.896775091458622	0.911018123010031	0.936720249556531	0.911018123010031	0.903942713952215	0.858050304717489	0.896775091458622	0.896775091458622	0.936720249556531	0.911018123010031	0.903942713952215	0.858050304717489	0.896775091458622	0.896775091458622
GSM2612267	0.995751345976358	0.994314664170845	0.988826823402145	0.994314664170845	0.996240365261803	0.988826823402145	0.995165057298915	0.988826823402145	0.988939048525855	0.990150839098041	0.988826823402145	0.988826823402145	0.990150839098041	0.988826823402145	0.995971556057219	0.996240365261803	0.988826823402145	0.988826823402145	0.989713998647964	0.988826823402145	0.988826823402145	0.988826823402145	0.989713998647964	0.989713998647964	0.988826823402145	0.989713998647964	0.988826823402145	0.988826823402145	0.996240365261803	0.988826823402145	0.988826823402145	0.996240365261803	0.980568657404182	0.994314664170845	0.994314664170845	0.980568657404182	0.980568657404182	0.980568657404182	0.980568657404182	0.980568657404182	0.979400349186051	0.979400349186051	0.979400349186051	0.979400349186051	0.979400349186051	0.979400349186051	0.979400349186051	0.979400349186051	0.979400349186051	0.98024586674207	0.98024586674207	0.990886943791005	0.990886943791005	0.990886943791005	0.990886943791005	0.990886943791005	0.990886943791005	0.990886943791005	0.990886943791005	0.990886943791005	0.990886943791005	0.990886943791005	0.990886943791005	0.990886943791005	0.990886943791005	0.990886943791005	0.990886943791005	0.990886943791005	0.990886943791005	0.995751345976358	0.990886943791005	0.990886943791005	0.990070129102041	0.990070129102041	0.990886943791005	0.990886943791005	0.990886943791005	0.990886943791005	0.993974964671345	0.993974964671345	0.990886943791005	0.990886943791005	0.962423502025007	0.977444349015904	0.990886943791005	0.990886943791005	0.962423502025007	0.994314664170845	0.988826823402145	0.980568657404182	0.990886943791005	0.990886943791005	0.996240365261803	0.994314664170845	0.996240365261803	0.988826823402145	0.980568657404182	0.990886943791005	0.990886943791005	0.994314664170845	0.996240365261803	0.988826823402145	0.980568657404182	0.990886943791005	0.990886943791005
GSM2612268	0.403654977058532	0.4002403808129	0.519119105522402	0.4002403808129	0.443652235514699	0.519119105522402	0.426650855474662	0.519119105522402	0.525600992413909	0.538418708993033	0.519119105522402	0.519119105522402	0.538418708993033	0.519119105522402	0.4493161260922	0.443652235514699	0.519119105522402	0.519119105522402	0.541793280425575	0.519119105522402	0.519119105522402	0.519119105522402	0.541793280425575	0.541793280425575	0.519119105522402	0.541793280425575	0.519119105522402	0.519119105522402	0.443652235514699	0.519119105522402	0.519119105522402	0.443652235514699	0.496847182582796	0.4002403808129	0.4002403808129	0.496847182582796	0.496847182582796	0.496847182582796	0.496847182582796	0.496847182582796	0.532405125321456	0.532405125321456	0.532405125321456	0.532405125321456	0.532405125321456	0.532405125321456	0.532405125321456	0.532405125321456	0.532405125321456	0.56285794875328	0.56285794875328	0.374842537809396	0.374842537809396	0.374842537809396	0.374842537809396	0.374842537809396	0.374842537809396	0.374842537809396	0.374842537809396	0.374842537809396	0.374842537809396	0.374842537809396	0.374842537809396	0.374842537809396	0.374842537809396	0.374842537809396	0.374842537809396	0.374842537809396	0.374842537809396	0.403654977058532	0.374842537809396	0.374842537809396	0.543701460804677	0.543701460804677	0.374842537809396	0.374842537809396	0.374842537809396	0.374842537809396	0.409000715683218	0.409000715683218	0.374842537809396	0.374842537809396	0.563323622379796	0.51084233291422	0.374842537809396	0.374842537809396	0.563323622379796	0.4002403808129	0.519119105522402	0.496847182582796	0.374842537809396	0.374842537809396	0.443652235514699	0.4002403808129	0.443652235514699	0.519119105522402	0.496847182582796	0.374842537809396	0.374842537809396	0.4002403808129	0.443652235514699	0.519119105522402	0.496847182582796	0.374842537809396	0.374842537809396
GSM2612269	0.705539094547987	0.727615754220441	0.640155542827918	0.727615754220441	0.742310460445025	0.640155542827918	0.747559585599974	0.640155542827918	0.661563545865232	0.657020371039449	0.640155542827918	0.640155542827918	0.657020371039449	0.640155542827918	0.760995629282629	0.742310460445025	0.640155542827918	0.640155542827918	0.666804015241918	0.640155542827918	0.640155542827918	0.640155542827918	0.666804015241918	0.666804015241918	0.640155542827918	0.666804015241918	0.640155542827918	0.640155542827918	0.742310460445025	0.640155542827918	0.640155542827918	0.742310460445025	0.638536556856407	0.727615754220441	0.727615754220441	0.638536556856407	0.638536556856407	0.638536556856407	0.638536556856407	0.638536556856407	0.673044890404677	0.673044890404677	0.673044890404677	0.673044890404677	0.673044890404677	0.673044890404677	0.673044890404677	0.673044890404677	0.673044890404677	0.685910777295406	0.685910777295406	0.727702208018996	0.727702208018996	0.727702208018996	0.727702208018996	0.727702208018996	0.727702208018996	0.727702208018996	0.727702208018996	0.727702208018996	0.727702208018996	0.727702208018996	0.727702208018996	0.727702208018996	0.727702208018996	0.727702208018996	0.727702208018996	0.727702208018996	0.727702208018996	0.705539094547987	0.727702208018996	0.727702208018996	0.546398977073229	0.546398977073229	0.727702208018996	0.727702208018996	0.727702208018996	0.727702208018996	0.739122004054922	0.739122004054922	0.727702208018996	0.727702208018996	0.637916783836563	0.678048753594515	0.727702208018996	0.727702208018996	0.637916783836563	0.727615754220441	0.640155542827918	0.638536556856407	0.727702208018996	0.727702208018996	0.742310460445025	0.727615754220441	0.742310460445025	0.640155542827918	0.638536556856407	0.727702208018996	0.727702208018996	0.727615754220441	0.742310460445025	0.640155542827918	0.638536556856407	0.727702208018996	0.727702208018996
GSM2612270	0.63069982056036	0.580970310116102	0.542113081633171	0.580970310116102	0.617893256389238	0.542113081633171	0.587383009949004	0.542113081633171	0.538735740034101	0.521927606328885	0.542113081633171	0.542113081633171	0.521927606328885	0.542113081633171	0.628525317779035	0.617893256389238	0.542113081633171	0.542113081633171	0.547093839262653	0.542113081633171	0.542113081633171	0.542113081633171	0.547093839262653	0.547093839262653	0.542113081633171	0.547093839262653	0.542113081633171	0.542113081633171	0.617893256389238	0.542113081633171	0.542113081633171	0.617893256389238	0.264724283633922	0.580970310116102	0.580970310116102	0.264724283633922	0.264724283633922	0.264724283633922	0.264724283633922	0.264724283633922	0.276154718115995	0.276154718115995	0.276154718115995	0.276154718115995	0.276154718115995	0.276154718115995	0.276154718115995	0.276154718115995	0.276154718115995	0.39714871006216	0.39714871006216	0.572117035807245	0.572117035807245	0.572117035807245	0.572117035807245	0.572117035807245	0.572117035807245	0.572117035807245	0.572117035807245	0.572117035807245	0.572117035807245	0.572117035807245	0.572117035807245	0.572117035807245	0.572117035807245	0.572117035807245	0.572117035807245	0.572117035807245	0.572117035807245	0.63069982056036	0.572117035807245	0.572117035807245	0.526553379997442	0.526553379997442	0.572117035807245	0.572117035807245	0.572117035807245	0.572117035807245	0.522992958202869	0.522992958202869	0.572117035807245	0.572117035807245	0.297756807172334	0.378210530757732	0.572117035807245	0.572117035807245	0.297756807172333	0.580970310116102	0.542113081633171	0.264724283633922	0.572117035807245	0.572117035807245	0.617893256389238	0.580970310116102	0.617893256389238	0.542113081633171	0.264724283633922	0.572117035807245	0.572117035807245	0.580970310116102	0.617893256389238	0.542113081633171	0.264724283633922	0.572117035807245	0.572117035807245
GSM2612271	0.98001232628423	0.974794118238398	0.978269553723372	0.974794118238398	0.98275487749099	0.978269553723372	0.979110254795018	0.978269553723372	0.982014780333231	0.979489654569371	0.978269553723372	0.978269553723372	0.979489654569371	0.978269553723372	0.983280345421142	0.98275487749099	0.978269553723372	0.978269553723372	0.979716003428035	0.978269553723372	0.978269553723372	0.978269553723372	0.979716003428035	0.979716003428035	0.978269553723372	0.979716003428035	0.978269553723372	0.978269553723372	0.98275487749099	0.978269553723372	0.978269553723372	0.98275487749099	0.931849762261658	0.974794118238398	0.974794118238398	0.931849762261658	0.931849762261658	0.931849762261658	0.931849762261658	0.931849762261658	0.928784911823547	0.928784911823547	0.928784911823547	0.928784911823547	0.928784911823547	0.928784911823547	0.928784911823547	0.928784911823547	0.928784911823547	0.930430601263347	0.930430601263347	0.975912873332469	0.975912873332469	0.975912873332469	0.975912873332469	0.975912873332469	0.975912873332469	0.975912873332469	0.975912873332469	0.975912873332469	0.975912873332469	0.975912873332469	0.975912873332469	0.975912873332469	0.975912873332469	0.975912873332469	0.975912873332469	0.975912873332469	0.975912873332469	0.98001232628423	0.975912873332469	0.975912873332469	0.977136775675886	0.977136775675886	0.975912873332469	0.975912873332469	0.975912873332469	0.975912873332469	0.979729045447386	0.979729045447386	0.975912873332469	0.975912873332469	0.926992258706553	0.927863647612067	0.975912873332469	0.975912873332469	0.926992258706553	0.974794118238398	0.978269553723372	0.931849762261658	0.975912873332469	0.975912873332469	0.98275487749099	0.974794118238398	0.98275487749099	0.978269553723372	0.931849762261658	0.975912873332469	0.975912873332469	0.974794118238398	0.98275487749099	0.978269553723372	0.931849762261658	0.975912873332469	0.975912873332469
GSM2612272	0.201879737322714	0.240130357140661	0.133694650874434	0.240130357140661	0.224000078454579	0.133694650874434	0.267140022445546	0.133694650874434	0.131484835371984	0.126728689135039	0.133694650874434	0.133694650874434	0.126728689135039	0.133694650874434	0.225413804234862	0.224000078454579	0.133694650874434	0.133694650874434	0.136086525367748	0.133694650874434	0.133694650874434	0.133694650874434	0.136086525367748	0.136086525367748	0.133694650874434	0.136086525367748	0.133694650874434	0.133694650874434	0.224000078454579	0.133694650874434	0.133694650874434	0.224000078454579	0.203885462887184	0.240130357140661	0.240130357140661	0.203885462887184	0.203885462887184	0.203885462887184	0.203885462887184	0.203885462887184	0.205297416996612	0.205297416996612	0.205297416996612	0.205297416996612	0.205297416996612	0.205297416996612	0.205297416996612	0.205297416996612	0.205297416996612	0.267722498305875	0.267722498305875	0.249005858060042	0.249005858060042	0.249005858060042	0.249005858060042	0.249005858060042	0.249005858060042	0.249005858060042	0.249005858060042	0.249005858060042	0.249005858060042	0.249005858060042	0.249005858060042	0.249005858060042	0.249005858060042	0.249005858060042	0.249005858060042	0.249005858060042	0.249005858060042	0.201879737322714	0.249005858060042	0.249005858060042	0.123792300904709	0.123792300904709	0.249005858060042	0.249005858060042	0.249005858060042	0.249005858060042	0.215221471670387	0.215221471670387	0.249005858060042	0.249005858060042	0.315752224495126	0.214336561023985	0.249005858060042	0.249005858060042	0.315752224495125	0.240130357140661	0.133694650874434	0.203885462887184	0.249005858060042	0.249005858060042	0.224000078454579	0.240130357140661	0.224000078454579	0.133694650874434	0.203885462887184	0.249005858060042	0.249005858060042	0.240130357140661	0.224000078454579	0.133694650874434	0.203885462887184	0.249005858060042	0.249005858060042
GSM2612273	0.8622937151621	0.917016336058962	0.836300711429848	0.917016336058962	0.862623584539962	0.836300711429848	0.934547691535255	0.836300711429848	0.826878170545259	0.829911496169274	0.836300711429848	0.836300711429848	0.829911496169274	0.836300711429848	0.861630094779698	0.862623584539962	0.836300711429848	0.836300711429848	0.833800498146279	0.836300711429848	0.836300711429848	0.836300711429848	0.833800498146279	0.833800498146279	0.836300711429848	0.833800498146279	0.836300711429848	0.836300711429848	0.862623584539962	0.836300711429848	0.836300711429848	0.862623584539962	0.652139823450587	0.917016336058962	0.917016336058962	0.652139823450587	0.652139823450587	0.652139823450587	0.652139823450587	0.652139823450587	0.634704795955381	0.634704795955381	0.634704795955381	0.634704795955381	0.634704795955381	0.634704795955381	0.634704795955381	0.634704795955381	0.634704795955381	0.559919426253876	0.559919426253876	0.886441497947575	0.886441497947575	0.886441497947575	0.886441497947575	0.886441497947575	0.886441497947575	0.886441497947575	0.886441497947575	0.886441497947575	0.886441497947575	0.886441497947575	0.886441497947575	0.886441497947575	0.886441497947575	0.886441497947575	0.886441497947575	0.886441497947575	0.886441497947575	0.8622937151621	0.886441497947575	0.886441497947575	0.865441383242129	0.865441383242129	0.886441497947575	0.886441497947575	0.886441497947575	0.886441497947575	0.836991639154392	0.836991639154392	0.886441497947575	0.886441497947575	0.670135819658699	0.655238949206312	0.886441497947575	0.886441497947575	0.670135819658699	0.917016336058962	0.836300711429848	0.652139823450587	0.886441497947575	0.886441497947575	0.862623584539962	0.917016336058962	0.862623584539962	0.836300711429848	0.652139823450587	0.886441497947575	0.886441497947575	0.917016336058962	0.862623584539962	0.836300711429848	0.652139823450587	0.886441497947575	0.886441497947575
GSM2612274	0.273995600642598	0.34340622787096	0.280048579865386	0.34340622787096	0.321696474961309	0.280048579865386	0.342352797895574	0.280048579865386	0.281218212713196	0.279678782870421	0.280048579865386	0.280048579865386	0.279678782870421	0.280048579865386	0.337222614304696	0.321696474961309	0.280048579865386	0.280048579865386	0.281307473463969	0.280048579865386	0.280048579865386	0.280048579865386	0.281307473463969	0.281307473463969	0.280048579865386	0.281307473463969	0.280048579865386	0.280048579865386	0.321696474961309	0.280048579865386	0.280048579865386	0.321696474961309	0.328095740061899	0.34340622787096	0.34340622787096	0.328095740061899	0.328095740061899	0.328095740061899	0.328095740061899	0.328095740061899	0.351044198771106	0.351044198771106	0.351044198771106	0.351044198771106	0.351044198771106	0.351044198771106	0.351044198771106	0.351044198771106	0.351044198771106	0.365431964157689	0.365431964157689	0.31330910955539	0.31330910955539	0.31330910955539	0.31330910955539	0.31330910955539	0.31330910955539	0.31330910955539	0.31330910955539	0.31330910955539	0.31330910955539	0.31330910955539	0.31330910955539	0.31330910955539	0.31330910955539	0.31330910955539	0.31330910955539	0.31330910955539	0.31330910955539	0.273995600642598	0.31330910955539	0.31330910955539	0.182061929954801	0.182061929954801	0.31330910955539	0.31330910955539	0.31330910955539	0.31330910955539	0.289283012578053	0.289283012578053	0.31330910955539	0.31330910955539	0.457380312541132	0.379849280756509	0.31330910955539	0.31330910955539	0.457380312541131	0.34340622787096	0.280048579865386	0.328095740061899	0.31330910955539	0.31330910955539	0.321696474961309	0.34340622787096	0.321696474961309	0.280048579865386	0.328095740061899	0.31330910955539	0.31330910955539	0.34340622787096	0.321696474961309	0.280048579865386	0.328095740061899	0.31330910955539	0.31330910955539
GSM2612275	0.644083433650985	0.585636131356425	0.620260034133072	0.585636131356425	0.653886565137204	0.620260034133072	0.631401680652473	0.620260034133072	0.625305500348047	0.638117266633787	0.620260034133072	0.620260034133072	0.638117266633787	0.620260034133072	0.623690893567386	0.653886565137204	0.620260034133072	0.620260034133072	0.626760965541021	0.620260034133072	0.620260034133072	0.620260034133072	0.626760965541021	0.626760965541021	0.620260034133072	0.626760965541021	0.620260034133072	0.620260034133072	0.653886565137204	0.620260034133072	0.620260034133072	0.653886565137204	0.825767951837014	0.585636131356425	0.585636131356425	0.825767951837014	0.825767951837014	0.825767951837014	0.825767951837014	0.825767951837014	0.816545688163992	0.816545688163992	0.816545688163992	0.816545688163992	0.816545688163992	0.816545688163992	0.816545688163992	0.816545688163992	0.816545688163992	0.859138713130248	0.859138713130248	0.628791820659972	0.628791820659972	0.628791820659972	0.628791820659972	0.628791820659972	0.628791820659972	0.628791820659972	0.628791820659972	0.628791820659972	0.628791820659972	0.628791820659972	0.628791820659972	0.628791820659972	0.628791820659972	0.628791820659972	0.628791820659972	0.628791820659972	0.628791820659972	0.644083433650985	0.628791820659972	0.628791820659972	0.603270987927857	0.603270987927857	0.628791820659972	0.628791820659972	0.628791820659972	0.628791820659972	0.691764165925402	0.691764165925402	0.628791820659972	0.628791820659972	0.793079135308912	0.789516563898365	0.628791820659972	0.628791820659972	0.793079135308912	0.585636131356425	0.620260034133072	0.825767951837014	0.628791820659972	0.628791820659972	0.653886565137204	0.585636131356425	0.653886565137204	0.620260034133072	0.825767951837014	0.628791820659972	0.628791820659972	0.585636131356425	0.653886565137204	0.620260034133072	0.825767951837014	0.628791820659972	0.628791820659972
GSM2612276	0.981147078929847	0.993920860536698	0.980064486332236	0.993920860536698	0.986627243782225	0.980064486332236	0.993608342495447	0.980064486332236	0.983257035544372	0.981768996921955	0.980064486332236	0.980064486332236	0.981768996921955	0.980064486332236	0.987013539134944	0.986627243782225	0.980064486332236	0.980064486332236	0.981625396822521	0.980064486332236	0.980064486332236	0.980064486332236	0.981625396822521	0.981625396822521	0.980064486332236	0.981625396822521	0.980064486332236	0.980064486332236	0.986627243782225	0.980064486332236	0.980064486332236	0.986627243782225	0.97090819294792	0.993920860536698	0.993920860536698	0.97090819294792	0.97090819294792	0.97090819294792	0.97090819294792	0.97090819294792	0.971423997796759	0.971423997796759	0.971423997796759	0.971423997796759	0.971423997796759	0.971423997796759	0.971423997796759	0.971423997796759	0.971423997796759	0.959690804872522	0.959690804872522	0.988038317448307	0.988038317448307	0.988038317448307	0.988038317448307	0.988038317448307	0.988038317448307	0.988038317448307	0.988038317448307	0.988038317448307	0.988038317448307	0.988038317448307	0.988038317448307	0.988038317448307	0.988038317448307	0.988038317448307	0.988038317448307	0.988038317448307	0.988038317448307	0.981147078929847	0.988038317448307	0.988038317448307	0.963160634932236	0.963160634932236	0.988038317448307	0.988038317448307	0.988038317448307	0.988038317448307	0.98180942812879	0.98180942812879	0.988038317448307	0.988038317448307	0.972656762627544	0.975613598164326	0.988038317448307	0.988038317448307	0.972656762627544	0.993920860536698	0.980064486332236	0.97090819294792	0.988038317448307	0.988038317448307	0.986627243782225	0.993920860536698	0.986627243782225	0.980064486332236	0.97090819294792	0.988038317448307	0.988038317448307	0.993920860536698	0.986627243782225	0.980064486332236	0.97090819294792	0.988038317448307	0.988038317448307
GSM2612277	0.958524482170655	0.984117170212885	0.961532444069854	0.984117170212885	0.968084819131482	0.961532444069854	0.981653022833634	0.961532444069854	0.960144087566354	0.961952046335638	0.961532444069854	0.961532444069854	0.961952046335638	0.961532444069854	0.968285059421034	0.968084819131482	0.961532444069854	0.961532444069854	0.962235260141439	0.961532444069854	0.961532444069854	0.961532444069854	0.962235260141439	0.962235260141439	0.961532444069854	0.962235260141439	0.961532444069854	0.961532444069854	0.968084819131482	0.961532444069854	0.961532444069854	0.968084819131482	0.935772536423317	0.984117170212885	0.984117170212885	0.935772536423317	0.935772536423317	0.935772536423317	0.935772536423317	0.935772536423317	0.937301172330374	0.937301172330374	0.937301172330374	0.937301172330374	0.937301172330374	0.937301172330374	0.937301172330374	0.937301172330374	0.937301172330374	0.889031597870572	0.889031597870572	0.97726731856387	0.97726731856387	0.97726731856387	0.97726731856387	0.97726731856387	0.97726731856387	0.97726731856387	0.97726731856387	0.97726731856387	0.97726731856387	0.97726731856387	0.97726731856387	0.97726731856387	0.97726731856387	0.97726731856387	0.97726731856387	0.97726731856387	0.97726731856387	0.958524482170655	0.97726731856387	0.97726731856387	0.933980774472245	0.933980774472245	0.97726731856387	0.97726731856387	0.97726731856387	0.97726731856387	0.967461010151565	0.967461010151565	0.97726731856387	0.97726731856387	0.951793689826378	0.941497781682345	0.97726731856387	0.97726731856387	0.951793689826378	0.984117170212885	0.961532444069854	0.935772536423317	0.97726731856387	0.97726731856387	0.968084819131482	0.984117170212885	0.968084819131482	0.961532444069854	0.935772536423317	0.97726731856387	0.97726731856387	0.984117170212885	0.968084819131482	0.961532444069854	0.935772536423317	0.97726731856387	0.97726731856387
GSM2612278	0.637261408211838	0.722959687420833	0.700694225694504	0.722959687420833	0.665235741681392	0.700694225694504	0.641940310385777	0.700694225694504	0.705646680666135	0.698883632260377	0.700694225694504	0.700694225694504	0.698883632260377	0.700694225694504	0.665512934784814	0.665235741681392	0.700694225694504	0.700694225694504	0.699391536449073	0.700694225694504	0.700694225694504	0.700694225694504	0.699391536449073	0.699391536449073	0.700694225694504	0.699391536449073	0.700694225694504	0.700694225694504	0.665235741681392	0.700694225694504	0.700694225694504	0.665235741681392	0.611972384161339	0.722959687420833	0.722959687420833	0.611972384161339	0.611972384161339	0.611972384161339	0.611972384161339	0.611972384161339	0.621944546412651	0.621944546412651	0.621944546412651	0.621944546412651	0.621944546412651	0.621944546412651	0.621944546412651	0.621944546412651	0.621944546412651	0.517894651690251	0.517894651690251	0.695552708922696	0.695552708922696	0.695552708922696	0.695552708922696	0.695552708922696	0.695552708922696	0.695552708922696	0.695552708922696	0.695552708922696	0.695552708922696	0.695552708922696	0.695552708922696	0.695552708922696	0.695552708922696	0.695552708922696	0.695552708922696	0.695552708922696	0.695552708922696	0.637261408211838	0.695552708922696	0.695552708922696	0.658039526361787	0.658039526361787	0.695552708922696	0.695552708922696	0.695552708922696	0.695552708922696	0.700713310907829	0.700713310907829	0.695552708922696	0.695552708922696	0.625244574409685	0.617639754664543	0.695552708922696	0.695552708922696	0.625244574409685	0.722959687420833	0.700694225694504	0.611972384161339	0.695552708922696	0.695552708922696	0.665235741681392	0.722959687420833	0.665235741681392	0.700694225694504	0.611972384161339	0.695552708922696	0.695552708922696	0.722959687420833	0.665235741681392	0.700694225694504	0.611972384161339	0.695552708922696	0.695552708922696
GSM2612279	0.33648021239001	0.593125706773192	0.488328531991562	0.593125706773192	0.459009756001016	0.488328531991562	0.512971965765437	0.488328531991562	0.539680118007657	0.530020372800903	0.488328531991562	0.488328531991562	0.530020372800903	0.488328531991562	0.410493196314261	0.459009756001016	0.488328531991562	0.488328531991562	0.495964219787143	0.488328531991562	0.488328531991562	0.488328531991562	0.495964219787143	0.495964219787143	0.488328531991562	0.495964219787143	0.488328531991562	0.488328531991562	0.459009756001016	0.488328531991562	0.488328531991562	0.459009756001016	0.538906960539927	0.593125706773192	0.593125706773192	0.538906960539927	0.538906960539927	0.538906960539927	0.538906960539927	0.538906960539927	0.493023632097861	0.493023632097861	0.493023632097861	0.493023632097861	0.493023632097861	0.493023632097861	0.493023632097861	0.493023632097861	0.493023632097861	0.423646215198229	0.423646215198229	0.422529464847313	0.422529464847313	0.422529464847313	0.422529464847313	0.422529464847313	0.422529464847313	0.422529464847313	0.422529464847313	0.422529464847313	0.422529464847313	0.422529464847313	0.422529464847313	0.422529464847313	0.422529464847313	0.422529464847313	0.422529464847313	0.422529464847313	0.422529464847313	0.33648021239001	0.422529464847313	0.422529464847313	0.41653615735993	0.41653615735993	0.422529464847313	0.422529464847313	0.422529464847313	0.422529464847313	0.45894648127208	0.45894648127208	0.422529464847313	0.422529464847313	0.629672928512473	0.464415454156342	0.422529464847313	0.422529464847313	0.629672928512473	0.593125706773192	0.488328531991562	0.538906960539927	0.422529464847313	0.422529464847313	0.459009756001016	0.593125706773192	0.459009756001016	0.488328531991562	0.538906960539927	0.422529464847313	0.422529464847313	0.593125706773192	0.459009756001016	0.488328531991562	0.538906960539927	0.422529464847313	0.422529464847313
GSM2612280	0.248697258448016	0.234221446930749	0.192504912272121	0.234221446930749	0.244754075249908	0.192504912272121	0.246108733647096	0.192504912272121	0.185735641918684	0.191266250615851	0.192504912272121	0.192504912272121	0.191266250615851	0.192504912272121	0.231936025116384	0.244754075249908	0.192504912272121	0.192504912272121	0.193178037031685	0.192504912272121	0.192504912272121	0.192504912272121	0.193178037031685	0.193178037031685	0.192504912272121	0.193178037031685	0.192504912272121	0.192504912272121	0.244754075249908	0.192504912272121	0.192504912272121	0.244754075249908	0.258969581059861	0.234221446930749	0.234221446930749	0.258969581059861	0.258969581059861	0.258969581059861	0.258969581059861	0.258969581059861	0.269357705645338	0.269357705645338	0.269357705645338	0.269357705645338	0.269357705645338	0.269357705645338	0.269357705645338	0.269357705645338	0.269357705645338	0.308484317306558	0.308484317306558	0.251978192234524	0.251978192234524	0.251978192234524	0.251978192234524	0.251978192234524	0.251978192234524	0.251978192234524	0.251978192234524	0.251978192234524	0.251978192234524	0.251978192234524	0.251978192234524	0.251978192234524	0.251978192234524	0.251978192234524	0.251978192234524	0.251978192234524	0.251978192234524	0.248697258448016	0.251978192234524	0.251978192234524	0.274651967022719	0.274651967022719	0.251978192234524	0.251978192234524	0.251978192234524	0.251978192234524	0.225840789249776	0.225840789249776	0.251978192234524	0.251978192234524	0.234917263477504	0.254823167411179	0.251978192234524	0.251978192234524	0.234917263477504	0.234221446930749	0.192504912272121	0.258969581059861	0.251978192234524	0.251978192234524	0.244754075249908	0.234221446930749	0.244754075249908	0.192504912272121	0.258969581059861	0.251978192234524	0.251978192234524	0.234221446930749	0.244754075249908	0.192504912272121	0.258969581059861	0.251978192234524	0.251978192234524
GSM2612281	0.994988030181119	0.99623589882803	0.993723294337889	0.99623589882803	0.995742892796657	0.993723294337889	0.995689901773489	0.993723294337889	0.994407715845934	0.993731950127478	0.993723294337889	0.993723294337889	0.993731950127478	0.993723294337889	0.996091904480819	0.995742892796657	0.993723294337889	0.993723294337889	0.993977599396368	0.993723294337889	0.993723294337889	0.993723294337889	0.993977599396368	0.993977599396368	0.993723294337889	0.993977599396368	0.993723294337889	0.993723294337889	0.995742892796657	0.993723294337889	0.993723294337889	0.995742892796657	0.960477015382736	0.99623589882803	0.99623589882803	0.960477015382736	0.960477015382736	0.960477015382736	0.960477015382736	0.960477015382736	0.961694074048621	0.961694074048621	0.961694074048621	0.961694074048621	0.961694074048621	0.961694074048621	0.961694074048621	0.961694074048621	0.961694074048621	0.948538170634522	0.948538170634522	0.992525691631318	0.992525691631318	0.992525691631318	0.992525691631318	0.992525691631318	0.992525691631318	0.992525691631318	0.992525691631318	0.992525691631318	0.992525691631318	0.992525691631318	0.992525691631318	0.992525691631318	0.992525691631318	0.992525691631318	0.992525691631318	0.992525691631318	0.992525691631318	0.994988030181119	0.992525691631318	0.992525691631318	0.99284145391385	0.99284145391385	0.992525691631318	0.992525691631318	0.992525691631318	0.992525691631318	0.992877812009672	0.992877812009672	0.992525691631318	0.992525691631318	0.936074392563852	0.968571340712038	0.992525691631318	0.992525691631318	0.936074392563852	0.99623589882803	0.993723294337889	0.960477015382736	0.992525691631318	0.992525691631318	0.995742892796657	0.99623589882803	0.995742892796657	0.993723294337889	0.960477015382736	0.992525691631318	0.992525691631318	0.99623589882803	0.995742892796657	0.993723294337889	0.960477015382736	0.992525691631318	0.992525691631318
GSM2612282	0.767996752515359	0.81859537194533	0.799960510496338	0.81859537194533	0.737519679783251	0.799960510496338	0.834126453674825	0.799960510496338	0.798125261026227	0.797054844560691	0.799960510496338	0.799960510496338	0.797054844560691	0.799960510496338	0.750948524138465	0.737519679783251	0.799960510496338	0.799960510496338	0.804139745365463	0.799960510496338	0.799960510496338	0.799960510496338	0.804139745365463	0.804139745365463	0.799960510496338	0.804139745365463	0.799960510496338	0.799960510496338	0.737519679783251	0.799960510496338	0.799960510496338	0.737519679783251	0.804219172261207	0.81859537194533	0.81859537194533	0.804219172261207	0.804219172261207	0.804219172261207	0.804219172261207	0.804219172261207	0.79074422498925	0.79074422498925	0.79074422498925	0.79074422498925	0.79074422498925	0.79074422498925	0.79074422498925	0.79074422498925	0.79074422498925	0.797953901150449	0.797953901150449	0.75753825663792	0.75753825663792	0.75753825663792	0.75753825663792	0.75753825663792	0.75753825663792	0.75753825663792	0.75753825663792	0.75753825663792	0.75753825663792	0.75753825663792	0.75753825663792	0.75753825663792	0.75753825663792	0.75753825663792	0.75753825663792	0.75753825663792	0.75753825663792	0.767996752515359	0.75753825663792	0.75753825663792	0.814508255282249	0.814508255282249	0.75753825663792	0.75753825663792	0.75753825663792	0.75753825663792	0.715071382759828	0.715071382759828	0.75753825663792	0.75753825663792	0.813728062592599	0.809260346080118	0.75753825663792	0.75753825663792	0.813728062592599	0.81859537194533	0.799960510496338	0.804219172261207	0.75753825663792	0.75753825663792	0.737519679783251	0.81859537194533	0.737519679783251	0.799960510496338	0.804219172261207	0.75753825663792	0.75753825663792	0.81859537194533	0.737519679783251	0.799960510496338	0.804219172261207	0.75753825663792	0.75753825663792
GSM2612283	0.970980817560432	0.982526421952836	0.939704313909368	0.982526421952836	0.976717943184973	0.939704313909368	0.981608674460132	0.939704313909368	0.935049699348249	0.94079458714409	0.939704313909368	0.939704313909368	0.94079458714409	0.939704313909368	0.973639323228478	0.976717943184973	0.939704313909368	0.939704313909368	0.937524971107418	0.939704313909368	0.939704313909368	0.939704313909368	0.937524971107418	0.937524971107418	0.939704313909368	0.937524971107418	0.939704313909368	0.939704313909368	0.976717943184973	0.939704313909368	0.939704313909368	0.976717943184973	0.871585384005072	0.982526421952836	0.982526421952836	0.871585384005072	0.871585384005072	0.871585384005072	0.871585384005072	0.871585384005072	0.865633922487575	0.865633922487575	0.865633922487575	0.865633922487575	0.865633922487575	0.865633922487575	0.865633922487575	0.865633922487575	0.865633922487575	0.824466536351413	0.824466536351413	0.966841490889356	0.966841490889356	0.966841490889356	0.966841490889356	0.966841490889356	0.966841490889356	0.966841490889356	0.966841490889356	0.966841490889356	0.966841490889356	0.966841490889356	0.966841490889356	0.966841490889356	0.966841490889356	0.966841490889356	0.966841490889356	0.966841490889356	0.966841490889356	0.970980817560432	0.966841490889356	0.966841490889356	0.934780547858624	0.934780547858624	0.966841490889356	0.966841490889356	0.966841490889356	0.966841490889356	0.960326280133793	0.960326280133793	0.966841490889356	0.966841490889356	0.828073219127771	0.88558960229799	0.966841490889356	0.966841490889356	0.828073219127771	0.982526421952836	0.939704313909368	0.871585384005072	0.966841490889356	0.966841490889356	0.976717943184973	0.982526421952836	0.976717943184973	0.939704313909368	0.871585384005072	0.966841490889356	0.966841490889356	0.982526421952836	0.976717943184973	0.939704313909368	0.871585384005072	0.966841490889356	0.966841490889356
GSM2612284	0.672808392889947	0.543157175832315	0.714707659783841	0.543157175832315	0.599582167339635	0.714707659783841	0.633053373448401	0.714707659783841	0.680262324066915	0.687145498420107	0.714707659783841	0.714707659783841	0.687145498420107	0.714707659783841	0.631070108551905	0.599582167339635	0.714707659783841	0.714707659783841	0.700991776132216	0.714707659783841	0.714707659783841	0.714707659783841	0.700991776132216	0.700991776132216	0.714707659783841	0.700991776132216	0.714707659783841	0.714707659783841	0.599582167339635	0.714707659783841	0.714707659783841	0.599582167339635	0.670609814402347	0.543157175832315	0.543157175832315	0.670609814402347	0.670609814402347	0.670609814402347	0.670609814402347	0.670609814402347	0.632389251141594	0.632389251141594	0.632389251141594	0.632389251141594	0.632389251141594	0.632389251141594	0.632389251141594	0.632389251141594	0.632389251141594	0.612638661580245	0.612638661580245	0.577715741501741	0.577715741501741	0.577715741501741	0.577715741501741	0.577715741501741	0.577715741501741	0.577715741501741	0.577715741501741	0.577715741501741	0.577715741501741	0.577715741501741	0.577715741501741	0.577715741501741	0.577715741501741	0.577715741501741	0.577715741501741	0.577715741501741	0.577715741501741	0.672808392889947	0.577715741501741	0.577715741501741	0.736462877622126	0.736462877622126	0.577715741501741	0.577715741501741	0.577715741501741	0.577715741501741	0.584459706963082	0.584459706963082	0.577715741501741	0.577715741501741	0.596719974547535	0.700052108773265	0.577715741501741	0.577715741501741	0.596719974547535	0.543157175832315	0.714707659783841	0.670609814402347	0.577715741501741	0.577715741501741	0.599582167339635	0.543157175832315	0.599582167339635	0.714707659783841	0.670609814402347	0.577715741501741	0.577715741501741	0.543157175832315	0.599582167339635	0.714707659783841	0.670609814402347	0.577715741501741	0.577715741501741
GSM2612285	0.707174146426332	0.715272567803119	0.514617296514496	0.715272567803119	0.731210078136327	0.514617296514496	0.748693594296384	0.514617296514496	0.533404382030393	0.516893735572852	0.514617296514496	0.514617296514496	0.516893735572852	0.514617296514496	0.725779978186301	0.731210078136327	0.514617296514496	0.514617296514496	0.515114587093561	0.514617296514496	0.514617296514496	0.514617296514496	0.515114587093561	0.515114587093561	0.514617296514496	0.515114587093561	0.514617296514496	0.514617296514496	0.731210078136327	0.514617296514496	0.514617296514496	0.731210078136327	0.508789452480979	0.715272567803119	0.715272567803119	0.508789452480979	0.508789452480979	0.508789452480979	0.508789452480979	0.508789452480979	0.479132348542626	0.479132348542626	0.479132348542626	0.479132348542626	0.479132348542626	0.479132348542626	0.479132348542626	0.479132348542626	0.479132348542626	0.468898130817744	0.468898130817744	0.666257374673097	0.666257374673097	0.666257374673097	0.666257374673097	0.666257374673097	0.666257374673097	0.666257374673097	0.666257374673097	0.666257374673097	0.666257374673097	0.666257374673097	0.666257374673097	0.666257374673097	0.666257374673097	0.666257374673097	0.666257374673097	0.666257374673097	0.666257374673097	0.707174146426332	0.666257374673097	0.666257374673097	0.51701251872335	0.51701251872335	0.666257374673097	0.666257374673097	0.666257374673097	0.666257374673097	0.671925045475387	0.671925045475387	0.666257374673097	0.666257374673097	0.5702681352827	0.493718563441801	0.666257374673097	0.666257374673097	0.5702681352827	0.715272567803119	0.514617296514496	0.508789452480979	0.666257374673097	0.666257374673097	0.731210078136327	0.715272567803119	0.731210078136327	0.514617296514496	0.508789452480979	0.666257374673097	0.666257374673097	0.715272567803119	0.731210078136327	0.514617296514496	0.508789452480979	0.666257374673097	0.666257374673097
GSM2612286	0.768432494575987	0.833140635450051	0.766810505615401	0.833140635450051	0.770123376256469	0.766810505615401	0.799661510786165	0.766810505615401	0.785855109855206	0.771892947752669	0.766810505615401	0.766810505615401	0.771892947752669	0.766810505615401	0.783592663549165	0.770123376256469	0.766810505615401	0.766810505615401	0.773246250544187	0.766810505615401	0.766810505615401	0.766810505615401	0.773246250544187	0.773246250544187	0.766810505615401	0.773246250544187	0.766810505615401	0.766810505615401	0.770123376256469	0.766810505615401	0.766810505615401	0.770123376256469	0.730755235404299	0.833140635450051	0.833140635450051	0.730755235404299	0.730755235404299	0.730755235404299	0.730755235404299	0.730755235404299	0.718132996334094	0.718132996334094	0.718132996334094	0.718132996334094	0.718132996334094	0.718132996334094	0.718132996334094	0.718132996334094	0.718132996334094	0.651230403132614	0.651230403132614	0.836368306015707	0.836368306015707	0.836368306015707	0.836368306015707	0.836368306015707	0.836368306015707	0.836368306015707	0.836368306015707	0.836368306015707	0.836368306015707	0.836368306015707	0.836368306015707	0.836368306015707	0.836368306015707	0.836368306015707	0.836368306015707	0.836368306015707	0.836368306015707	0.768432494575987	0.836368306015707	0.836368306015707	0.718554370066359	0.718554370066359	0.836368306015707	0.836368306015707	0.836368306015707	0.836368306015707	0.825815977475545	0.825815977475545	0.836368306015707	0.836368306015707	0.734367244686407	0.681443011268718	0.836368306015707	0.836368306015707	0.734367244686407	0.833140635450051	0.766810505615401	0.730755235404299	0.836368306015707	0.836368306015707	0.770123376256469	0.833140635450051	0.770123376256469	0.766810505615401	0.730755235404299	0.836368306015707	0.836368306015707	0.833140635450051	0.770123376256469	0.766810505615401	0.730755235404299	0.836368306015707	0.836368306015707
GSM2612287	0.0938583111191592	0.0317084038532219	0.119606693092012	0.0317084038532219	0.073870909162066	0.119606693092012	0.0395846397932842	0.119606693092012	0.108411156042247	0.100002695828016	0.119606693092012	0.119606693092012	0.100002695828016	0.119606693092012	0.0883561393072868	0.073870909162066	0.119606693092012	0.119606693092012	0.112345010422078	0.119606693092012	0.119606693092012	0.119606693092012	0.112345010422078	0.112345010422078	0.119606693092012	0.112345010422078	0.119606693092012	0.119606693092012	0.073870909162066	0.119606693092012	0.119606693092012	0.073870909162066	0.407118817606674	0.0317084038532219	0.0317084038532219	0.407118817606674	0.407118817606674	0.407118817606674	0.407118817606674	0.407118817606674	0.442761184630315	0.442761184630315	0.442761184630315	0.442761184630315	0.442761184630315	0.442761184630315	0.442761184630315	0.442761184630315	0.442761184630315	0.366736885897564	0.366736885897564	0.0963195834363694	0.0963195834363694	0.0963195834363694	0.0963195834363694	0.0963195834363694	0.0963195834363694	0.0963195834363694	0.0963195834363694	0.0963195834363694	0.0963195834363694	0.0963195834363694	0.0963195834363694	0.0963195834363694	0.0963195834363694	0.0963195834363694	0.0963195834363694	0.0963195834363694	0.0963195834363694	0.0938583111191592	0.0963195834363694	0.0963195834363694	0.133395100604002	0.133395100604002	0.0963195834363694	0.0963195834363694	0.0963195834363694	0.0963195834363694	0.115066395898197	0.115066395898197	0.0963195834363694	0.0963195834363694	0.417030379369045	0.43945226459533	0.0963195834363694	0.0963195834363694	0.417030379369045	0.0317084038532219	0.119606693092012	0.407118817606674	0.0963195834363694	0.0963195834363694	0.073870909162066	0.0317084038532219	0.073870909162066	0.119606693092012	0.407118817606674	0.0963195834363694	0.0963195834363694	0.0317084038532219	0.073870909162066	0.119606693092012	0.407118817606674	0.0963195834363694	0.0963195834363694
PCLZ81	3.16342408062187e-05	1.8630937718958e-05	3.93073612381317e-05	1.8630937718958e-05	2.1768093411682e-05	3.93073612381317e-05	1.09034048907469e-05	3.93073612381317e-05	2.70129332771191e-05	2.92543783207324e-05	3.93073612381317e-05	3.93073612381317e-05	2.92543783207324e-05	3.93073612381317e-05	3.14391781986193e-05	2.1768093411682e-05	3.93073612381317e-05	3.93073612381317e-05	3.88632897315263e-05	3.93073612381317e-05	3.93073612381317e-05	3.93073612381317e-05	3.88632897315263e-05	3.88632897315263e-05	3.93073612381317e-05	3.88632897315263e-05	3.93073612381317e-05	3.93073612381317e-05	2.1768093411682e-05	3.93073612381317e-05	3.93073612381317e-05	2.1768093411682e-05	0.00209135116515541	1.8630937718958e-05	1.8630937718958e-05	0.00209135116515541	0.00209135116515541	0.00209135116515541	0.00209135116515541	0.00209135116515541	0.0020183536020564	0.0020183536020564	0.0020183536020564	0.0020183536020564	0.0020183536020564	0.0020183536020564	0.0020183536020564	0.0020183536020564	0.0020183536020564	0.0210872466124182	0.0210872466124182	3.32352528858713e-05	3.32352528858713e-05	3.32352528858713e-05	3.32352528858713e-05	3.32352528858713e-05	3.32352528858713e-05	3.32352528858713e-05	3.32352528858713e-05	3.32352528858713e-05	3.32352528858713e-05	3.32352528858713e-05	3.32352528858713e-05	3.32352528858713e-05	3.32352528858713e-05	3.32352528858713e-05	3.32352528858713e-05	3.32352528858713e-05	3.32352528858713e-05	3.16342408062187e-05	3.32352528858713e-05	3.32352528858713e-05	1.21201423625847e-05	1.21201423625847e-05	3.32352528858713e-05	3.32352528858713e-05	3.32352528858713e-05	3.32352528858713e-05	6.71195417349785e-05	6.71195417349785e-05	3.32352528858713e-05	3.32352528858713e-05	0.0787849167606605	0.0016806923495442	3.32352528858713e-05	3.32352528858713e-05	0.0787849167606605	1.8630937718958e-05	3.93073612381317e-05	0.00209135116515541	3.32352528858713e-05	3.32352528858713e-05	2.1768093411682e-05	1.8630937718958e-05	2.1768093411682e-05	3.93073612381317e-05	0.00209135116515541	3.32352528858713e-05	3.32352528858713e-05	1.8630937718958e-05	2.1768093411682e-05	3.93073612381317e-05	0.00209135116515541	3.32352528858713e-05	3.32352528858713e-05
PCLZ82	0.00028261697239415	0.000365092838398871	0.000224351738890933	0.000365092838398871	0.000208522565472944	0.000224351738890933	0.00016469164897059	0.000224351738890933	0.00019883422598918	0.000192711682769036	0.000224351738890933	0.000224351738890933	0.000192711682769036	0.000224351738890933	0.000320660906498976	0.000208522565472944	0.000224351738890933	0.000224351738890933	0.00025359559114488	0.000224351738890933	0.000224351738890933	0.000224351738890933	0.00025359559114488	0.00025359559114488	0.000224351738890933	0.00025359559114488	0.000224351738890933	0.000224351738890933	0.000208522565472944	0.000224351738890933	0.000224351738890933	0.000208522565472944	0.0160384671863316	0.000365092838398871	0.000365092838398871	0.0160384671863316	0.0160384671863316	0.0160384671863316	0.0160384671863316	0.0160384671863316	0.0147296157139389	0.0147296157139389	0.0147296157139389	0.0147296157139389	0.0147296157139389	0.0147296157139389	0.0147296157139389	0.0147296157139389	0.0147296157139389	0.13759199395774	0.13759199395774	0.000211962689715453	0.000211962689715453	0.000211962689715453	0.000211962689715453	0.000211962689715453	0.000211962689715453	0.000211962689715453	0.000211962689715453	0.000211962689715453	0.000211962689715453	0.000211962689715453	0.000211962689715453	0.000211962689715453	0.000211962689715453	0.000211962689715453	0.000211962689715453	0.000211962689715453	0.000211962689715453	0.00028261697239415	0.000211962689715453	0.000211962689715453	8.36405904830937e-05	8.36405904830937e-05	0.000211962689715453	0.000211962689715453	0.000211962689715453	0.000211962689715453	0.00029703787037797	0.00029703787037797	0.000211962689715453	0.000211962689715453	0.377668250752824	0.0152020425945896	0.000211962689715453	0.000211962689715453	0.377668250752824	0.000365092838398871	0.000224351738890933	0.0160384671863316	0.000211962689715453	0.000211962689715453	0.000208522565472944	0.000365092838398871	0.000208522565472944	0.000224351738890933	0.0160384671863316	0.000211962689715453	0.000211962689715453	0.000365092838398871	0.000208522565472944	0.000224351738890933	0.0160384671863316	0.000211962689715453	0.000211962689715453
PCLZ83	0.000257136318854396	0.000218845239314059	0.000244812101207494	0.000218845239314059	0.000133562427725186	0.000244812101207494	0.000117269306062844	0.000244812101207494	0.000160979559326985	0.000178699646611908	0.000244812101207494	0.000244812101207494	0.000178699646611908	0.000244812101207494	0.000260037383849932	0.000133562427725186	0.000244812101207494	0.000244812101207494	0.00025607068969531	0.000244812101207494	0.000244812101207494	0.000244812101207494	0.00025607068969531	0.00025607068969531	0.000244812101207494	0.00025607068969531	0.000244812101207494	0.000244812101207494	0.000133562427725186	0.000244812101207494	0.000244812101207494	0.000133562427725186	0.0470678041745463	0.000218845239314059	0.000218845239314059	0.0470678041745463	0.0470678041745463	0.0470678041745463	0.0470678041745463	0.0470678041745463	0.0342924755185712	0.0342924755185712	0.0342924755185712	0.0342924755185712	0.0342924755185712	0.0342924755185712	0.0342924755185712	0.0342924755185712	0.0342924755185712	0.188987291480718	0.188987291480718	0.000470182347251808	0.000470182347251808	0.000470182347251808	0.000470182347251808	0.000470182347251808	0.000470182347251808	0.000470182347251808	0.000470182347251808	0.000470182347251808	0.000470182347251808	0.000470182347251808	0.000470182347251808	0.000470182347251808	0.000470182347251808	0.000470182347251808	0.000470182347251808	0.000470182347251808	0.000470182347251808	0.000257136318854396	0.000470182347251808	0.000470182347251808	8.25725333108359e-05	8.25725333108359e-05	0.000470182347251808	0.000470182347251808	0.000470182347251808	0.000470182347251808	0.000832309532920989	0.000832309532920989	0.000470182347251808	0.000470182347251808	0.613179059395046	0.0158118710797351	0.000470182347251808	0.000470182347251808	0.613179059395046	0.000218845239314059	0.000244812101207494	0.0470678041745463	0.000470182347251808	0.000470182347251808	0.000133562427725186	0.000218845239314059	0.000133562427725186	0.000244812101207494	0.0470678041745463	0.000470182347251808	0.000470182347251808	0.000218845239314059	0.000133562427725186	0.000244812101207494	0.0470678041745463	0.000470182347251808	0.000470182347251808
PCLZ84	6.6796066249298e-06	1.39116707439106e-06	1.20374817644358e-05	1.39116707439106e-06	2.22808899967492e-06	1.20374817644358e-05	1.29394910998146e-06	1.20374817644358e-05	6.70431283388004e-06	7.40807118768015e-06	1.20374817644358e-05	1.20374817644358e-05	7.40807118768015e-06	1.20374817644358e-05	4.01621220733602e-06	2.22808899967492e-06	1.20374817644358e-05	1.20374817644358e-05	1.08049408144522e-05	1.20374817644358e-05	1.20374817644358e-05	1.20374817644358e-05	1.08049408144522e-05	1.08049408144522e-05	1.20374817644358e-05	1.08049408144522e-05	1.20374817644358e-05	1.20374817644358e-05	2.22808899967492e-06	1.20374817644358e-05	1.20374817644358e-05	2.22808899967492e-06	0.00134466153406872	1.39116707439106e-06	1.39116707439106e-06	0.00134466153406872	0.00134466153406872	0.00134466153406872	0.00134466153406872	0.00134466153406872	0.00125601229680926	0.00125601229680926	0.00125601229680926	0.00125601229680926	0.00125601229680926	0.00125601229680926	0.00125601229680926	0.00125601229680926	0.00125601229680926	0.0169618170316268	0.0169618170316268	5.320482192718e-06	5.320482192718e-06	5.320482192718e-06	5.320482192718e-06	5.320482192718e-06	5.320482192718e-06	5.320482192718e-06	5.320482192718e-06	5.320482192718e-06	5.320482192718e-06	5.320482192718e-06	5.320482192718e-06	5.320482192718e-06	5.320482192718e-06	5.320482192718e-06	5.320482192718e-06	5.320482192718e-06	5.320482192718e-06	6.6796066249298e-06	5.320482192718e-06	5.320482192718e-06	8.83010580783713e-06	8.83010580783713e-06	5.320482192718e-06	5.320482192718e-06	5.320482192718e-06	5.320482192718e-06	1.10147239114345e-05	1.10147239114345e-05	5.320482192718e-06	5.320482192718e-06	0.0518913605662588	0.000842516828858235	5.320482192718e-06	5.320482192718e-06	0.0518913605662588	1.39116707439106e-06	1.20374817644358e-05	0.00134466153406872	5.320482192718e-06	5.320482192718e-06	2.22808899967492e-06	1.39116707439106e-06	2.22808899967492e-06	1.20374817644358e-05	0.00134466153406872	5.320482192718e-06	5.320482192718e-06	1.39116707439106e-06	2.22808899967492e-06	1.20374817644358e-05	0.00134466153406872	5.320482192718e-06	5.320482192718e-06
PCLZ85	0.00060127790345903	0.000493834603955761	0.00082067691544788	0.000493834603955761	0.000268088710721491	0.00082067691544788	0.000155769325374245	0.00082067691544788	0.000597113225301232	0.00061151957428542	0.00082067691544788	0.00082067691544788	0.00061151957428542	0.00082067691544788	0.000411203223003962	0.000268088710721491	0.00082067691544788	0.00082067691544788	0.000781327768093522	0.00082067691544788	0.00082067691544788	0.00082067691544788	0.000781327768093522	0.000781327768093522	0.00082067691544788	0.000781327768093522	0.00082067691544788	0.00082067691544788	0.000268088710721491	0.00082067691544788	0.00082067691544788	0.000268088710721491	0.0454616370719074	0.000493834603955761	0.000493834603955761	0.0454616370719074	0.0454616370719074	0.0454616370719074	0.0454616370719074	0.0454616370719074	0.0389169018508352	0.0389169018508352	0.0389169018508352	0.0389169018508352	0.0389169018508352	0.0389169018508352	0.0389169018508352	0.0389169018508352	0.0389169018508352	0.231615071952592	0.231615071952592	0.000559380960584621	0.000559380960584621	0.000559380960584621	0.000559380960584621	0.000559380960584621	0.000559380960584621	0.000559380960584621	0.000559380960584621	0.000559380960584621	0.000559380960584621	0.000559380960584621	0.000559380960584621	0.000559380960584621	0.000559380960584621	0.000559380960584621	0.000559380960584621	0.000559380960584621	0.000559380960584621	0.00060127790345903	0.000559380960584621	0.000559380960584621	0.000507720083712796	0.000507720083712796	0.000559380960584621	0.000559380960584621	0.000559380960584621	0.000559380960584621	0.00070661112539643	0.00070661112539643	0.000559380960584621	0.000559380960584621	0.562889568379768	0.0270316019355471	0.000559380960584621	0.000559380960584621	0.562889568379768	0.000493834603955761	0.00082067691544788	0.0454616370719074	0.000559380960584621	0.000559380960584621	0.000268088710721491	0.000493834603955761	0.000268088710721491	0.00082067691544788	0.0454616370719074	0.000559380960584621	0.000559380960584621	0.000493834603955761	0.000268088710721491	0.00082067691544788	0.0454616370719074	0.000559380960584621	0.000559380960584621
PCLZ87	0.000191349701343409	8.81481123183243e-05	5.83479711495327e-05	8.81481123183243e-05	0.000117890647369202	5.83479711495327e-05	6.49207499310798e-05	5.83479711495327e-05	4.32220020779054e-05	4.57464512372966e-05	5.83479711495327e-05	5.83479711495327e-05	4.57464512372966e-05	5.83479711495327e-05	0.000161549391300773	0.000117890647369202	5.83479711495327e-05	5.83479711495327e-05	5.72950826544226e-05	5.83479711495327e-05	5.83479711495327e-05	5.83479711495327e-05	5.72950826544226e-05	5.72950826544226e-05	5.83479711495327e-05	5.72950826544226e-05	5.83479711495327e-05	5.83479711495327e-05	0.000117890647369202	5.83479711495327e-05	5.83479711495327e-05	0.000117890647369202	0.00646519563741473	8.81481123183243e-05	8.81481123183243e-05	0.00646519563741473	0.00646519563741473	0.00646519563741473	0.00646519563741473	0.00646519563741473	0.00507007733528843	0.00507007733528843	0.00507007733528843	0.00507007733528843	0.00507007733528843	0.00507007733528843	0.00507007733528843	0.00507007733528843	0.00507007733528843	0.0440129155070698	0.0440129155070698	0.000144006934602665	0.000144006934602665	0.000144006934602665	0.000144006934602665	0.000144006934602665	0.000144006934602665	0.000144006934602665	0.000144006934602665	0.000144006934602665	0.000144006934602665	0.000144006934602665	0.000144006934602665	0.000144006934602665	0.000144006934602665	0.000144006934602665	0.000144006934602665	0.000144006934602665	0.000144006934602665	0.000191349701343409	0.000144006934602665	0.000144006934602665	1.96201408191767e-05	1.96201408191767e-05	0.000144006934602665	0.000144006934602665	0.000144006934602665	0.000144006934602665	0.000304484889541726	0.000304484889541726	0.000144006934602665	0.000144006934602665	0.199525088073431	0.00387479979732664	0.000144006934602665	0.000144006934602665	0.199525088073431	8.81481123183243e-05	5.83479711495327e-05	0.00646519563741473	0.000144006934602665	0.000144006934602665	0.000117890647369202	8.81481123183243e-05	0.000117890647369202	5.83479711495327e-05	0.00646519563741473	0.000144006934602665	0.000144006934602665	8.81481123183243e-05	0.000117890647369202	5.83479711495327e-05	0.00646519563741473	0.000144006934602665	0.000144006934602665
PCLZ88	0.00100272313996979	0.00138814681203199	0.000332985516790457	0.00138814681203199	0.000546410539016477	0.000332985516790457	0.000713514512283638	0.000332985516790457	0.000218593364108663	0.000220539914130431	0.000332985516790457	0.000332985516790457	0.000220539914130431	0.000332985516790457	0.000815821241593301	0.000546410539016477	0.000332985516790457	0.000332985516790457	0.000298184258301805	0.000332985516790457	0.000332985516790457	0.000332985516790457	0.000298184258301805	0.000298184258301805	0.000332985516790457	0.000298184258301805	0.000332985516790457	0.000332985516790457	0.000546410539016477	0.000332985516790457	0.000332985516790457	0.000546410539016477	0.0361423315538746	0.00138814681203199	0.00138814681203199	0.0361423315538746	0.0361423315538746	0.0361423315538746	0.0361423315538746	0.0361423315538746	0.0301829781801063	0.0301829781801063	0.0301829781801063	0.0301829781801063	0.0301829781801063	0.0301829781801063	0.0301829781801063	0.0301829781801063	0.0301829781801063	0.139320479345902	0.139320479345902	0.00199908768141738	0.00199908768141738	0.00199908768141738	0.00199908768141738	0.00199908768141738	0.00199908768141738	0.00199908768141738	0.00199908768141738	0.00199908768141738	0.00199908768141738	0.00199908768141738	0.00199908768141738	0.00199908768141738	0.00199908768141738	0.00199908768141738	0.00199908768141738	0.00199908768141738	0.00199908768141738	0.00100272313996979	0.00199908768141738	0.00199908768141738	0.000123606157868328	0.000123606157868328	0.00199908768141738	0.00199908768141738	0.00199908768141738	0.00199908768141738	0.00205767743668853	0.00205767743668853	0.00199908768141738	0.00199908768141738	0.528609308241578	0.0217552340159787	0.00199908768141738	0.00199908768141738	0.528609308241579	0.00138814681203199	0.000332985516790457	0.0361423315538746	0.00199908768141738	0.00199908768141738	0.000546410539016477	0.00138814681203199	0.000546410539016477	0.000332985516790457	0.0361423315538746	0.00199908768141738	0.00199908768141738	0.00138814681203199	0.000546410539016477	0.000332985516790457	0.0361423315538746	0.00199908768141738	0.00199908768141738
PCLZ89	0.0093157618945536	0.0105848987298055	0.00915087428027643	0.0105848987298055	0.00410198178714864	0.00915087428027643	0.00239902342949477	0.00915087428027643	0.00632487934621388	0.005943890206436	0.00915087428027643	0.00915087428027643	0.005943890206436	0.00915087428027643	0.00740143209635211	0.00410198178714864	0.00915087428027643	0.00915087428027643	0.00868114016721404	0.00915087428027643	0.00915087428027643	0.00915087428027643	0.00868114016721404	0.00868114016721404	0.00915087428027643	0.00868114016721404	0.00915087428027643	0.00915087428027643	0.00410198178714864	0.00915087428027643	0.00915087428027643	0.00410198178714864	0.424597161642291	0.0105848987298055	0.0105848987298055	0.424597161642291	0.424597161642291	0.424597161642291	0.424597161642291	0.424597161642291	0.356130177219739	0.356130177219739	0.356130177219739	0.356130177219739	0.356130177219739	0.356130177219739	0.356130177219739	0.356130177219739	0.356130177219739	0.739072240496665	0.739072240496665	0.00814326270729471	0.00814326270729471	0.00814326270729471	0.00814326270729471	0.00814326270729471	0.00814326270729471	0.00814326270729471	0.00814326270729471	0.00814326270729471	0.00814326270729471	0.00814326270729471	0.00814326270729471	0.00814326270729471	0.00814326270729471	0.00814326270729471	0.00814326270729471	0.00814326270729471	0.00814326270729471	0.0093157618945536	0.00814326270729471	0.00814326270729471	0.0041150869550031	0.0041150869550031	0.00814326270729471	0.00814326270729471	0.00814326270729471	0.00814326270729471	0.0109720295406022	0.0109720295406022	0.00814326270729471	0.00814326270729471	0.960847883102995	0.277926950439062	0.00814326270729471	0.00814326270729471	0.960847883102995	0.0105848987298055	0.00915087428027643	0.424597161642291	0.00814326270729471	0.00814326270729471	0.00410198178714864	0.0105848987298055	0.00410198178714864	0.00915087428027643	0.424597161642291	0.00814326270729471	0.00814326270729471	0.0105848987298055	0.00410198178714864	0.00915087428027643	0.424597161642291	0.00814326270729471	0.00814326270729471
PCLZ90	3.49043461886631e-05	2.28521630115835e-05	8.38297436776502e-05	2.28521630115835e-05	2.28847344754412e-05	8.38297436776502e-05	9.46161826561372e-06	8.38297436776502e-05	6.23174092866368e-05	7.16628331456964e-05	8.38297436776502e-05	8.38297436776502e-05	7.16628331456964e-05	8.38297436776502e-05	3.49372136666059e-05	2.28847344754412e-05	8.38297436776502e-05	8.38297436776502e-05	9.21820386048003e-05	8.38297436776502e-05	8.38297436776502e-05	8.38297436776502e-05	9.21820386048003e-05	9.21820386048003e-05	8.38297436776502e-05	9.21820386048003e-05	8.38297436776502e-05	8.38297436776502e-05	2.28847344754412e-05	8.38297436776502e-05	8.38297436776502e-05	2.28847344754412e-05	0.0108833775476061	2.28521630115835e-05	2.28521630115835e-05	0.0108833775476061	0.0108833775476061	0.0108833775476061	0.0108833775476061	0.0108833775476061	0.00990751148216419	0.00990751148216419	0.00990751148216419	0.00990751148216419	0.00990751148216419	0.00990751148216419	0.00990751148216419	0.00990751148216419	0.00990751148216419	0.0733130765153825	0.0733130765153825	3.39367226338595e-05	3.39367226338595e-05	3.39367226338595e-05	3.39367226338595e-05	3.39367226338595e-05	3.39367226338595e-05	3.39367226338595e-05	3.39367226338595e-05	3.39367226338595e-05	3.39367226338595e-05	3.39367226338595e-05	3.39367226338595e-05	3.39367226338595e-05	3.39367226338595e-05	3.39367226338595e-05	3.39367226338595e-05	3.39367226338595e-05	3.39367226338595e-05	3.49043461886631e-05	3.39367226338595e-05	3.39367226338595e-05	2.65056106980955e-05	2.65056106980955e-05	3.39367226338595e-05	3.39367226338595e-05	3.39367226338595e-05	3.39367226338595e-05	8.3302741741702e-05	8.3302741741702e-05	3.39367226338595e-05	3.39367226338595e-05	0.261588510408183	0.00680262173505904	3.39367226338595e-05	3.39367226338595e-05	0.261588510408183	2.28521630115835e-05	8.38297436776502e-05	0.0108833775476061	3.39367226338595e-05	3.39367226338595e-05	2.28847344754412e-05	2.28521630115835e-05	2.28847344754412e-05	8.38297436776502e-05	0.0108833775476061	3.39367226338595e-05	3.39367226338595e-05	2.28521630115835e-05	2.28847344754412e-05	8.38297436776502e-05	0.0108833775476061	3.39367226338595e-05	3.39367226338595e-05
PCLZ91	0.000112641728823101	9.24304183607899e-05	0.000122191599046862	9.24304183607899e-05	6.92726940123328e-05	0.000122191599046862	2.8385959028315e-05	0.000122191599046862	0.000107046193284475	0.000116516280135485	0.000122191599046862	0.000122191599046862	0.000116516280135485	0.000122191599046862	8.95472949124858e-05	6.92726940123328e-05	0.000122191599046862	0.000122191599046862	0.000143627686136976	0.000122191599046862	0.000122191599046862	0.000122191599046862	0.000143627686136976	0.000143627686136976	0.000122191599046862	0.000143627686136976	0.000122191599046862	0.000122191599046862	6.92726940123328e-05	0.000122191599046862	0.000122191599046862	6.92726940123328e-05	0.0124189178208751	9.24304183607899e-05	9.24304183607899e-05	0.0124189178208751	0.0124189178208751	0.0124189178208751	0.0124189178208751	0.0124189178208751	0.00920422413378231	0.00920422413378231	0.00920422413378231	0.00920422413378231	0.00920422413378231	0.00920422413378231	0.00920422413378231	0.00920422413378231	0.00920422413378231	0.10428548171689	0.10428548171689	4.97782917826509e-05	4.97782917826509e-05	4.97782917826509e-05	4.97782917826509e-05	4.97782917826509e-05	4.97782917826509e-05	4.97782917826509e-05	4.97782917826509e-05	4.97782917826509e-05	4.97782917826509e-05	4.97782917826509e-05	4.97782917826509e-05	4.97782917826509e-05	4.97782917826509e-05	4.97782917826509e-05	4.97782917826509e-05	4.97782917826509e-05	4.97782917826509e-05	0.000112641728823101	4.97782917826509e-05	4.97782917826509e-05	6.21500302757002e-05	6.21500302757002e-05	4.97782917826509e-05	4.97782917826509e-05	4.97782917826509e-05	4.97782917826509e-05	0.000178003865264864	0.000178003865264864	4.97782917826509e-05	4.97782917826509e-05	0.151330578036462	0.00735501113813488	4.97782917826509e-05	4.97782917826509e-05	0.151330578036462	9.24304183607899e-05	0.000122191599046862	0.0124189178208751	4.97782917826509e-05	4.97782917826509e-05	6.92726940123328e-05	9.24304183607899e-05	6.92726940123328e-05	0.000122191599046862	0.0124189178208751	4.97782917826509e-05	4.97782917826509e-05	9.24304183607899e-05	6.92726940123328e-05	0.000122191599046862	0.0124189178208751	4.97782917826509e-05	4.97782917826509e-05
PCLZ92	2.99030042255716e-05	1.33167874814315e-05	2.99580128719739e-05	1.33167874814315e-05	1.54415502709978e-05	2.99580128719739e-05	8.69920021637183e-06	2.99580128719739e-05	1.67141811794102e-05	1.98197382861672e-05	2.99580128719739e-05	2.99580128719739e-05	1.98197382861672e-05	2.99580128719739e-05	2.46649723640732e-05	1.54415502709978e-05	2.99580128719739e-05	2.99580128719739e-05	2.68858188071564e-05	2.99580128719739e-05	2.99580128719739e-05	2.99580128719739e-05	2.68858188071564e-05	2.68858188071564e-05	2.99580128719739e-05	2.68858188071564e-05	2.99580128719739e-05	2.99580128719739e-05	1.54415502709978e-05	2.99580128719739e-05	2.99580128719739e-05	1.54415502709978e-05	0.00365774425707266	1.33167874814315e-05	1.33167874814315e-05	0.00365774425707266	0.00365774425707266	0.00365774425707266	0.00365774425707266	0.00365774425707266	0.00312886691013512	0.00312886691013512	0.00312886691013512	0.00312886691013512	0.00312886691013512	0.00312886691013512	0.00312886691013512	0.00312886691013512	0.00312886691013512	0.0251929027239967	0.0251929027239967	1.78777690651075e-05	1.78777690651075e-05	1.78777690651075e-05	1.78777690651075e-05	1.78777690651075e-05	1.78777690651075e-05	1.78777690651075e-05	1.78777690651075e-05	1.78777690651075e-05	1.78777690651075e-05	1.78777690651075e-05	1.78777690651075e-05	1.78777690651075e-05	1.78777690651075e-05	1.78777690651075e-05	1.78777690651075e-05	1.78777690651075e-05	1.78777690651075e-05	2.99030042255716e-05	1.78777690651075e-05	1.78777690651075e-05	1.36545174127567e-05	1.36545174127567e-05	1.78777690651075e-05	1.78777690651075e-05	1.78777690651075e-05	1.78777690651075e-05	4.02404151159815e-05	4.02404151159815e-05	1.78777690651075e-05	1.78777690651075e-05	0.179234747485559	0.00240009217673679	1.78777690651075e-05	1.78777690651075e-05	0.179234747485559	1.33167874814315e-05	2.99580128719739e-05	0.00365774425707266	1.78777690651075e-05	1.78777690651075e-05	1.54415502709978e-05	1.33167874814315e-05	1.54415502709978e-05	2.99580128719739e-05	0.00365774425707266	1.78777690651075e-05	1.78777690651075e-05	1.33167874814315e-05	1.54415502709978e-05	2.99580128719739e-05	0.00365774425707266	1.78777690651075e-05	1.78777690651075e-05
PCLZ94	0.00109251587471595	0.000800697072943805	0.000579889493622982	0.000800697072943805	0.000332369301489265	0.000579889493622982	0.000409952816191071	0.000579889493622982	0.000272498761442371	0.000323531046946991	0.000579889493622982	0.000579889493622982	0.000323531046946991	0.000579889493622982	0.000806720493197918	0.000332369301489265	0.000579889493622982	0.000579889493622982	0.000552669928962613	0.000579889493622982	0.000579889493622982	0.000579889493622982	0.000552669928962613	0.000552669928962613	0.000579889493622982	0.000552669928962613	0.000579889493622982	0.000579889493622982	0.000332369301489265	0.000579889493622982	0.000579889493622982	0.000332369301489265	0.0472780808403143	0.000800697072943805	0.000800697072943805	0.0472780808403143	0.0472780808403143	0.0472780808403143	0.0472780808403143	0.0472780808403143	0.0349818504329178	0.0349818504329178	0.0349818504329178	0.0349818504329178	0.0349818504329178	0.0349818504329178	0.0349818504329178	0.0349818504329178	0.0349818504329178	0.223572407055407	0.223572407055407	0.000899687501051664	0.000899687501051664	0.000899687501051664	0.000899687501051664	0.000899687501051664	0.000899687501051664	0.000899687501051664	0.000899687501051664	0.000899687501051664	0.000899687501051664	0.000899687501051664	0.000899687501051664	0.000899687501051664	0.000899687501051664	0.000899687501051664	0.000899687501051664	0.000899687501051664	0.000899687501051664	0.00109251587471595	0.000899687501051664	0.000899687501051664	0.000219920998437311	0.000219920998437311	0.000899687501051664	0.000899687501051664	0.000899687501051664	0.000899687501051664	0.0010885076407165	0.0010885076407165	0.000899687501051664	0.000899687501051664	0.571121618984156	0.0343818715989309	0.000899687501051664	0.000899687501051664	0.571121618984156	0.000800697072943805	0.000579889493622982	0.0472780808403143	0.000899687501051664	0.000899687501051664	0.000332369301489265	0.000800697072943805	0.000332369301489265	0.000579889493622982	0.0472780808403143	0.000899687501051664	0.000899687501051664	0.000800697072943805	0.000332369301489265	0.000579889493622982	0.0472780808403143	0.000899687501051664	0.000899687501051664
PCLZ95	0.0146841133351715	0.0615276451036287	0.0272174206870124	0.0615276451036287	0.0100845929589519	0.0272174206870124	0.0103313669225202	0.0272174206870124	0.0310703934265221	0.0296436403674566	0.0272174206870124	0.0272174206870124	0.0296436403674566	0.0272174206870124	0.0102174998645271	0.0100845929589519	0.0272174206870124	0.0272174206870124	0.0271622436645743	0.0272174206870124	0.0272174206870124	0.0272174206870124	0.0271622436645743	0.0271622436645743	0.0272174206870124	0.0271622436645743	0.0272174206870124	0.0272174206870124	0.0100845929589519	0.0272174206870124	0.0272174206870124	0.0100845929589519	0.624967826406838	0.0615276451036287	0.0615276451036287	0.624967826406838	0.624967826406838	0.624967826406838	0.624967826406838	0.624967826406838	0.475585491732175	0.475585491732175	0.475585491732175	0.475585491732175	0.475585491732175	0.475585491732175	0.475585491732175	0.475585491732175	0.475585491732175	0.764424821680887	0.764424821680887	0.00777834003435021	0.00777834003435021	0.00777834003435021	0.00777834003435021	0.00777834003435021	0.00777834003435021	0.00777834003435021	0.00777834003435021	0.00777834003435021	0.00777834003435021	0.00777834003435021	0.00777834003435021	0.00777834003435021	0.00777834003435021	0.00777834003435021	0.00777834003435021	0.00777834003435021	0.00777834003435021	0.0146841133351715	0.00777834003435021	0.00777834003435021	0.0191845373462645	0.0191845373462645	0.00777834003435021	0.00777834003435021	0.00777834003435021	0.00777834003435021	0.00976747139991546	0.00976747139991546	0.00777834003435021	0.00777834003435021	0.977489961462732	0.415162857684703	0.00777834003435021	0.00777834003435021	0.977489961462732	0.0615276451036287	0.0272174206870124	0.624967826406838	0.00777834003435021	0.00777834003435021	0.0100845929589519	0.0615276451036287	0.0100845929589519	0.0272174206870124	0.624967826406838	0.00777834003435021	0.00777834003435021	0.0615276451036287	0.0100845929589519	0.0272174206870124	0.624967826406838	0.00777834003435021	0.00777834003435021
PCLZ96	0.000774633654373846	0.000389938941003125	0.000305337760015241	0.000389938941003125	0.000399478844534139	0.000305337760015241	0.000222953424375829	0.000305337760015241	0.00023833493766499	0.000238752314141084	0.000305337760015241	0.000305337760015241	0.000238752314141084	0.000305337760015241	0.000672021090196235	0.000399478844534139	0.000305337760015241	0.000305337760015241	0.000332754100307817	0.000305337760015241	0.000305337760015241	0.000305337760015241	0.000332754100307817	0.000332754100307817	0.000305337760015241	0.000332754100307817	0.000305337760015241	0.000305337760015241	0.000399478844534139	0.000305337760015241	0.000305337760015241	0.000399478844534139	0.0310144605887274	0.000389938941003125	0.000389938941003125	0.0310144605887274	0.0310144605887274	0.0310144605887274	0.0310144605887274	0.0310144605887274	0.0247396593742052	0.0247396593742052	0.0247396593742052	0.0247396593742052	0.0247396593742052	0.0247396593742052	0.0247396593742052	0.0247396593742052	0.0247396593742052	0.193464870904216	0.193464870904216	0.000671953593360751	0.000671953593360751	0.000671953593360751	0.000671953593360751	0.000671953593360751	0.000671953593360751	0.000671953593360751	0.000671953593360751	0.000671953593360751	0.000671953593360751	0.000671953593360751	0.000671953593360751	0.000671953593360751	0.000671953593360751	0.000671953593360751	0.000671953593360751	0.000671953593360751	0.000671953593360751	0.000774633654373846	0.000671953593360751	0.000671953593360751	9.19719666167517e-05	9.19719666167517e-05	0.000671953593360751	0.000671953593360751	0.000671953593360751	0.000671953593360751	0.00126766552349016	0.00126766552349016	0.000671953593360751	0.000671953593360751	0.466673364311268	0.0198072331862378	0.000671953593360751	0.000671953593360751	0.466673364311269	0.000389938941003125	0.000305337760015241	0.0310144605887274	0.000671953593360751	0.000671953593360751	0.000399478844534139	0.000389938941003125	0.000399478844534139	0.000305337760015241	0.0310144605887274	0.000671953593360751	0.000671953593360751	0.000389938941003125	0.000399478844534139	0.000305337760015241	0.0310144605887274	0.000671953593360751	0.000671953593360751
PCLZ97	0.000288415883059114	9.41919711839439e-05	7.80485089023361e-05	9.41919711839439e-05	0.000131836459920351	7.80485089023361e-05	5.78092931374623e-05	7.80485089023361e-05	5.1392637340069e-05	5.38846015113672e-05	7.80485089023361e-05	7.80485089023361e-05	5.38846015113672e-05	7.80485089023361e-05	0.000187373128791605	0.000131836459920351	7.80485089023361e-05	7.80485089023361e-05	6.98891207752065e-05	7.80485089023361e-05	7.80485089023361e-05	7.80485089023361e-05	6.98891207752065e-05	6.98891207752065e-05	7.80485089023361e-05	6.98891207752065e-05	7.80485089023361e-05	7.80485089023361e-05	0.000131836459920351	7.80485089023361e-05	7.80485089023361e-05	0.000131836459920351	0.0100381989193071	9.41919711839439e-05	9.41919711839439e-05	0.0100381989193071	0.0100381989193071	0.0100381989193071	0.0100381989193071	0.0100381989193071	0.00857155784973291	0.00857155784973291	0.00857155784973291	0.00857155784973291	0.00857155784973291	0.00857155784973291	0.00857155784973291	0.00857155784973291	0.00857155784973291	0.076175999241356	0.076175999241356	0.000104265231146001	0.000104265231146001	0.000104265231146001	0.000104265231146001	0.000104265231146001	0.000104265231146001	0.000104265231146001	0.000104265231146001	0.000104265231146001	0.000104265231146001	0.000104265231146001	0.000104265231146001	0.000104265231146001	0.000104265231146001	0.000104265231146001	0.000104265231146001	0.000104265231146001	0.000104265231146001	0.000288415883059114	0.000104265231146001	0.000104265231146001	4.17713030678096e-05	4.17713030678096e-05	0.000104265231146001	0.000104265231146001	0.000104265231146001	0.000104265231146001	0.000361617893095016	0.000361617893095016	0.000104265231146001	0.000104265231146001	0.245574316903301	0.00623831335690246	0.000104265231146001	0.000104265231146001	0.245574316903301	9.41919711839439e-05	7.80485089023361e-05	0.0100381989193071	0.000104265231146001	0.000104265231146001	0.000131836459920351	9.41919711839439e-05	0.000131836459920351	7.80485089023361e-05	0.0100381989193071	0.000104265231146001	0.000104265231146001	9.41919711839439e-05	0.000131836459920351	7.80485089023361e-05	0.0100381989193071	0.000104265231146001	0.000104265231146001
PCLZ98	0.000334969611501131	0.000278069736431005	0.000117134533962178	0.000278069736431005	0.000208086863498742	0.000117134533962178	0.000150245769496481	0.000117134533962178	7.98890533063751e-05	8.84799445136853e-05	0.000117134533962178	0.000117134533962178	8.84799445136853e-05	0.000117134533962178	0.00029938432730348	0.000208086863498742	0.000117134533962178	0.000117134533962178	0.000113013747512099	0.000117134533962178	0.000117134533962178	0.000117134533962178	0.000113013747512099	0.000113013747512099	0.000117134533962178	0.000113013747512099	0.000117134533962178	0.000117134533962178	0.000208086863498742	0.000117134533962178	0.000117134533962178	0.000208086863498742	0.00926810334852494	0.000278069736431005	0.000278069736431005	0.00926810334852494	0.00926810334852494	0.00926810334852494	0.00926810334852494	0.00926810334852494	0.00808103746533241	0.00808103746533241	0.00808103746533241	0.00808103746533241	0.00808103746533241	0.00808103746533241	0.00808103746533241	0.00808103746533241	0.00808103746533241	0.0644143060337064	0.0644143060337064	0.000194884192476894	0.000194884192476894	0.000194884192476894	0.000194884192476894	0.000194884192476894	0.000194884192476894	0.000194884192476894	0.000194884192476894	0.000194884192476894	0.000194884192476894	0.000194884192476894	0.000194884192476894	0.000194884192476894	0.000194884192476894	0.000194884192476894	0.000194884192476894	0.000194884192476894	0.000194884192476894	0.000334969611501131	0.000194884192476894	0.000194884192476894	4.75236742829446e-05	4.75236742829446e-05	0.000194884192476894	0.000194884192476894	0.000194884192476894	0.000194884192476894	0.00036814788243895	0.00036814788243895	0.000194884192476894	0.000194884192476894	0.298070878740832	0.0069403890893085	0.000194884192476894	0.000194884192476894	0.298070878740832	0.000278069736431005	0.000117134533962178	0.00926810334852494	0.000194884192476894	0.000194884192476894	0.000208086863498742	0.000278069736431005	0.000208086863498742	0.000117134533962178	0.00926810334852494	0.000194884192476894	0.000194884192476894	0.000278069736431005	0.000208086863498742	0.000117134533962178	0.00926810334852494	0.000194884192476894	0.000194884192476894
PCLZ99	0.0188663025104191	0.0583561287473187	0.0116000532293653	0.0583561287473187	0.00797325243987118	0.0116000532293653	0.0141875824779737	0.0116000532293653	0.00947113013467063	0.00888231788589162	0.0116000532293653	0.0116000532293653	0.00888231788589162	0.0116000532293653	0.0136649614173855	0.00797325243987118	0.0116000532293653	0.0116000532293653	0.0120186855980809	0.0116000532293653	0.0116000532293653	0.0116000532293653	0.0120186855980809	0.0120186855980809	0.0116000532293653	0.0120186855980809	0.0116000532293653	0.0116000532293653	0.00797325243987118	0.0116000532293653	0.0116000532293653	0.00797325243987118	0.359854143546103	0.0583561287473187	0.0583561287473187	0.359854143546103	0.359854143546103	0.359854143546103	0.359854143546103	0.359854143546103	0.283592370986484	0.283592370986484	0.283592370986484	0.283592370986484	0.283592370986484	0.283592370986484	0.283592370986484	0.283592370986484	0.283592370986484	0.772161099596436	0.772161099596436	0.0213139711788722	0.0213139711788722	0.0213139711788722	0.0213139711788722	0.0213139711788722	0.0213139711788722	0.0213139711788722	0.0213139711788722	0.0213139711788722	0.0213139711788722	0.0213139711788722	0.0213139711788722	0.0213139711788722	0.0213139711788722	0.0213139711788722	0.0213139711788722	0.0213139711788722	0.0213139711788722	0.0188663025104191	0.0213139711788722	0.0213139711788722	0.00279508821714756	0.00279508821714756	0.0213139711788722	0.0213139711788722	0.0213139711788722	0.0213139711788722	0.0158641729786782	0.0158641729786782	0.0213139711788722	0.0213139711788722	0.916738912453027	0.332147141390982	0.0213139711788722	0.0213139711788722	0.916738912453027	0.0583561287473187	0.0116000532293653	0.359854143546103	0.0213139711788722	0.0213139711788722	0.00797325243987118	0.0583561287473187	0.00797325243987118	0.0116000532293653	0.359854143546103	0.0213139711788722	0.0213139711788722	0.0583561287473187	0.00797325243987118	0.0116000532293653	0.359854143546103	0.0213139711788722	0.0213139711788722
PCLZ100	0.000480658633255514	0.000449745703440425	0.000402458781556999	0.000449745703440425	0.00033924645273978	0.000402458781556999	0.000181563798350117	0.000402458781556999	0.000313352853600158	0.000329701433318237	0.000402458781556999	0.000402458781556999	0.000329701433318237	0.000402458781556999	0.000483403388584157	0.00033924645273978	0.000402458781556999	0.000402458781556999	0.00042216942454506	0.000402458781556999	0.000402458781556999	0.000402458781556999	0.00042216942454506	0.00042216942454506	0.000402458781556999	0.00042216942454506	0.000402458781556999	0.000402458781556999	0.00033924645273978	0.000402458781556999	0.000402458781556999	0.00033924645273978	0.0330756422896664	0.000449745703440425	0.000449745703440425	0.0330756422896664	0.0330756422896664	0.0330756422896664	0.0330756422896664	0.0330756422896664	0.0249584524599323	0.0249584524599323	0.0249584524599323	0.0249584524599323	0.0249584524599323	0.0249584524599323	0.0249584524599323	0.0249584524599323	0.0249584524599323	0.116208180024404	0.116208180024404	0.000385632637729157	0.000385632637729157	0.000385632637729157	0.000385632637729157	0.000385632637729157	0.000385632637729157	0.000385632637729157	0.000385632637729157	0.000385632637729157	0.000385632637729157	0.000385632637729157	0.000385632637729157	0.000385632637729157	0.000385632637729157	0.000385632637729157	0.000385632637729157	0.000385632637729157	0.000385632637729157	0.000480658633255514	0.000385632637729157	0.000385632637729157	0.000161907401386295	0.000161907401386295	0.000385632637729157	0.000385632637729157	0.000385632637729157	0.000385632637729157	0.00077997798862078	0.00077997798862078	0.000385632637729157	0.000385632637729157	0.50492804692787	0.0182421700949503	0.000385632637729157	0.000385632637729157	0.50492804692787	0.000449745703440425	0.000402458781556999	0.0330756422896664	0.000385632637729157	0.000385632637729157	0.00033924645273978	0.000449745703440425	0.00033924645273978	0.000402458781556999	0.0330756422896664	0.000385632637729157	0.000385632637729157	0.000449745703440425	0.00033924645273978	0.000402458781556999	0.0330756422896664	0.000385632637729157	0.000385632637729157
PCLZ101	0.000812523464557031	0.000683994090675818	0.00290760075728129	0.000683994090675818	0.0004043163446323	0.00290760075728129	0.000233349310712956	0.00290760075728129	0.00247156789697361	0.0024103037003633	0.00290760075728129	0.00290760075728129	0.0024103037003633	0.00290760075728129	0.000634666551771985	0.0004043163446323	0.00290760075728129	0.00290760075728129	0.00296757002757699	0.00290760075728129	0.00290760075728129	0.00290760075728129	0.00296757002757699	0.00296757002757699	0.00290760075728129	0.00296757002757699	0.00290760075728129	0.00290760075728129	0.0004043163446323	0.00290760075728129	0.00290760075728129	0.0004043163446323	0.194082297971709	0.000683994090675818	0.000683994090675818	0.194082297971709	0.194082297971709	0.194082297971709	0.194082297971709	0.194082297971709	0.146827682297659	0.146827682297659	0.146827682297659	0.146827682297659	0.146827682297659	0.146827682297659	0.146827682297659	0.146827682297659	0.146827682297659	0.653885923679928	0.653885923679928	0.000770326849170419	0.000770326849170419	0.000770326849170419	0.000770326849170419	0.000770326849170419	0.000770326849170419	0.000770326849170419	0.000770326849170419	0.000770326849170419	0.000770326849170419	0.000770326849170419	0.000770326849170419	0.000770326849170419	0.000770326849170419	0.000770326849170419	0.000770326849170419	0.000770326849170419	0.000770326849170419	0.000812523464557031	0.000770326849170419	0.000770326849170419	0.00112953149990646	0.00112953149990646	0.000770326849170419	0.000770326849170419	0.000770326849170419	0.000770326849170419	0.00146201863608718	0.00146201863608718	0.000770326849170419	0.000770326849170419	0.86335167859078	0.0748333699967148	0.000770326849170419	0.000770326849170419	0.86335167859078	0.000683994090675818	0.00290760075728129	0.194082297971709	0.000770326849170419	0.000770326849170419	0.0004043163446323	0.000683994090675818	0.0004043163446323	0.00290760075728129	0.194082297971709	0.000770326849170419	0.000770326849170419	0.000683994090675818	0.0004043163446323	0.00290760075728129	0.194082297971709	0.000770326849170419	0.000770326849170419
PCLZ102	0.000203525341590072	0.000223908206279292	0.000235477425617043	0.000223908206279292	0.000215400401619866	0.000235477425617043	7.84448373972049e-05	0.000235477425617043	0.000248407377706692	0.000240602075620238	0.000235477425617043	0.000235477425617043	0.000240602075620238	0.000235477425617043	0.000272800469555456	0.000215400401619866	0.000235477425617043	0.000235477425617043	0.000293178482515745	0.000235477425617043	0.000235477425617043	0.000235477425617043	0.000293178482515745	0.000293178482515745	0.000235477425617043	0.000293178482515745	0.000235477425617043	0.000235477425617043	0.000215400401619866	0.000235477425617043	0.000235477425617043	0.000215400401619866	0.00775385686461181	0.000223908206279292	0.000223908206279292	0.00775385686461181	0.00775385686461181	0.00775385686461181	0.00775385686461181	0.00775385686461181	0.00650917534462321	0.00650917534462321	0.00650917534462321	0.00650917534462321	0.00650917534462321	0.00650917534462321	0.00650917534462321	0.00650917534462321	0.00650917534462321	0.0551830241160547	0.0551830241160547	0.000149841498659107	0.000149841498659107	0.000149841498659107	0.000149841498659107	0.000149841498659107	0.000149841498659107	0.000149841498659107	0.000149841498659107	0.000149841498659107	0.000149841498659107	0.000149841498659107	0.000149841498659107	0.000149841498659107	0.000149841498659107	0.000149841498659107	0.000149841498659107	0.000149841498659107	0.000149841498659107	0.000203525341590072	0.000149841498659107	0.000149841498659107	0.000112641835873613	0.000112641835873613	0.000149841498659107	0.000149841498659107	0.000149841498659107	0.000149841498659107	0.000346018804449219	0.000346018804449219	0.000149841498659107	0.000149841498659107	0.173470465105237	0.00459008933183781	0.000149841498659107	0.000149841498659107	0.173470465105237	0.000223908206279292	0.000235477425617043	0.00775385686461181	0.000149841498659107	0.000149841498659107	0.000215400401619866	0.000223908206279292	0.000215400401619866	0.000235477425617043	0.00775385686461181	0.000149841498659107	0.000149841498659107	0.000223908206279292	0.000215400401619866	0.000235477425617043	0.00775385686461181	0.000149841498659107	0.000149841498659107
PCLZ103	0.000829163866400324	0.000920480267976068	0.00066465572118907	0.000920480267976068	0.000683166925828887	0.00066465572118907	0.00041976264457476	0.00066465572118907	0.000513394613832957	0.000555383463266322	0.00066465572118907	0.00066465572118907	0.000555383463266322	0.00066465572118907	0.00103467906364212	0.000683166925828887	0.00066465572118907	0.00066465572118907	0.000723893614439288	0.00066465572118907	0.00066465572118907	0.00066465572118907	0.000723893614439288	0.000723893614439288	0.00066465572118907	0.000723893614439288	0.00066465572118907	0.00066465572118907	0.000683166925828887	0.00066465572118907	0.00066465572118907	0.000683166925828887	0.0354002033880773	0.000920480267976068	0.000920480267976068	0.0354002033880773	0.0354002033880773	0.0354002033880773	0.0354002033880773	0.0354002033880773	0.0290293973283366	0.0290293973283366	0.0290293973283366	0.0290293973283366	0.0290293973283366	0.0290293973283366	0.0290293973283366	0.0290293973283366	0.0290293973283366	0.204809733195792	0.204809733195792	0.00106911072887977	0.00106911072887977	0.00106911072887977	0.00106911072887977	0.00106911072887977	0.00106911072887977	0.00106911072887977	0.00106911072887977	0.00106911072887977	0.00106911072887977	0.00106911072887977	0.00106911072887977	0.00106911072887977	0.00106911072887977	0.00106911072887977	0.00106911072887977	0.00106911072887977	0.00106911072887977	0.000829163866400324	0.00106911072887977	0.00106911072887977	0.000166062778486765	0.000166062778486765	0.00106911072887977	0.00106911072887977	0.00106911072887977	0.00106911072887977	0.00217912964633534	0.00217912964633534	0.00106911072887977	0.00106911072887977	0.533248164677543	0.0151745266505436	0.00106911072887977	0.00106911072887977	0.533248164677543	0.000920480267976068	0.00066465572118907	0.0354002033880773	0.00106911072887977	0.00106911072887977	0.000683166925828887	0.000920480267976068	0.000683166925828887	0.00066465572118907	0.0354002033880773	0.00106911072887977	0.00106911072887977	0.000920480267976068	0.000683166925828887	0.00066465572118907	0.0354002033880773	0.00106911072887977	0.00106911072887977
PCLZ104	0.000365914552438892	0.000686007787132149	0.000169394647789224	0.000686007787132149	0.000365857873181829	0.000169394647789224	0.000292956540368741	0.000169394647789224	0.000148421043979849	0.000151194237310452	0.000169394647789224	0.000169394647789224	0.000151194237310452	0.000169394647789224	0.000497468574929526	0.000365857873181829	0.000169394647789224	0.000169394647789224	0.000195622282469435	0.000169394647789224	0.000169394647789224	0.000169394647789224	0.000195622282469435	0.000195622282469435	0.000169394647789224	0.000195622282469435	0.000169394647789224	0.000169394647789224	0.000365857873181829	0.000169394647789224	0.000169394647789224	0.000365857873181829	0.00806532112543575	0.000686007787132149	0.000686007787132149	0.00806532112543575	0.00806532112543575	0.00806532112543575	0.00806532112543575	0.00806532112543575	0.00611503086228339	0.00611503086228339	0.00611503086228339	0.00611503086228339	0.00611503086228339	0.00611503086228339	0.00611503086228339	0.00611503086228339	0.00611503086228339	0.0373909016120658	0.0373909016120658	0.000372743848063434	0.000372743848063434	0.000372743848063434	0.000372743848063434	0.000372743848063434	0.000372743848063434	0.000372743848063434	0.000372743848063434	0.000372743848063434	0.000372743848063434	0.000372743848063434	0.000372743848063434	0.000372743848063434	0.000372743848063434	0.000372743848063434	0.000372743848063434	0.000372743848063434	0.000372743848063434	0.000365914552438892	0.000372743848063434	0.000372743848063434	8.25626642796407e-05	8.25626642796407e-05	0.000372743848063434	0.000372743848063434	0.000372743848063434	0.000372743848063434	0.000549528083289151	0.000549528083289151	0.000372743848063434	0.000372743848063434	0.14429546734434	0.00495297449444789	0.000372743848063434	0.000372743848063434	0.14429546734434	0.000686007787132149	0.000169394647789224	0.00806532112543575	0.000372743848063434	0.000372743848063434	0.000365857873181829	0.000686007787132149	0.000365857873181829	0.000169394647789224	0.00806532112543575	0.000372743848063434	0.000372743848063434	0.000686007787132149	0.000365857873181829	0.000169394647789224	0.00806532112543575	0.000372743848063434	0.000372743848063434
PCLZ105	0.00174343693913922	0.00112930686460887	0.0023745619065355	0.00112930686460887	0.000550241160218759	0.0023745619065355	0.000442078503468393	0.0023745619065355	0.00104420666831504	0.00138547178653237	0.0023745619065355	0.0023745619065355	0.00138547178653237	0.0023745619065355	0.000971815181174346	0.000550241160218759	0.0023745619065355	0.0023745619065355	0.00201982721225092	0.0023745619065355	0.0023745619065355	0.0023745619065355	0.00201982721225092	0.00201982721225092	0.0023745619065355	0.00201982721225092	0.0023745619065355	0.0023745619065355	0.000550241160218759	0.0023745619065355	0.0023745619065355	0.000550241160218759	0.255733070704454	0.00112930686460887	0.00112930686460887	0.255733070704454	0.255733070704454	0.255733070704454	0.255733070704454	0.255733070704454	0.183435689796577	0.183435689796577	0.183435689796577	0.183435689796577	0.183435689796577	0.183435689796577	0.183435689796577	0.183435689796577	0.183435689796577	0.657304288275468	0.657304288275468	0.00168505759559622	0.00168505759559622	0.00168505759559622	0.00168505759559622	0.00168505759559622	0.00168505759559622	0.00168505759559622	0.00168505759559622	0.00168505759559622	0.00168505759559622	0.00168505759559622	0.00168505759559622	0.00168505759559622	0.00168505759559622	0.00168505759559622	0.00168505759559622	0.00168505759559622	0.00168505759559622	0.00174343693913922	0.00168505759559622	0.00168505759559622	0.0012532609713245	0.0012532609713245	0.00168505759559622	0.00168505759559622	0.00168505759559622	0.00168505759559622	0.00271182224089937	0.00271182224089937	0.00168505759559622	0.00168505759559622	0.821910215369539	0.10664919445056	0.00168505759559622	0.00168505759559622	0.821910215369539	0.00112930686460887	0.0023745619065355	0.255733070704454	0.00168505759559622	0.00168505759559622	0.000550241160218759	0.00112930686460887	0.000550241160218759	0.0023745619065355	0.255733070704454	0.00168505759559622	0.00168505759559622	0.00112930686460887	0.000550241160218759	0.0023745619065355	0.255733070704454	0.00168505759559622	0.00168505759559622
PCLZ106	0.000126458257653481	4.4101559237916e-05	0.000204839660159468	4.4101559237916e-05	5.05709239559507e-05	0.000204839660159468	2.38571387900579e-05	0.000204839660159468	0.000134531606110455	0.00014019076241428	0.000204839660159468	0.000204839660159468	0.00014019076241428	0.000204839660159468	7.52870238269868e-05	5.05709239559507e-05	0.000204839660159468	0.000204839660159468	0.000182033968667839	0.000204839660159468	0.000204839660159468	0.000204839660159468	0.000182033968667839	0.000182033968667839	0.000204839660159468	0.000182033968667839	0.000204839660159468	0.000204839660159468	5.05709239559507e-05	0.000204839660159468	0.000204839660159468	5.05709239559507e-05	0.0160762646453837	4.4101559237916e-05	4.4101559237916e-05	0.0160762646453837	0.0160762646453837	0.0160762646453837	0.0160762646453837	0.0160762646453837	0.0146586382094801	0.0146586382094801	0.0146586382094801	0.0146586382094801	0.0146586382094801	0.0146586382094801	0.0146586382094801	0.0146586382094801	0.0146586382094801	0.186950416331799	0.186950416331799	0.000175180616886064	0.000175180616886064	0.000175180616886064	0.000175180616886064	0.000175180616886064	0.000175180616886064	0.000175180616886064	0.000175180616886064	0.000175180616886064	0.000175180616886064	0.000175180616886064	0.000175180616886064	0.000175180616886064	0.000175180616886064	0.000175180616886064	0.000175180616886064	0.000175180616886064	0.000175180616886064	0.000126458257653481	0.000175180616886064	0.000175180616886064	8.92226836546617e-05	8.92226836546617e-05	0.000175180616886064	0.000175180616886064	0.000175180616886064	0.000175180616886064	0.000253651599989944	0.000253651599989944	0.000175180616886064	0.000175180616886064	0.282980421116044	0.00910254454512223	0.000175180616886064	0.000175180616886064	0.282980421116045	4.4101559237916e-05	0.000204839660159468	0.0160762646453837	0.000175180616886064	0.000175180616886064	5.05709239559507e-05	4.4101559237916e-05	5.05709239559507e-05	0.000204839660159468	0.0160762646453837	0.000175180616886064	0.000175180616886064	4.4101559237916e-05	5.05709239559507e-05	0.000204839660159468	0.0160762646453837	0.000175180616886064	0.000175180616886064
PCLZ107	0.000387962230107732	0.000370890219103814	0.000528858201822872	0.000370890219103814	0.000258123081094764	0.000528858201822872	0.00017996957419159	0.000528858201822872	0.000355576284509125	0.000397892955173215	0.000528858201822872	0.000528858201822872	0.000397892955173215	0.000528858201822872	0.000323329433630488	0.000258123081094764	0.000528858201822872	0.000528858201822872	0.000496743536433404	0.000528858201822872	0.000528858201822872	0.000528858201822872	0.000496743536433404	0.000496743536433404	0.000528858201822872	0.000496743536433404	0.000528858201822872	0.000528858201822872	0.000258123081094764	0.000528858201822872	0.000528858201822872	0.000258123081094764	0.0401943739152517	0.000370890219103814	0.000370890219103814	0.0401943739152517	0.0401943739152517	0.0401943739152517	0.0401943739152517	0.0401943739152517	0.0325074993361723	0.0325074993361723	0.0325074993361723	0.0325074993361723	0.0325074993361723	0.0325074993361723	0.0325074993361723	0.0325074993361723	0.0325074993361723	0.24179784699337	0.24179784699337	0.000411066482516771	0.000411066482516771	0.000411066482516771	0.000411066482516771	0.000411066482516771	0.000411066482516771	0.000411066482516771	0.000411066482516771	0.000411066482516771	0.000411066482516771	0.000411066482516771	0.000411066482516771	0.000411066482516771	0.000411066482516771	0.000411066482516771	0.000411066482516771	0.000411066482516771	0.000411066482516771	0.000387962230107732	0.000411066482516771	0.000411066482516771	0.000180713142098283	0.000180713142098283	0.000411066482516771	0.000411066482516771	0.000411066482516771	0.000411066482516771	0.000697678384394735	0.000697678384394735	0.000411066482516771	0.000411066482516771	0.520476919925314	0.0255076117490699	0.000411066482516771	0.000411066482516771	0.520476919925315	0.000370890219103814	0.000528858201822872	0.0401943739152517	0.000411066482516771	0.000411066482516771	0.000258123081094764	0.000370890219103814	0.000258123081094764	0.000528858201822872	0.0401943739152517	0.000411066482516771	0.000411066482516771	0.000370890219103814	0.000258123081094764	0.000528858201822872	0.0401943739152517	0.000411066482516771	0.000411066482516771
PCLZ108	0.000147589090925636	0.000133012464620042	0.00021937318103959	0.000133012464620042	0.000127949076643356	0.00021937318103959	6.83715963190155e-05	0.00021937318103959	0.000172116502362468	0.000186508301669053	0.00021937318103959	0.00021937318103959	0.000186508301669053	0.00021937318103959	0.000207592445977724	0.000127949076643356	0.00021937318103959	0.00021937318103959	0.000243822568821724	0.00021937318103959	0.00021937318103959	0.00021937318103959	0.000243822568821724	0.000243822568821724	0.00021937318103959	0.000243822568821724	0.00021937318103959	0.00021937318103959	0.000127949076643356	0.00021937318103959	0.00021937318103959	0.000127949076643356	0.0177997575245787	0.000133012464620042	0.000133012464620042	0.0177997575245787	0.0177997575245787	0.0177997575245787	0.0177997575245787	0.0177997575245787	0.0152697708327432	0.0152697708327432	0.0152697708327432	0.0152697708327432	0.0152697708327432	0.0152697708327432	0.0152697708327432	0.0152697708327432	0.0152697708327432	0.0552131927235658	0.0552131927235658	0.000225653428459293	0.000225653428459293	0.000225653428459293	0.000225653428459293	0.000225653428459293	0.000225653428459293	0.000225653428459293	0.000225653428459293	0.000225653428459293	0.000225653428459293	0.000225653428459293	0.000225653428459293	0.000225653428459293	0.000225653428459293	0.000225653428459293	0.000225653428459293	0.000225653428459293	0.000225653428459293	0.000147589090925636	0.000225653428459293	0.000225653428459293	8.31455602703015e-05	8.31455602703015e-05	0.000225653428459293	0.000225653428459293	0.000225653428459293	0.000225653428459293	0.000474672774910181	0.000474672774910181	0.000225653428459293	0.000225653428459293	0.37124136672011	0.00804498563180952	0.000225653428459293	0.000225653428459293	0.37124136672011	0.000133012464620042	0.00021937318103959	0.0177997575245787	0.000225653428459293	0.000225653428459293	0.000127949076643356	0.000133012464620042	0.000127949076643356	0.00021937318103959	0.0177997575245787	0.000225653428459293	0.000225653428459293	0.000133012464620042	0.000127949076643356	0.00021937318103959	0.0177997575245787	0.000225653428459293	0.000225653428459293
PCLZ109	6.3031619008328e-05	8.15174436087427e-05	0.000138462657810279	8.15174436087427e-05	3.05634375215867e-05	0.000138462657810279	3.22293505432269e-05	0.000138462657810279	0.000103429006719646	0.000100285801389585	0.000138462657810279	0.000138462657810279	0.000100285801389585	0.000138462657810279	4.55789867207516e-05	3.05634375215867e-05	0.000138462657810279	0.000138462657810279	0.00013347953411239	0.000138462657810279	0.000138462657810279	0.000138462657810279	0.00013347953411239	0.00013347953411239	0.000138462657810279	0.00013347953411239	0.000138462657810279	0.000138462657810279	3.05634375215867e-05	0.000138462657810279	0.000138462657810279	3.05634375215867e-05	0.00888076163662518	8.15174436087427e-05	8.15174436087427e-05	0.00888076163662518	0.00888076163662518	0.00888076163662518	0.00888076163662518	0.00888076163662518	0.0074343870264679	0.0074343870264679	0.0074343870264679	0.0074343870264679	0.0074343870264679	0.0074343870264679	0.0074343870264679	0.0074343870264679	0.0074343870264679	0.0734137246712229	0.0734137246712229	0.00010261453549965	0.00010261453549965	0.00010261453549965	0.00010261453549965	0.00010261453549965	0.00010261453549965	0.00010261453549965	0.00010261453549965	0.00010261453549965	0.00010261453549965	0.00010261453549965	0.00010261453549965	0.00010261453549965	0.00010261453549965	0.00010261453549965	0.00010261453549965	0.00010261453549965	0.00010261453549965	6.3031619008328e-05	0.00010261453549965	0.00010261453549965	6.86979243541362e-05	6.86979243541362e-05	0.00010261453549965	0.00010261453549965	0.00010261453549965	0.00010261453549965	9.29751814958449e-05	9.29751814958449e-05	0.00010261453549965	0.00010261453549965	0.196018097778928	0.00671697013536427	0.00010261453549965	0.00010261453549965	0.196018097778928	8.15174436087427e-05	0.000138462657810279	0.00888076163662518	0.00010261453549965	0.00010261453549965	3.05634375215867e-05	8.15174436087427e-05	3.05634375215867e-05	0.000138462657810279	0.00888076163662518	0.00010261453549965	0.00010261453549965	8.15174436087427e-05	3.05634375215867e-05	0.000138462657810279	0.00888076163662518	0.00010261453549965	0.00010261453549965
PCLZ110	0.0030980750662017	0.00674665701382069	0.00136040439274432	0.00674665701382069	0.00207239842225048	0.00136040439274432	0.00247126747401094	0.00136040439274432	0.00101803165672063	0.00108148234912409	0.00136040439274432	0.00136040439274432	0.00108148234912409	0.00136040439274432	0.00302959022649714	0.00207239842225048	0.00136040439274432	0.00136040439274432	0.001405014921982	0.00136040439274432	0.00136040439274432	0.00136040439274432	0.001405014921982	0.001405014921982	0.00136040439274432	0.001405014921982	0.00136040439274432	0.00136040439274432	0.00207239842225048	0.00136040439274432	0.00136040439274432	0.00207239842225048	0.0900887386840789	0.00674665701382069	0.00674665701382069	0.0900887386840789	0.0900887386840789	0.0900887386840789	0.0900887386840789	0.0900887386840789	0.0690018071421915	0.0690018071421915	0.0690018071421915	0.0690018071421915	0.0690018071421915	0.0690018071421915	0.0690018071421915	0.0690018071421915	0.0690018071421915	0.327822560241855	0.327822560241855	0.00481911376731748	0.00481911376731748	0.00481911376731748	0.00481911376731748	0.00481911376731748	0.00481911376731748	0.00481911376731748	0.00481911376731748	0.00481911376731748	0.00481911376731748	0.00481911376731748	0.00481911376731748	0.00481911376731748	0.00481911376731748	0.00481911376731748	0.00481911376731748	0.00481911376731748	0.00481911376731748	0.0030980750662017	0.00481911376731748	0.00481911376731748	0.000397351351525859	0.000397351351525859	0.00481911376731748	0.00481911376731748	0.00481911376731748	0.00481911376731748	0.00568867106064886	0.00568867106064886	0.00481911376731748	0.00481911376731748	0.720525273452533	0.04889206397531	0.00481911376731748	0.00481911376731748	0.720525273452534	0.00674665701382069	0.00136040439274432	0.0900887386840789	0.00481911376731748	0.00481911376731748	0.00207239842225048	0.00674665701382069	0.00207239842225048	0.00136040439274432	0.0900887386840789	0.00481911376731748	0.00481911376731748	0.00674665701382069	0.00207239842225048	0.00136040439274432	0.0900887386840789	0.00481911376731748	0.00481911376731748
PCLZ111	0.00114733925493954	0.0013359840132095	0.000542476517059544	0.0013359840132095	0.000726833649732482	0.000542476517059544	0.000665725592931758	0.000542476517059544	0.000383664427411192	0.000384234451695762	0.000542476517059544	0.000542476517059544	0.000384234451695762	0.000542476517059544	0.000987851695430482	0.000726833649732482	0.000542476517059544	0.000542476517059544	0.000487932996095394	0.000542476517059544	0.000542476517059544	0.000542476517059544	0.000487932996095394	0.000487932996095394	0.000542476517059544	0.000487932996095394	0.000542476517059544	0.000542476517059544	0.000726833649732482	0.000542476517059544	0.000542476517059544	0.000726833649732482	0.0206389696541808	0.0013359840132095	0.0013359840132095	0.0206389696541808	0.0206389696541808	0.0206389696541808	0.0206389696541808	0.0206389696541808	0.0176435445840278	0.0176435445840278	0.0176435445840278	0.0176435445840278	0.0176435445840278	0.0176435445840278	0.0176435445840278	0.0176435445840278	0.0176435445840278	0.168443979757946	0.168443979757946	0.00186193390441373	0.00186193390441373	0.00186193390441373	0.00186193390441373	0.00186193390441373	0.00186193390441373	0.00186193390441373	0.00186193390441373	0.00186193390441373	0.00186193390441373	0.00186193390441373	0.00186193390441373	0.00186193390441373	0.00186193390441373	0.00186193390441373	0.00186193390441373	0.00186193390441373	0.00186193390441373	0.00114733925493954	0.00186193390441373	0.00186193390441373	0.000199940340664199	0.000199940340664199	0.00186193390441373	0.00186193390441373	0.00186193390441373	0.00186193390441373	0.0017304161049662	0.0017304161049662	0.00186193390441373	0.00186193390441373	0.407133088774266	0.0125510460589751	0.00186193390441373	0.00186193390441373	0.407133088774267	0.0013359840132095	0.000542476517059544	0.0206389696541808	0.00186193390441373	0.00186193390441373	0.000726833649732482	0.0013359840132095	0.000726833649732482	0.000542476517059544	0.0206389696541808	0.00186193390441373	0.00186193390441373	0.0013359840132095	0.000726833649732482	0.000542476517059544	0.0206389696541808	0.00186193390441373	0.00186193390441373
PCLZ112	0.00366989140444515	0.00559668559443398	0.00147060238747523	0.00559668559443398	0.00312103785932627	0.00147060238747523	0.00156807816834537	0.00147060238747523	0.00115929572295142	0.00109992410392968	0.00147060238747523	0.00147060238747523	0.00109992410392968	0.00147060238747523	0.00471927005290968	0.00312103785932627	0.00147060238747523	0.00147060238747523	0.00150096660042752	0.00147060238747523	0.00147060238747523	0.00147060238747523	0.00150096660042752	0.00150096660042752	0.00147060238747523	0.00150096660042752	0.00147060238747523	0.00147060238747523	0.00312103785932627	0.00147060238747523	0.00147060238747523	0.00312103785932627	0.0789128516668175	0.00559668559443398	0.00559668559443398	0.0789128516668175	0.0789128516668175	0.0789128516668175	0.0789128516668175	0.0789128516668175	0.0689825322741945	0.0689825322741945	0.0689825322741945	0.0689825322741945	0.0689825322741945	0.0689825322741945	0.0689825322741945	0.0689825322741945	0.0689825322741945	0.142846451398085	0.142846451398085	0.00543966323804069	0.00543966323804069	0.00543966323804069	0.00543966323804069	0.00543966323804069	0.00543966323804069	0.00543966323804069	0.00543966323804069	0.00543966323804069	0.00543966323804069	0.00543966323804069	0.00543966323804069	0.00543966323804069	0.00543966323804069	0.00543966323804069	0.00543966323804069	0.00543966323804069	0.00543966323804069	0.00366989140444515	0.00543966323804069	0.00543966323804069	0.000481197151380425	0.000481197151380425	0.00543966323804069	0.00543966323804069	0.00543966323804069	0.00543966323804069	0.0104969680618834	0.0104969680618834	0.00543966323804069	0.00543966323804069	0.754234054673925	0.0439280806461074	0.00543966323804069	0.00543966323804069	0.754234054673925	0.00559668559443398	0.00147060238747523	0.0789128516668175	0.00543966323804069	0.00543966323804069	0.00312103785932627	0.00559668559443398	0.00312103785932627	0.00147060238747523	0.0789128516668175	0.00543966323804069	0.00543966323804069	0.00559668559443398	0.00312103785932627	0.00147060238747523	0.0789128516668175	0.00543966323804069	0.00543966323804069
PCLZ113	0.000609748389683159	0.000826220126682051	0.000317970824985823	0.000826220126682051	0.000512699778319747	0.000317970824985823	0.000376812591269965	0.000317970824985823	0.000292718566161194	0.000290233150687887	0.000317970824985823	0.000317970824985823	0.000290233150687887	0.000317970824985823	0.000552984913885864	0.000512699778319747	0.000317970824985823	0.000317970824985823	0.000322046209162913	0.000317970824985823	0.000317970824985823	0.000317970824985823	0.000322046209162913	0.000322046209162913	0.000317970824985823	0.000322046209162913	0.000317970824985823	0.000317970824985823	0.000512699778319747	0.000317970824985823	0.000317970824985823	0.000512699778319747	0.018248961017767	0.000826220126682051	0.000826220126682051	0.018248961017767	0.018248961017767	0.018248961017767	0.018248961017767	0.018248961017767	0.0147047045289258	0.0147047045289258	0.0147047045289258	0.0147047045289258	0.0147047045289258	0.0147047045289258	0.0147047045289258	0.0147047045289258	0.0147047045289258	0.112714746698555	0.112714746698555	0.00058979740589912	0.00058979740589912	0.00058979740589912	0.00058979740589912	0.00058979740589912	0.00058979740589912	0.00058979740589912	0.00058979740589912	0.00058979740589912	0.00058979740589912	0.00058979740589912	0.00058979740589912	0.00058979740589912	0.00058979740589912	0.00058979740589912	0.00058979740589912	0.00058979740589912	0.00058979740589912	0.000609748389683159	0.00058979740589912	0.00058979740589912	0.000120649438137589	0.000120649438137589	0.00058979740589912	0.00058979740589912	0.00058979740589912	0.00058979740589912	0.000876804622085887	0.000876804622085887	0.00058979740589912	0.00058979740589912	0.421227908760579	0.0112991863813864	0.00058979740589912	0.00058979740589912	0.421227908760579	0.000826220126682051	0.000317970824985823	0.018248961017767	0.00058979740589912	0.00058979740589912	0.000512699778319747	0.000826220126682051	0.000512699778319747	0.000317970824985823	0.018248961017767	0.00058979740589912	0.00058979740589912	0.000826220126682051	0.000512699778319747	0.000317970824985823	0.018248961017767	0.00058979740589912	0.00058979740589912
PCLZ114	0.000412517181124604	0.00031150967898824	0.000151968352346727	0.00031150967898824	0.000178065941961198	0.000151968352346727	0.000130208447153213	0.000151968352346727	0.000114332769660019	0.000114928589050812	0.000151968352346727	0.000151968352346727	0.000114928589050812	0.000151968352346727	0.0002402294931645	0.000178065941961198	0.000151968352346727	0.000151968352346727	0.000148834508086208	0.000151968352346727	0.000151968352346727	0.000151968352346727	0.000148834508086208	0.000148834508086208	0.000151968352346727	0.000148834508086208	0.000151968352346727	0.000151968352346727	0.000178065941961198	0.000151968352346727	0.000151968352346727	0.000178065941961198	0.0247407192055648	0.00031150967898824	0.00031150967898824	0.0247407192055648	0.0247407192055648	0.0247407192055648	0.0247407192055648	0.0247407192055648	0.0189986720002989	0.0189986720002989	0.0189986720002989	0.0189986720002989	0.0189986720002989	0.0189986720002989	0.0189986720002989	0.0189986720002989	0.0189986720002989	0.181213711071672	0.181213711071672	0.000609186641347845	0.000609186641347845	0.000609186641347845	0.000609186641347845	0.000609186641347845	0.000609186641347845	0.000609186641347845	0.000609186641347845	0.000609186641347845	0.000609186641347845	0.000609186641347845	0.000609186641347845	0.000609186641347845	0.000609186641347845	0.000609186641347845	0.000609186641347845	0.000609186641347845	0.000609186641347845	0.000412517181124604	0.000609186641347845	0.000609186641347845	8.08447230142464e-05	8.08447230142464e-05	0.000609186641347845	0.000609186641347845	0.000609186641347845	0.000609186641347845	0.000872093786553918	0.000872093786553918	0.000609186641347845	0.000609186641347845	0.388848354431159	0.0114497980021182	0.000609186641347845	0.000609186641347845	0.388848354431159	0.00031150967898824	0.000151968352346727	0.0247407192055648	0.000609186641347845	0.000609186641347845	0.000178065941961198	0.00031150967898824	0.000178065941961198	0.000151968352346727	0.0247407192055648	0.000609186641347845	0.000609186641347845	0.00031150967898824	0.000178065941961198	0.000151968352346727	0.0247407192055648	0.000609186641347845	0.000609186641347845
PCLZ115	0.00115468820352981	0.00488842195401292	0.00153695862465774	0.00488842195401292	0.0012786694005411	0.00153695862465774	0.00123556265878613	0.00153695862465774	0.00170039748210107	0.00151724396140329	0.00153695862465774	0.00153695862465774	0.00151724396140329	0.00153695862465774	0.00127700556784146	0.0012786694005411	0.00153695862465774	0.00153695862465774	0.00153805123430906	0.00153695862465774	0.00153695862465774	0.00153695862465774	0.00153805123430906	0.00153805123430906	0.00153695862465774	0.00153805123430906	0.00153695862465774	0.00153695862465774	0.0012786694005411	0.00153695862465774	0.00153695862465774	0.0012786694005411	0.111504008743087	0.00488842195401292	0.00488842195401292	0.111504008743087	0.111504008743087	0.111504008743087	0.111504008743087	0.111504008743087	0.082691789521169	0.082691789521169	0.082691789521169	0.082691789521169	0.082691789521169	0.082691789521169	0.082691789521169	0.082691789521169	0.082691789521169	0.323727976913977	0.323727976913977	0.00372366618088344	0.00372366618088344	0.00372366618088344	0.00372366618088344	0.00372366618088344	0.00372366618088344	0.00372366618088344	0.00372366618088344	0.00372366618088344	0.00372366618088344	0.00372366618088344	0.00372366618088344	0.00372366618088344	0.00372366618088344	0.00372366618088344	0.00372366618088344	0.00372366618088344	0.00372366618088344	0.00115468820352981	0.00372366618088344	0.00372366618088344	0.000375931675193366	0.000375931675193366	0.00372366618088344	0.00372366618088344	0.00372366618088344	0.00372366618088344	0.00423807949065025	0.00423807949065025	0.00372366618088344	0.00372366618088344	0.868453711508939	0.0456573670657592	0.00372366618088344	0.00372366618088344	0.868453711508939	0.00488842195401292	0.00153695862465774	0.111504008743087	0.00372366618088344	0.00372366618088344	0.0012786694005411	0.00488842195401292	0.0012786694005411	0.00153695862465774	0.111504008743087	0.00372366618088344	0.00372366618088344	0.00488842195401292	0.0012786694005411	0.00153695862465774	0.111504008743087	0.00372366618088344	0.00372366618088344
PCLZ116	0.00215782963792536	0.00303051641767532	0.000769256371576229	0.00303051641767532	0.00123865585095298	0.000769256371576229	0.000949438998735995	0.000769256371576229	0.000732157608868216	0.000651251214332425	0.000769256371576229	0.000769256371576229	0.000651251214332425	0.000769256371576229	0.00154947935249184	0.00123865585095298	0.000769256371576229	0.000769256371576229	0.000805605035070666	0.000769256371576229	0.000769256371576229	0.000769256371576229	0.000805605035070666	0.000805605035070666	0.000769256371576229	0.000805605035070666	0.000769256371576229	0.000769256371576229	0.00123865585095298	0.000769256371576229	0.000769256371576229	0.00123865585095298	0.025398020986948	0.00303051641767532	0.00303051641767532	0.025398020986948	0.025398020986948	0.025398020986948	0.025398020986948	0.025398020986948	0.02279663632299	0.02279663632299	0.02279663632299	0.02279663632299	0.02279663632299	0.02279663632299	0.02279663632299	0.02279663632299	0.02279663632299	0.20692522415663	0.20692522415663	0.0029555485890496	0.0029555485890496	0.0029555485890496	0.0029555485890496	0.0029555485890496	0.0029555485890496	0.0029555485890496	0.0029555485890496	0.0029555485890496	0.0029555485890496	0.0029555485890496	0.0029555485890496	0.0029555485890496	0.0029555485890496	0.0029555485890496	0.0029555485890496	0.0029555485890496	0.0029555485890496	0.00215782963792536	0.0029555485890496	0.0029555485890496	0.000339237267759491	0.000339237267759491	0.0029555485890496	0.0029555485890496	0.0029555485890496	0.0029555485890496	0.0027117195680954	0.0027117195680954	0.0029555485890496	0.0029555485890496	0.371761451360631	0.0183483806595276	0.0029555485890496	0.0029555485890496	0.371761451360631	0.00303051641767532	0.000769256371576229	0.025398020986948	0.0029555485890496	0.0029555485890496	0.00123865585095298	0.00303051641767532	0.00123865585095298	0.000769256371576229	0.025398020986948	0.0029555485890496	0.0029555485890496	0.00303051641767532	0.00123865585095298	0.000769256371576229	0.025398020986948	0.0029555485890496	0.0029555485890496
PCLZ117	0.000192455904803507	0.000493484911751577	0.000264201304843189	0.000493484911751577	0.000266028098365767	0.000264201304843189	0.000182655996895517	0.000264201304843189	0.000311592670308387	0.000324150927599495	0.000264201304843189	0.000264201304843189	0.000324150927599495	0.000264201304843189	0.000209897557806056	0.000266028098365767	0.000264201304843189	0.000264201304843189	0.000293577118139176	0.000264201304843189	0.000264201304843189	0.000264201304843189	0.000293577118139176	0.000293577118139176	0.000264201304843189	0.000293577118139176	0.000264201304843189	0.000264201304843189	0.000266028098365767	0.000264201304843189	0.000264201304843189	0.000266028098365767	0.013254477405175	0.000493484911751577	0.000493484911751577	0.013254477405175	0.013254477405175	0.013254477405175	0.013254477405175	0.013254477405175	0.0116073986608533	0.0116073986608533	0.0116073986608533	0.0116073986608533	0.0116073986608533	0.0116073986608533	0.0116073986608533	0.0116073986608533	0.0116073986608533	0.0876532123068665	0.0876532123068665	0.000247614781559085	0.000247614781559085	0.000247614781559085	0.000247614781559085	0.000247614781559085	0.000247614781559085	0.000247614781559085	0.000247614781559085	0.000247614781559085	0.000247614781559085	0.000247614781559085	0.000247614781559085	0.000247614781559085	0.000247614781559085	0.000247614781559085	0.000247614781559085	0.000247614781559085	0.000247614781559085	0.000192455904803507	0.000247614781559085	0.000247614781559085	0.00010986205420915	0.00010986205420915	0.000247614781559085	0.000247614781559085	0.000247614781559085	0.000247614781559085	0.00039102049648497	0.00039102049648497	0.000247614781559085	0.000247614781559085	0.254460512811655	0.00727195198319767	0.000247614781559085	0.000247614781559085	0.254460512811655	0.000493484911751577	0.000264201304843189	0.013254477405175	0.000247614781559085	0.000247614781559085	0.000266028098365767	0.000493484911751577	0.000266028098365767	0.000264201304843189	0.013254477405175	0.000247614781559085	0.000247614781559085	0.000493484911751577	0.000266028098365767	0.000264201304843189	0.013254477405175	0.000247614781559085	0.000247614781559085
PCLZ118	0.00252488835825696	0.0018658993281216	0.00078325835458937	0.0018658993281216	0.00124419500446192	0.00078325835458937	0.000973024353003923	0.00078325835458937	0.000427246642408905	0.000514125708661423	0.00078325835458937	0.00078325835458937	0.000514125708661423	0.00078325835458937	0.00228798955134692	0.00124419500446192	0.00078325835458937	0.00078325835458937	0.000744751005891657	0.00078325835458937	0.00078325835458937	0.00078325835458937	0.000744751005891657	0.000744751005891657	0.00078325835458937	0.000744751005891657	0.00078325835458937	0.00078325835458937	0.00124419500446192	0.00078325835458937	0.00078325835458937	0.00124419500446192	0.122879329825009	0.0018658993281216	0.0018658993281216	0.122879329825009	0.122879329825009	0.122879329825009	0.122879329825009	0.122879329825009	0.0912835524619312	0.0912835524619312	0.0912835524619312	0.0912835524619312	0.0912835524619312	0.0912835524619312	0.0912835524619312	0.0912835524619312	0.0912835524619312	0.286467407388385	0.286467407388385	0.00412676881560462	0.00412676881560462	0.00412676881560462	0.00412676881560462	0.00412676881560462	0.00412676881560462	0.00412676881560462	0.00412676881560462	0.00412676881560462	0.00412676881560462	0.00412676881560462	0.00412676881560462	0.00412676881560462	0.00412676881560462	0.00412676881560462	0.00412676881560462	0.00412676881560462	0.00412676881560462	0.00252488835825696	0.00412676881560462	0.00412676881560462	0.000229307971728643	0.000229307971728643	0.00412676881560462	0.00412676881560462	0.00412676881560462	0.00412676881560462	0.00822170894100855	0.00822170894100855	0.00412676881560462	0.00412676881560462	0.789095176441182	0.0423489671614783	0.00412676881560462	0.00412676881560462	0.789095176441182	0.0018658993281216	0.00078325835458937	0.122879329825009	0.00412676881560462	0.00412676881560462	0.00124419500446192	0.0018658993281216	0.00124419500446192	0.00078325835458937	0.122879329825009	0.00412676881560462	0.00412676881560462	0.0018658993281216	0.00124419500446192	0.00078325835458937	0.122879329825009	0.00412676881560462	0.00412676881560462
PCLZ119	0.00189850881847084	0.000844115573329709	0.000968976673026016	0.000844115573329709	0.000684696482351434	0.000968976673026016	0.00034355201648718	0.000968976673026016	0.00057617956631281	0.000637558915558858	0.000968976673026016	0.000968976673026016	0.000637558915558858	0.000968976673026016	0.00100932299279622	0.000684696482351434	0.000968976673026016	0.000968976673026016	0.000856052007802618	0.000968976673026016	0.000968976673026016	0.000968976673026016	0.000856052007802618	0.000856052007802618	0.000968976673026016	0.000856052007802618	0.000968976673026016	0.000968976673026016	0.000684696482351434	0.000968976673026016	0.000968976673026016	0.000684696482351434	0.052176633283704	0.000844115573329709	0.000844115573329709	0.052176633283704	0.052176633283704	0.052176633283704	0.052176633283704	0.052176633283704	0.0537753222936524	0.0537753222936524	0.0537753222936524	0.0537753222936524	0.0537753222936524	0.0537753222936524	0.0537753222936524	0.0537753222936524	0.0537753222936524	0.3999444976591	0.3999444976591	0.00146258971772442	0.00146258971772442	0.00146258971772442	0.00146258971772442	0.00146258971772442	0.00146258971772442	0.00146258971772442	0.00146258971772442	0.00146258971772442	0.00146258971772442	0.00146258971772442	0.00146258971772442	0.00146258971772442	0.00146258971772442	0.00146258971772442	0.00146258971772442	0.00146258971772442	0.00146258971772442	0.00189850881847084	0.00146258971772442	0.00146258971772442	0.000488912559187647	0.000488912559187647	0.00146258971772442	0.00146258971772442	0.00146258971772442	0.00146258971772442	0.00183259742676619	0.00183259742676619	0.00146258971772442	0.00146258971772442	0.532055749316726	0.0502779429598635	0.00146258971772442	0.00146258971772442	0.532055749316726	0.000844115573329709	0.000968976673026016	0.052176633283704	0.00146258971772442	0.00146258971772442	0.000684696482351434	0.000844115573329709	0.000684696482351434	0.000968976673026016	0.052176633283704	0.00146258971772442	0.00146258971772442	0.000844115573329709	0.000684696482351434	0.000968976673026016	0.052176633283704	0.00146258971772442	0.00146258971772442
PCLZ121	0.00513647922854793	0.00726945062521767	0.00802599293132596	0.00726945062521767	0.00363067735429618	0.00802599293132596	0.00217204750530696	0.00802599293132596	0.00607585366070962	0.00629055188835806	0.00802599293132596	0.00802599293132596	0.00629055188835806	0.00802599293132596	0.00538065122087331	0.00363067735429618	0.00802599293132596	0.00802599293132596	0.0082346406798277	0.00802599293132596	0.00802599293132596	0.00802599293132596	0.0082346406798277	0.0082346406798277	0.00802599293132596	0.0082346406798277	0.00802599293132596	0.00802599293132596	0.00363067735429618	0.00802599293132596	0.00802599293132596	0.00363067735429618	0.261721724466771	0.00726945062521767	0.00726945062521767	0.261721724466771	0.261721724466771	0.261721724466771	0.261721724466771	0.261721724466771	0.228436002494023	0.228436002494023	0.228436002494023	0.228436002494023	0.228436002494023	0.228436002494023	0.228436002494023	0.228436002494023	0.228436002494023	0.563829298318839	0.563829298318839	0.00502152797139677	0.00502152797139677	0.00502152797139677	0.00502152797139677	0.00502152797139677	0.00502152797139677	0.00502152797139677	0.00502152797139677	0.00502152797139677	0.00502152797139677	0.00502152797139677	0.00502152797139677	0.00502152797139677	0.00502152797139677	0.00502152797139677	0.00502152797139677	0.00502152797139677	0.00502152797139677	0.00513647922854793	0.00502152797139677	0.00502152797139677	0.00245250433944735	0.00245250433944735	0.00502152797139677	0.00502152797139677	0.00502152797139677	0.00502152797139677	0.00765278788363204	0.00765278788363204	0.00502152797139677	0.00502152797139677	0.901840198705311	0.21122358971303	0.00502152797139677	0.00502152797139677	0.901840198705311	0.00726945062521767	0.00802599293132596	0.261721724466771	0.00502152797139677	0.00502152797139677	0.00363067735429618	0.00726945062521767	0.00363067735429618	0.00802599293132596	0.261721724466771	0.00502152797139677	0.00502152797139677	0.00726945062521767	0.00363067735429618	0.00802599293132596	0.261721724466771	0.00502152797139677	0.00502152797139677
PCLZ122	0.0368384238030216	0.0437291768465772	0.00624651178055211	0.0437291768465772	0.0192181820387505	0.00624651178055211	0.0158120055110926	0.00624651178055211	0.00469020689360853	0.00498322584305057	0.00624651178055211	0.00624651178055211	0.00498322584305057	0.00624651178055211	0.0243514286149586	0.0192181820387505	0.00624651178055211	0.00624651178055211	0.00616104984496015	0.00624651178055211	0.00624651178055211	0.00624651178055211	0.00616104984496015	0.00616104984496015	0.00624651178055211	0.00616104984496015	0.00624651178055211	0.00624651178055211	0.0192181820387505	0.00624651178055211	0.00624651178055211	0.0192181820387505	0.213286433779809	0.0437291768465772	0.0437291768465772	0.213286433779809	0.213286433779809	0.213286433779809	0.213286433779809	0.213286433779809	0.190425386170978	0.190425386170978	0.190425386170978	0.190425386170978	0.190425386170978	0.190425386170978	0.190425386170978	0.190425386170978	0.190425386170978	0.57959603230345	0.57959603230345	0.044039118265798	0.044039118265798	0.044039118265798	0.044039118265798	0.044039118265798	0.044039118265798	0.044039118265798	0.044039118265798	0.044039118265798	0.044039118265798	0.044039118265798	0.044039118265798	0.044039118265798	0.044039118265798	0.044039118265798	0.044039118265798	0.044039118265798	0.044039118265798	0.0368384238030216	0.044039118265798	0.044039118265798	0.00153225936390255	0.00153225936390255	0.044039118265798	0.044039118265798	0.044039118265798	0.044039118265798	0.041494353880561	0.041494353880561	0.044039118265798	0.044039118265798	0.857487707342522	0.202178710237256	0.044039118265798	0.044039118265798	0.857487707342523	0.0437291768465772	0.00624651178055211	0.213286433779809	0.044039118265798	0.044039118265798	0.0192181820387505	0.0437291768465772	0.0192181820387505	0.00624651178055211	0.213286433779809	0.044039118265798	0.044039118265798	0.0437291768465772	0.0192181820387505	0.00624651178055211	0.213286433779809	0.044039118265798	0.044039118265798
PCLZ123	0.00218148377763476	0.00269756141014213	0.0010434320050289	0.00269756141014213	0.000962048746145613	0.0010434320050289	0.00130343736445149	0.0010434320050289	0.000590732575762812	0.00070393817556912	0.0010434320050289	0.0010434320050289	0.00070393817556912	0.0010434320050289	0.00168752292927686	0.000962048746145613	0.0010434320050289	0.0010434320050289	0.00100721554963548	0.0010434320050289	0.0010434320050289	0.0010434320050289	0.00100721554963548	0.00100721554963548	0.0010434320050289	0.00100721554963548	0.0010434320050289	0.0010434320050289	0.000962048746145613	0.0010434320050289	0.0010434320050289	0.000962048746145613	0.0580351320340538	0.00269756141014213	0.00269756141014213	0.0580351320340538	0.0580351320340538	0.0580351320340538	0.0580351320340538	0.0580351320340538	0.0496477472310729	0.0496477472310729	0.0496477472310729	0.0496477472310729	0.0496477472310729	0.0496477472310729	0.0496477472310729	0.0496477472310729	0.0496477472310729	0.239616824261878	0.239616824261878	0.00587852111791202	0.00587852111791202	0.00587852111791202	0.00587852111791202	0.00587852111791202	0.00587852111791202	0.00587852111791202	0.00587852111791202	0.00587852111791202	0.00587852111791202	0.00587852111791202	0.00587852111791202	0.00587852111791202	0.00587852111791202	0.00587852111791202	0.00587852111791202	0.00587852111791202	0.00587852111791202	0.00218148377763476	0.00587852111791202	0.00587852111791202	0.000369485069456605	0.000369485069456605	0.00587852111791202	0.00587852111791202	0.00587852111791202	0.00587852111791202	0.00412663828724975	0.00412663828724975	0.00587852111791202	0.00587852111791202	0.574675855498034	0.0350650944356623	0.00587852111791202	0.00587852111791202	0.574675855498035	0.00269756141014213	0.0010434320050289	0.0580351320340538	0.00587852111791202	0.00587852111791202	0.000962048746145613	0.00269756141014213	0.000962048746145613	0.0010434320050289	0.0580351320340538	0.00587852111791202	0.00587852111791202	0.00269756141014213	0.000962048746145613	0.0010434320050289	0.0580351320340538	0.00587852111791202	0.00587852111791202
PCLZ124	0.0106782268652275	0.0157360266319544	0.00420031388286269	0.0157360266319544	0.00648912895138628	0.00420031388286269	0.00598725024072324	0.00420031388286269	0.00323088098818878	0.00341184428549812	0.00420031388286269	0.00420031388286269	0.00341184428549812	0.00420031388286269	0.00787332475598378	0.00648912895138628	0.00420031388286269	0.00420031388286269	0.00397756853552571	0.00420031388286269	0.00420031388286269	0.00420031388286269	0.00397756853552571	0.00397756853552571	0.00420031388286269	0.00397756853552571	0.00420031388286269	0.00420031388286269	0.00648912895138628	0.00420031388286269	0.00420031388286269	0.00648912895138628	0.325554652262163	0.0157360266319544	0.0157360266319544	0.325554652262163	0.325554652262163	0.325554652262163	0.325554652262163	0.325554652262163	0.271694954270714	0.271694954270714	0.271694954270714	0.271694954270714	0.271694954270714	0.271694954270714	0.271694954270714	0.271694954270714	0.271694954270714	0.567687677446451	0.567687677446451	0.00939441919107851	0.00939441919107851	0.00939441919107851	0.00939441919107851	0.00939441919107851	0.00939441919107851	0.00939441919107851	0.00939441919107851	0.00939441919107851	0.00939441919107851	0.00939441919107851	0.00939441919107851	0.00939441919107851	0.00939441919107851	0.00939441919107851	0.00939441919107851	0.00939441919107851	0.00939441919107851	0.0106782268652275	0.00939441919107851	0.00939441919107851	0.00218020479107191	0.00218020479107191	0.00939441919107851	0.00939441919107851	0.00939441919107851	0.00939441919107851	0.0139275389400692	0.0139275389400692	0.00939441919107851	0.00939441919107851	0.943796427232724	0.199399268294023	0.00939441919107851	0.00939441919107851	0.943796427232724	0.0157360266319544	0.00420031388286269	0.325554652262163	0.00939441919107851	0.00939441919107851	0.00648912895138628	0.0157360266319544	0.00648912895138628	0.00420031388286269	0.325554652262163	0.00939441919107851	0.00939441919107851	0.0157360266319544	0.00648912895138628	0.00420031388286269	0.325554652262163	0.00939441919107851	0.00939441919107851
PCLZ125	0.000504807988464737	0.000252314276563349	0.000159621676159179	0.000252314276563349	0.000214022854491127	0.000159621676159179	0.000115733631549782	0.000159621676159179	0.000119883303342899	0.000124190615863454	0.000159621676159179	0.000159621676159179	0.000124190615863454	0.000159621676159179	0.000289948792546826	0.000214022854491127	0.000159621676159179	0.000159621676159179	0.000156824060800472	0.000159621676159179	0.000159621676159179	0.000159621676159179	0.000156824060800472	0.000156824060800472	0.000159621676159179	0.000156824060800472	0.000159621676159179	0.000159621676159179	0.000214022854491127	0.000159621676159179	0.000159621676159179	0.000214022854491127	0.0129590462276357	0.000252314276563349	0.000252314276563349	0.0129590462276357	0.0129590462276357	0.0129590462276357	0.0129590462276357	0.0129590462276357	0.0114960776239855	0.0114960776239855	0.0114960776239855	0.0114960776239855	0.0114960776239855	0.0114960776239855	0.0114960776239855	0.0114960776239855	0.0114960776239855	0.127317324010109	0.127317324010109	0.00040388240396985	0.00040388240396985	0.00040388240396985	0.00040388240396985	0.00040388240396985	0.00040388240396985	0.00040388240396985	0.00040388240396985	0.00040388240396985	0.00040388240396985	0.00040388240396985	0.00040388240396985	0.00040388240396985	0.00040388240396985	0.00040388240396985	0.00040388240396985	0.00040388240396985	0.00040388240396985	0.000504807988464737	0.00040388240396985	0.00040388240396985	6.70049752861094e-05	6.70049752861094e-05	0.00040388240396985	0.00040388240396985	0.00040388240396985	0.00040388240396985	0.000524870514651835	0.000524870514651835	0.00040388240396985	0.00040388240396985	0.350710113739127	0.0113293982172711	0.00040388240396985	0.00040388240396985	0.350710113739127	0.000252314276563349	0.000159621676159179	0.0129590462276357	0.00040388240396985	0.00040388240396985	0.000214022854491127	0.000252314276563349	0.000214022854491127	0.000159621676159179	0.0129590462276357	0.00040388240396985	0.00040388240396985	0.000252314276563349	0.000214022854491127	0.000159621676159179	0.0129590462276357	0.00040388240396985	0.00040388240396985
PCLZ126	0.0375796752002959	0.128567467767751	0.0199671533149163	0.128567467767751	0.0215305605015968	0.0199671533149163	0.0297446616237125	0.0199671533149163	0.0150099846373681	0.0152234772499163	0.0199671533149163	0.0199671533149163	0.0152234772499163	0.0199671533149163	0.0311137768097061	0.0215305605015968	0.0199671533149163	0.0199671533149163	0.0190950894490083	0.0199671533149163	0.0199671533149163	0.0199671533149163	0.0190950894490083	0.0190950894490083	0.0199671533149163	0.0190950894490083	0.0199671533149163	0.0199671533149163	0.0215305605015968	0.0199671533149163	0.0199671533149163	0.0215305605015968	0.780907277719936	0.128567467767751	0.128567467767751	0.780907277719936	0.780907277719936	0.780907277719936	0.780907277719936	0.780907277719936	0.668437349167451	0.668437349167451	0.668437349167451	0.668437349167451	0.668437349167451	0.668437349167451	0.668437349167451	0.668437349167451	0.668437349167451	0.945478137989215	0.945478137989215	0.0617671393368862	0.0617671393368862	0.0617671393368862	0.0617671393368862	0.0617671393368862	0.0617671393368862	0.0617671393368862	0.0617671393368862	0.0617671393368862	0.0617671393368862	0.0617671393368862	0.0617671393368862	0.0617671393368862	0.0617671393368862	0.0617671393368862	0.0617671393368862	0.0617671393368862	0.0617671393368862	0.0375796752002959	0.0617671393368862	0.0617671393368862	0.00347894795148617	0.00347894795148617	0.0617671393368862	0.0617671393368862	0.0617671393368862	0.0617671393368862	0.0766342431605132	0.0766342431605132	0.0617671393368862	0.0617671393368862	0.989297614464009	0.562911103296407	0.0617671393368862	0.0617671393368862	0.989297614464009	0.128567467767751	0.0199671533149163	0.780907277719936	0.0617671393368862	0.0617671393368862	0.0215305605015968	0.128567467767751	0.0215305605015968	0.0199671533149163	0.780907277719936	0.0617671393368862	0.0617671393368862	0.128567467767751	0.0215305605015968	0.0199671533149163	0.780907277719936	0.0617671393368862	0.0617671393368862
PCLZ127	0.00235250066532355	0.00114000366088058	0.00118310038710676	0.00114000366088058	0.000883213223226736	0.00118310038710676	0.00060125683516578	0.00118310038710676	0.000664020831141166	0.000707092693527877	0.00118310038710676	0.00118310038710676	0.000707092693527877	0.00118310038710676	0.00197853960345357	0.000883213223226736	0.00118310038710676	0.00118310038710676	0.00114366639554936	0.00118310038710676	0.00118310038710676	0.00118310038710676	0.00114366639554936	0.00114366639554936	0.00118310038710676	0.00114366639554936	0.00118310038710676	0.00118310038710676	0.000883213223226736	0.00118310038710676	0.00118310038710676	0.000883213223226736	0.067807402380571	0.00114000366088058	0.00114000366088058	0.067807402380571	0.067807402380571	0.067807402380571	0.067807402380571	0.067807402380571	0.0513021411806022	0.0513021411806022	0.0513021411806022	0.0513021411806022	0.0513021411806022	0.0513021411806022	0.0513021411806022	0.0513021411806022	0.0513021411806022	0.272776758364264	0.272776758364264	0.00179603579476111	0.00179603579476111	0.00179603579476111	0.00179603579476111	0.00179603579476111	0.00179603579476111	0.00179603579476111	0.00179603579476111	0.00179603579476111	0.00179603579476111	0.00179603579476111	0.00179603579476111	0.00179603579476111	0.00179603579476111	0.00179603579476111	0.00179603579476111	0.00179603579476111	0.00179603579476111	0.00235250066532355	0.00179603579476111	0.00179603579476111	0.000380163166827753	0.000380163166827753	0.00179603579476111	0.00179603579476111	0.00179603579476111	0.00179603579476111	0.00371797625392742	0.00371797625392742	0.00179603579476111	0.00179603579476111	0.599130754640575	0.0382440352085674	0.00179603579476111	0.00179603579476111	0.599130754640575	0.00114000366088058	0.00118310038710676	0.067807402380571	0.00179603579476111	0.00179603579476111	0.000883213223226736	0.00114000366088058	0.000883213223226736	0.00118310038710676	0.067807402380571	0.00179603579476111	0.00179603579476111	0.00114000366088058	0.000883213223226736	0.00118310038710676	0.067807402380571	0.00179603579476111	0.00179603579476111
PCLZ128	4.6464578782455e-05	4.74728620791816e-05	4.46679291511182e-05	4.74728620791816e-05	2.84895362180112e-05	4.46679291511182e-05	2.23921846123132e-05	4.46679291511182e-05	2.65556562488227e-05	3.52203794640225e-05	4.46679291511182e-05	4.46679291511182e-05	3.52203794640225e-05	4.46679291511182e-05	4.61250741887437e-05	2.84895362180112e-05	4.46679291511182e-05	4.46679291511182e-05	4.81071611593374e-05	4.46679291511182e-05	4.46679291511182e-05	4.46679291511182e-05	4.81071611593374e-05	4.81071611593374e-05	4.46679291511182e-05	4.81071611593374e-05	4.46679291511182e-05	4.46679291511182e-05	2.84895362180112e-05	4.46679291511182e-05	4.46679291511182e-05	2.84895362180112e-05	0.00511132273749141	4.74728620791816e-05	4.74728620791816e-05	0.00511132273749141	0.00511132273749141	0.00511132273749141	0.00511132273749141	0.00511132273749141	0.00456818046550725	0.00456818046550725	0.00456818046550725	0.00456818046550725	0.00456818046550725	0.00456818046550725	0.00456818046550725	0.00456818046550725	0.00456818046550725	0.0317830677990499	0.0317830677990499	9.42768568960187e-05	9.42768568960187e-05	9.42768568960187e-05	9.42768568960187e-05	9.42768568960187e-05	9.42768568960187e-05	9.42768568960187e-05	9.42768568960187e-05	9.42768568960187e-05	9.42768568960187e-05	9.42768568960187e-05	9.42768568960187e-05	9.42768568960187e-05	9.42768568960187e-05	9.42768568960187e-05	9.42768568960187e-05	9.42768568960187e-05	9.42768568960187e-05	4.6464578782455e-05	9.42768568960187e-05	9.42768568960187e-05	2.0362420652125e-05	2.0362420652125e-05	9.42768568960187e-05	9.42768568960187e-05	9.42768568960187e-05	9.42768568960187e-05	0.000125418983952598	0.000125418983952598	9.42768568960187e-05	9.42768568960187e-05	0.0962095649800194	0.002241786774936	9.42768568960187e-05	9.42768568960187e-05	0.0962095649800193	4.74728620791816e-05	4.46679291511182e-05	0.00511132273749141	9.42768568960187e-05	9.42768568960187e-05	2.84895362180112e-05	4.74728620791816e-05	2.84895362180112e-05	4.46679291511182e-05	0.00511132273749141	9.42768568960187e-05	9.42768568960187e-05	4.74728620791816e-05	2.84895362180112e-05	4.46679291511182e-05	0.00511132273749141	9.42768568960187e-05	9.42768568960187e-05
PCLZ129	4.85690732658007e-05	2.7835984357147e-05	0.00015224922475751	2.7835984357147e-05	2.29657891579659e-05	0.00015224922475751	1.33253789510328e-05	0.00015224922475751	9.18448631800215e-05	0.000105764359957008	0.00015224922475751	0.00015224922475751	0.000105764359957008	0.00015224922475751	4.95053173381649e-05	2.29657891579659e-05	0.00015224922475751	0.00015224922475751	0.000151582785471019	0.00015224922475751	0.00015224922475751	0.00015224922475751	0.000151582785471019	0.000151582785471019	0.00015224922475751	0.000151582785471019	0.00015224922475751	0.00015224922475751	2.29657891579659e-05	0.00015224922475751	0.00015224922475751	2.29657891579659e-05	0.00851521675789024	2.7835984357147e-05	2.7835984357147e-05	0.00851521675789024	0.00851521675789024	0.00851521675789024	0.00851521675789024	0.00851521675789024	0.0063514714765771	0.0063514714765771	0.0063514714765771	0.0063514714765771	0.0063514714765771	0.0063514714765771	0.0063514714765771	0.0063514714765771	0.0063514714765771	0.0581168090659942	0.0581168090659942	4.38048100676541e-05	4.38048100676541e-05	4.38048100676541e-05	4.38048100676541e-05	4.38048100676541e-05	4.38048100676541e-05	4.38048100676541e-05	4.38048100676541e-05	4.38048100676541e-05	4.38048100676541e-05	4.38048100676541e-05	4.38048100676541e-05	4.38048100676541e-05	4.38048100676541e-05	4.38048100676541e-05	4.38048100676541e-05	4.38048100676541e-05	4.38048100676541e-05	4.85690732658007e-05	4.38048100676541e-05	4.38048100676541e-05	4.38301328659646e-05	4.38301328659646e-05	4.38048100676541e-05	4.38048100676541e-05	4.38048100676541e-05	4.38048100676541e-05	0.000101330217252606	0.000101330217252606	4.38048100676541e-05	4.38048100676541e-05	0.214005701524237	0.00367373550195863	4.38048100676541e-05	4.38048100676541e-05	0.214005701524237	2.7835984357147e-05	0.00015224922475751	0.00851521675789024	4.38048100676541e-05	4.38048100676541e-05	2.29657891579659e-05	2.7835984357147e-05	2.29657891579659e-05	0.00015224922475751	0.00851521675789024	4.38048100676541e-05	4.38048100676541e-05	2.7835984357147e-05	2.29657891579659e-05	0.00015224922475751	0.00851521675789024	4.38048100676541e-05	4.38048100676541e-05
PCLZ130	0.00033555909438886	0.000116635763599912	0.000314481119990679	0.000116635763599912	0.000103367435487049	0.000314481119990679	7.78465793744791e-05	0.000314481119990679	0.000194054325582939	0.000198246754480609	0.000314481119990679	0.000314481119990679	0.000198246754480609	0.000314481119990679	0.000223897371110655	0.000103367435487049	0.000314481119990679	0.000314481119990679	0.000307711119556083	0.000314481119990679	0.000314481119990679	0.000314481119990679	0.000307711119556083	0.000307711119556083	0.000314481119990679	0.000307711119556083	0.000314481119990679	0.000314481119990679	0.000103367435487049	0.000314481119990679	0.000314481119990679	0.000103367435487049	0.0321714863256054	0.000116635763599912	0.000116635763599912	0.0321714863256054	0.0321714863256054	0.0321714863256054	0.0321714863256054	0.0321714863256054	0.024027163978682	0.024027163978682	0.024027163978682	0.024027163978682	0.024027163978682	0.024027163978682	0.024027163978682	0.024027163978682	0.024027163978682	0.264047657940024	0.264047657940024	0.000547581744889734	0.000547581744889734	0.000547581744889734	0.000547581744889734	0.000547581744889734	0.000547581744889734	0.000547581744889734	0.000547581744889734	0.000547581744889734	0.000547581744889734	0.000547581744889734	0.000547581744889734	0.000547581744889734	0.000547581744889734	0.000547581744889734	0.000547581744889734	0.000547581744889734	0.000547581744889734	0.00033555909438886	0.000547581744889734	0.000547581744889734	0.000105167620213594	0.000105167620213594	0.000547581744889734	0.000547581744889734	0.000547581744889734	0.000547581744889734	0.000733730580237839	0.000733730580237839	0.000547581744889734	0.000547581744889734	0.455721173364466	0.014923296121151	0.000547581744889734	0.000547581744889734	0.455721173364466	0.000116635763599912	0.000314481119990679	0.0321714863256054	0.000547581744889734	0.000547581744889734	0.000103367435487049	0.000116635763599912	0.000103367435487049	0.000314481119990679	0.0321714863256054	0.000547581744889734	0.000547581744889734	0.000116635763599912	0.000103367435487049	0.000314481119990679	0.0321714863256054	0.000547581744889734	0.000547581744889734
PCLZ131	0.00574511097668028	0.0229032503863721	0.0170172567861025	0.0229032503863721	0.00449565781011685	0.0170172567861025	0.00687582620853315	0.0170172567861025	0.0180250707754388	0.0161421865775936	0.0170172567861025	0.0170172567861025	0.0161421865775936	0.0170172567861025	0.00640715800501115	0.00449565781011685	0.0170172567861025	0.0170172567861025	0.0199345388529024	0.0170172567861025	0.0170172567861025	0.0170172567861025	0.0199345388529024	0.0199345388529024	0.0170172567861025	0.0199345388529024	0.0170172567861025	0.0170172567861025	0.00449565781011685	0.0170172567861025	0.0170172567861025	0.00449565781011685	0.7394149379501	0.0229032503863721	0.0229032503863721	0.7394149379501	0.7394149379501	0.7394149379501	0.7394149379501	0.7394149379501	0.61733253739065	0.61733253739065	0.61733253739065	0.61733253739065	0.61733253739065	0.61733253739065	0.61733253739065	0.61733253739065	0.61733253739065	0.927785201644951	0.927785201644951	0.00917373286925454	0.00917373286925454	0.00917373286925454	0.00917373286925454	0.00917373286925454	0.00917373286925454	0.00917373286925454	0.00917373286925454	0.00917373286925454	0.00917373286925454	0.00917373286925454	0.00917373286925454	0.00917373286925454	0.00917373286925454	0.00917373286925454	0.00917373286925454	0.00917373286925454	0.00917373286925454	0.00574511097668028	0.00917373286925454	0.00917373286925454	0.00414830412937877	0.00414830412937877	0.00917373286925454	0.00917373286925454	0.00917373286925454	0.00917373286925454	0.00875602236053771	0.00875602236053771	0.00917373286925454	0.00917373286925454	0.986386781228366	0.567426341140454	0.00917373286925454	0.00917373286925454	0.986386781228366	0.0229032503863721	0.0170172567861025	0.7394149379501	0.00917373286925454	0.00917373286925454	0.00449565781011685	0.0229032503863721	0.00449565781011685	0.0170172567861025	0.7394149379501	0.00917373286925454	0.00917373286925454	0.0229032503863721	0.00449565781011685	0.0170172567861025	0.7394149379501	0.00917373286925454	0.00917373286925454
PCLZ132	0.000401204077370962	0.000777450317989559	0.000224588685100499	0.000777450317989559	0.000352904919170824	0.000224588685100499	0.000264872635144871	0.000224588685100499	0.000212461906623054	0.000220128355045471	0.000224588685100499	0.000224588685100499	0.000220128355045471	0.000224588685100499	0.000413421499983779	0.000352904919170824	0.000224588685100499	0.000224588685100499	0.00024629370639479	0.000224588685100499	0.000224588685100499	0.000224588685100499	0.00024629370639479	0.00024629370639479	0.000224588685100499	0.00024629370639479	0.000224588685100499	0.000224588685100499	0.000352904919170824	0.000224588685100499	0.000224588685100499	0.000352904919170824	0.00486998126011812	0.000777450317989559	0.000777450317989559	0.00486998126011812	0.00486998126011812	0.00486998126011812	0.00486998126011812	0.00486998126011812	0.00465156231440095	0.00465156231440095	0.00465156231440095	0.00465156231440095	0.00465156231440095	0.00465156231440095	0.00465156231440095	0.00465156231440095	0.00465156231440095	0.0406376963115864	0.0406376963115864	0.000232815367595689	0.000232815367595689	0.000232815367595689	0.000232815367595689	0.000232815367595689	0.000232815367595689	0.000232815367595689	0.000232815367595689	0.000232815367595689	0.000232815367595689	0.000232815367595689	0.000232815367595689	0.000232815367595689	0.000232815367595689	0.000232815367595689	0.000232815367595689	0.000232815367595689	0.000232815367595689	0.000401204077370962	0.000232815367595689	0.000232815367595689	6.83691880919481e-05	6.83691880919481e-05	0.000232815367595689	0.000232815367595689	0.000232815367595689	0.000232815367595689	0.000315101108912025	0.000315101108912025	0.000232815367595689	0.000232815367595689	0.184486326606267	0.00692622996532435	0.000232815367595689	0.000232815367595689	0.184486326606267	0.000777450317989559	0.000224588685100499	0.00486998126011812	0.000232815367595689	0.000232815367595689	0.000352904919170824	0.000777450317989559	0.000352904919170824	0.000224588685100499	0.00486998126011812	0.000232815367595689	0.000232815367595689	0.000777450317989559	0.000352904919170824	0.000224588685100499	0.00486998126011812	0.000232815367595689	0.000232815367595689
PCLZ133	0.00452690817372464	0.0548572143442286	0.00757439200155835	0.0548572143442286	0.00566987866229918	0.00757439200155835	0.00860661598208907	0.00757439200155835	0.00968673477858539	0.00871791201487663	0.00757439200155835	0.00757439200155835	0.00871791201487663	0.00757439200155835	0.0044126431953988	0.00566987866229918	0.00757439200155835	0.00757439200155835	0.00819044286124238	0.00757439200155835	0.00757439200155835	0.00757439200155835	0.00819044286124238	0.00819044286124238	0.00757439200155835	0.00819044286124238	0.00757439200155835	0.00757439200155835	0.00566987866229918	0.00757439200155835	0.00757439200155835	0.00566987866229918	0.222706354062049	0.0548572143442286	0.0548572143442286	0.222706354062049	0.222706354062049	0.222706354062049	0.222706354062049	0.222706354062049	0.176106449854957	0.176106449854957	0.176106449854957	0.176106449854957	0.176106449854957	0.176106449854957	0.176106449854957	0.176106449854957	0.176106449854957	0.554249305649577	0.554249305649577	0.00577064955340843	0.00577064955340843	0.00577064955340843	0.00577064955340843	0.00577064955340843	0.00577064955340843	0.00577064955340843	0.00577064955340843	0.00577064955340843	0.00577064955340843	0.00577064955340843	0.00577064955340843	0.00577064955340843	0.00577064955340843	0.00577064955340843	0.00577064955340843	0.00577064955340843	0.00577064955340843	0.00452690817372464	0.00577064955340843	0.00577064955340843	0.00173232991354644	0.00173232991354644	0.00577064955340843	0.00577064955340843	0.00577064955340843	0.00577064955340843	0.0050930782338729	0.0050930782338729	0.00577064955340843	0.00577064955340843	0.901792782405801	0.259108498303617	0.00577064955340843	0.00577064955340843	0.901792782405801	0.0548572143442286	0.00757439200155835	0.222706354062049	0.00577064955340843	0.00577064955340843	0.00566987866229918	0.0548572143442286	0.00566987866229918	0.00757439200155835	0.222706354062049	0.00577064955340843	0.00577064955340843	0.0548572143442286	0.00566987866229918	0.00757439200155835	0.222706354062049	0.00577064955340843	0.00577064955340843
PCLZ134	0.000495131677480235	0.000684821875400316	0.000688306433981104	0.000684821875400316	0.000409521246019747	0.000688306433981104	0.000267571444072914	0.000688306433981104	0.000566547398424369	0.000591220546650984	0.000688306433981104	0.000688306433981104	0.000591220546650984	0.000688306433981104	0.000654468934608782	0.000409521246019747	0.000688306433981104	0.000688306433981104	0.000773532107740734	0.000688306433981104	0.000688306433981104	0.000688306433981104	0.000773532107740734	0.000773532107740734	0.000688306433981104	0.000773532107740734	0.000688306433981104	0.000688306433981104	0.000409521246019747	0.000688306433981104	0.000688306433981104	0.000409521246019747	0.0807451788046067	0.000684821875400316	0.000684821875400316	0.0807451788046067	0.0807451788046067	0.0807451788046067	0.0807451788046067	0.0807451788046067	0.0602842290440041	0.0602842290440041	0.0602842290440041	0.0602842290440041	0.0602842290440041	0.0602842290440041	0.0602842290440041	0.0602842290440041	0.0602842290440041	0.254229490764665	0.254229490764665	0.000436609286600502	0.000436609286600502	0.000436609286600502	0.000436609286600502	0.000436609286600502	0.000436609286600502	0.000436609286600502	0.000436609286600502	0.000436609286600502	0.000436609286600502	0.000436609286600502	0.000436609286600502	0.000436609286600502	0.000436609286600502	0.000436609286600502	0.000436609286600502	0.000436609286600502	0.000436609286600502	0.000495131677480235	0.000436609286600502	0.000436609286600502	0.000221263882399978	0.000221263882399978	0.000436609286600502	0.000436609286600502	0.000436609286600502	0.000436609286600502	0.000982111144525593	0.000982111144525593	0.000436609286600502	0.000436609286600502	0.764144587418463	0.0411121663554446	0.000436609286600502	0.000436609286600502	0.764144587418463	0.000684821875400316	0.000688306433981104	0.0807451788046067	0.000436609286600502	0.000436609286600502	0.000409521246019747	0.000684821875400316	0.000409521246019747	0.000688306433981104	0.0807451788046067	0.000436609286600502	0.000436609286600502	0.000684821875400316	0.000409521246019747	0.000688306433981104	0.0807451788046067	0.000436609286600502	0.000436609286600502
PCLZ135	0.00067489776303308	0.000898808704342933	0.00154501992064769	0.000898808704342933	0.000973980335227766	0.00154501992064769	0.000315544734381371	0.00154501992064769	0.00191707404395168	0.0018250644979845	0.00154501992064769	0.00154501992064769	0.0018250644979845	0.00154501992064769	0.000662863448557882	0.000973980335227766	0.00154501992064769	0.00154501992064769	0.00154953545759375	0.00154501992064769	0.00154501992064769	0.00154501992064769	0.00154953545759375	0.00154953545759375	0.00154501992064769	0.00154953545759375	0.00154501992064769	0.00154501992064769	0.000973980335227766	0.00154501992064769	0.00154501992064769	0.000973980335227766	0.0499511430859311	0.000898808704342933	0.000898808704342933	0.0499511430859311	0.0499511430859311	0.0499511430859311	0.0499511430859311	0.0499511430859311	0.0463139781916021	0.0463139781916021	0.0463139781916021	0.0463139781916021	0.0463139781916021	0.0463139781916021	0.0463139781916021	0.0463139781916021	0.0463139781916021	0.296992644845195	0.296992644845195	0.000436552393947952	0.000436552393947952	0.000436552393947952	0.000436552393947952	0.000436552393947952	0.000436552393947952	0.000436552393947952	0.000436552393947952	0.000436552393947952	0.000436552393947952	0.000436552393947952	0.000436552393947952	0.000436552393947952	0.000436552393947952	0.000436552393947952	0.000436552393947952	0.000436552393947952	0.000436552393947952	0.00067489776303308	0.000436552393947952	0.000436552393947952	0.00049434971558983	0.00049434971558983	0.000436552393947952	0.000436552393947952	0.000436552393947952	0.000436552393947952	0.000771974155220052	0.000771974155220052	0.000436552393947952	0.000436552393947952	0.616606012796175	0.0527620673839076	0.000436552393947952	0.000436552393947952	0.616606012796175	0.000898808704342933	0.00154501992064769	0.0499511430859311	0.000436552393947952	0.000436552393947952	0.000973980335227766	0.000898808704342933	0.000973980335227766	0.00154501992064769	0.0499511430859311	0.000436552393947952	0.000436552393947952	0.000898808704342933	0.000973980335227766	0.00154501992064769	0.0499511430859311	0.000436552393947952	0.000436552393947952
PCLZ136	0.00156452869669038	0.00140256758194227	0.0013752747432892	0.00140256758194227	0.000726344323229298	0.0013752747432892	0.000475952562278072	0.0013752747432892	0.000930200843088479	0.000998616330224702	0.0013752747432892	0.0013752747432892	0.000998616330224702	0.0013752747432892	0.00129135400189883	0.000726344323229298	0.0013752747432892	0.0013752747432892	0.00143630810507342	0.0013752747432892	0.0013752747432892	0.0013752747432892	0.00143630810507342	0.00143630810507342	0.0013752747432892	0.00143630810507342	0.0013752747432892	0.0013752747432892	0.000726344323229298	0.0013752747432892	0.0013752747432892	0.000726344323229298	0.120797819817831	0.00140256758194227	0.00140256758194227	0.120797819817831	0.120797819817831	0.120797819817831	0.120797819817831	0.120797819817831	0.0970364025700654	0.0970364025700654	0.0970364025700654	0.0970364025700654	0.0970364025700654	0.0970364025700654	0.0970364025700654	0.0970364025700654	0.0970364025700654	0.449552357746134	0.449552357746134	0.00156580394704139	0.00156580394704139	0.00156580394704139	0.00156580394704139	0.00156580394704139	0.00156580394704139	0.00156580394704139	0.00156580394704139	0.00156580394704139	0.00156580394704139	0.00156580394704139	0.00156580394704139	0.00156580394704139	0.00156580394704139	0.00156580394704139	0.00156580394704139	0.00156580394704139	0.00156580394704139	0.00156452869669038	0.00156580394704139	0.00156580394704139	0.000612698890129576	0.000612698890129576	0.00156580394704139	0.00156580394704139	0.00156580394704139	0.00156580394704139	0.0028547479101479	0.0028547479101479	0.00156580394704139	0.00156580394704139	0.764282387613025	0.0578787274543089	0.00156580394704139	0.00156580394704139	0.764282387613025	0.00140256758194227	0.0013752747432892	0.120797819817831	0.00156580394704139	0.00156580394704139	0.000726344323229298	0.00140256758194227	0.000726344323229298	0.0013752747432892	0.120797819817831	0.00156580394704139	0.00156580394704139	0.00140256758194227	0.000726344323229298	0.0013752747432892	0.120797819817831	0.00156580394704139	0.00156580394704139
PCLZ137	0.00128040937235911	0.00253093039078389	0.002998688425952	0.00253093039078389	0.000907074312112235	0.002998688425952	0.000610122740231566	0.002998688425952	0.00257512445806525	0.00264796715568021	0.002998688425952	0.002998688425952	0.00264796715568021	0.002998688425952	0.00109873434572421	0.000907074312112235	0.002998688425952	0.002998688425952	0.00293853711654639	0.002998688425952	0.002998688425952	0.002998688425952	0.00293853711654639	0.00293853711654639	0.002998688425952	0.00293853711654639	0.002998688425952	0.002998688425952	0.000907074312112235	0.002998688425952	0.002998688425952	0.000907074312112235	0.205962220867829	0.00253093039078389	0.00253093039078389	0.205962220867829	0.205962220867829	0.205962220867829	0.205962220867829	0.205962220867829	0.164699760791698	0.164699760791698	0.164699760791698	0.164699760791698	0.164699760791698	0.164699760791698	0.164699760791698	0.164699760791698	0.164699760791698	0.498768180750654	0.498768180750654	0.00132242302295832	0.00132242302295832	0.00132242302295832	0.00132242302295832	0.00132242302295832	0.00132242302295832	0.00132242302295832	0.00132242302295832	0.00132242302295832	0.00132242302295832	0.00132242302295832	0.00132242302295832	0.00132242302295832	0.00132242302295832	0.00132242302295832	0.00132242302295832	0.00132242302295832	0.00132242302295832	0.00128040937235911	0.00132242302295832	0.00132242302295832	0.00090419609403008	0.00090419609403008	0.00132242302295832	0.00132242302295832	0.00132242302295832	0.00132242302295832	0.00175732763178863	0.00175732763178863	0.00132242302295832	0.00132242302295832	0.923184063331571	0.148893050824243	0.00132242302295832	0.00132242302295832	0.923184063331571	0.00253093039078389	0.002998688425952	0.205962220867829	0.00132242302295832	0.00132242302295832	0.000907074312112235	0.00253093039078389	0.000907074312112235	0.002998688425952	0.205962220867829	0.00132242302295832	0.00132242302295832	0.00253093039078389	0.000907074312112235	0.002998688425952	0.205962220867829	0.00132242302295832	0.00132242302295832
PCLZ138	0.0915090139379853	0.704739437698436	0.278670011073224	0.704739437698436	0.0831059231484915	0.278670011073224	0.206257805379985	0.278670011073224	0.263525029521938	0.264920050778241	0.278670011073224	0.278670011073224	0.264920050778241	0.278670011073224	0.120128877029977	0.0831059231484915	0.278670011073224	0.278670011073224	0.313870156103239	0.278670011073224	0.278670011073224	0.278670011073224	0.313870156103239	0.313870156103239	0.278670011073224	0.313870156103239	0.278670011073224	0.278670011073224	0.0831059231484915	0.278670011073224	0.278670011073224	0.0831059231484915	0.955906070633835	0.704739437698436	0.704739437698436	0.955906070633835	0.955906070633835	0.955906070633835	0.955906070633835	0.955906070633835	0.912634678371265	0.912634678371265	0.912634678371265	0.912634678371265	0.912634678371265	0.912634678371265	0.912634678371265	0.912634678371265	0.912634678371265	0.950092100766876	0.950092100766876	0.30848702250899	0.30848702250899	0.30848702250899	0.30848702250899	0.30848702250899	0.30848702250899	0.30848702250899	0.30848702250899	0.30848702250899	0.30848702250899	0.30848702250899	0.30848702250899	0.30848702250899	0.30848702250899	0.30848702250899	0.30848702250899	0.30848702250899	0.30848702250899	0.0915090139379853	0.30848702250899	0.30848702250899	0.0654703395784724	0.0654703395784724	0.30848702250899	0.30848702250899	0.30848702250899	0.30848702250899	0.233122160689801	0.233122160689801	0.30848702250899	0.30848702250899	0.998028216466865	0.879606851759217	0.30848702250899	0.30848702250899	0.998028216466865	0.704739437698436	0.278670011073224	0.955906070633835	0.30848702250899	0.30848702250899	0.0831059231484915	0.704739437698436	0.0831059231484915	0.278670011073224	0.955906070633835	0.30848702250899	0.30848702250899	0.704739437698436	0.0831059231484915	0.278670011073224	0.955906070633835	0.30848702250899	0.30848702250899
PCLZ139	0.000704496565015191	0.00249979272259237	0.00110939623376415	0.00249979272259237	0.000716858214105179	0.00110939623376415	0.00050119747091516	0.00110939623376415	0.00126828891710075	0.00115176873030319	0.00110939623376415	0.00110939623376415	0.00115176873030319	0.00110939623376415	0.000828053682692823	0.000716858214105179	0.00110939623376415	0.00110939623376415	0.00127889047244469	0.00110939623376415	0.00110939623376415	0.00110939623376415	0.00127889047244469	0.00127889047244469	0.00110939623376415	0.00127889047244469	0.00110939623376415	0.00110939623376415	0.000716858214105179	0.00110939623376415	0.00110939623376415	0.000716858214105179	0.0357222713638139	0.00249979272259237	0.00249979272259237	0.0357222713638139	0.0357222713638139	0.0357222713638139	0.0357222713638139	0.0357222713638139	0.0285702755711969	0.0285702755711969	0.0285702755711969	0.0285702755711969	0.0285702755711969	0.0285702755711969	0.0285702755711969	0.0285702755711969	0.0285702755711969	0.125302058847856	0.125302058847856	0.00053093587694741	0.00053093587694741	0.00053093587694741	0.00053093587694741	0.00053093587694741	0.00053093587694741	0.00053093587694741	0.00053093587694741	0.00053093587694741	0.00053093587694741	0.00053093587694741	0.00053093587694741	0.00053093587694741	0.00053093587694741	0.00053093587694741	0.00053093587694741	0.00053093587694741	0.00053093587694741	0.000704496565015191	0.00053093587694741	0.00053093587694741	0.000590498199452544	0.000590498199452544	0.00053093587694741	0.00053093587694741	0.00053093587694741	0.00053093587694741	0.00080187559464832	0.00080187559464832	0.00053093587694741	0.00053093587694741	0.575700500956058	0.0251367085535186	0.00053093587694741	0.00053093587694741	0.575700500956058	0.00249979272259237	0.00110939623376415	0.0357222713638139	0.00053093587694741	0.00053093587694741	0.000716858214105179	0.00249979272259237	0.000716858214105179	0.00110939623376415	0.0357222713638139	0.00053093587694741	0.00053093587694741	0.00249979272259237	0.000716858214105179	0.00110939623376415	0.0357222713638139	0.00053093587694741	0.00053093587694741
PCLZ140	3.69685764245275e-05	3.33869918090137e-05	7.84506202951394e-06	3.33869918090137e-05	1.7977780842102e-05	7.84506202951394e-06	1.6161187964405e-05	7.84506202951394e-06	4.90369068717371e-06	5.37821965740449e-06	7.84506202951394e-06	7.84506202951394e-06	5.37821965740449e-06	7.84506202951394e-06	2.53303693765659e-05	1.7977780842102e-05	7.84506202951394e-06	7.84506202951394e-06	7.49608706465527e-06	7.84506202951394e-06	7.84506202951394e-06	7.84506202951394e-06	7.49608706465527e-06	7.49608706465527e-06	7.84506202951394e-06	7.49608706465527e-06	7.84506202951394e-06	7.84506202951394e-06	1.7977780842102e-05	7.84506202951394e-06	7.84506202951394e-06	1.7977780842102e-05	0.00101495121315843	3.33869918090137e-05	3.33869918090137e-05	0.00101495121315843	0.00101495121315843	0.00101495121315843	0.00101495121315843	0.00101495121315843	0.000946465003596344	0.000946465003596344	0.000946465003596344	0.000946465003596344	0.000946465003596344	0.000946465003596344	0.000946465003596344	0.000946465003596344	0.000946465003596344	0.0111390392257692	0.0111390392257692	2.77969724115309e-05	2.77969724115309e-05	2.77969724115309e-05	2.77969724115309e-05	2.77969724115309e-05	2.77969724115309e-05	2.77969724115309e-05	2.77969724115309e-05	2.77969724115309e-05	2.77969724115309e-05	2.77969724115309e-05	2.77969724115309e-05	2.77969724115309e-05	2.77969724115309e-05	2.77969724115309e-05	2.77969724115309e-05	2.77969724115309e-05	2.77969724115309e-05	3.69685764245275e-05	2.77969724115309e-05	2.77969724115309e-05	2.59794742282309e-06	2.59794742282309e-06	2.77969724115309e-05	2.77969724115309e-05	2.77969724115309e-05	2.77969724115309e-05	3.99391944920576e-05	3.99391944920576e-05	2.77969724115309e-05	2.77969724115309e-05	0.0428445617999579	0.00115432071245562	2.77969724115309e-05	2.77969724115309e-05	0.0428445617999579	3.33869918090137e-05	7.84506202951394e-06	0.00101495121315843	2.77969724115309e-05	2.77969724115309e-05	1.7977780842102e-05	3.33869918090137e-05	1.7977780842102e-05	7.84506202951394e-06	0.00101495121315843	2.77969724115309e-05	2.77969724115309e-05	3.33869918090137e-05	1.7977780842102e-05	7.84506202951394e-06	0.00101495121315843	2.77969724115309e-05	2.77969724115309e-05
PCLZ141	0.0029704360985881	0.0105144685035733	0.00347635700373831	0.0105144685035733	0.00232476053923192	0.00347635700373831	0.00117949782309972	0.00347635700373831	0.0044217437066223	0.00374960942231617	0.00347635700373831	0.00347635700373831	0.00374960942231617	0.00347635700373831	0.00221855996673161	0.00232476053923192	0.00347635700373831	0.00347635700373831	0.003689434267466	0.00347635700373831	0.00347635700373831	0.00347635700373831	0.003689434267466	0.003689434267466	0.00347635700373831	0.003689434267466	0.00347635700373831	0.00347635700373831	0.00232476053923192	0.00347635700373831	0.00347635700373831	0.00232476053923192	0.129373417704791	0.0105144685035733	0.0105144685035733	0.129373417704791	0.129373417704791	0.129373417704791	0.129373417704791	0.129373417704791	0.0978797807761081	0.0978797807761081	0.0978797807761081	0.0978797807761081	0.0978797807761081	0.0978797807761081	0.0978797807761081	0.0978797807761081	0.0978797807761081	0.369518975665603	0.369518975665603	0.000316042808269509	0.000316042808269509	0.000316042808269509	0.000316042808269509	0.000316042808269509	0.000316042808269509	0.000316042808269509	0.000316042808269509	0.000316042808269509	0.000316042808269509	0.000316042808269509	0.000316042808269509	0.000316042808269509	0.000316042808269509	0.000316042808269509	0.000316042808269509	0.000316042808269509	0.000316042808269509	0.0029704360985881	0.000316042808269509	0.000316042808269509	0.00380262515794394	0.00380262515794394	0.000316042808269509	0.000316042808269509	0.000316042808269509	0.000316042808269509	0.000675046003741412	0.000675046003741412	0.000316042808269509	0.000316042808269509	0.817285048521995	0.158057975732317	0.000316042808269509	0.000316042808269509	0.817285048521995	0.0105144685035733	0.00347635700373831	0.129373417704791	0.000316042808269509	0.000316042808269509	0.00232476053923192	0.0105144685035733	0.00232476053923192	0.00347635700373831	0.129373417704791	0.000316042808269509	0.000316042808269509	0.0105144685035733	0.00232476053923192	0.00347635700373831	0.129373417704791	0.000316042808269509	0.000316042808269509
PCLZ142	0.00398735287315602	0.0145450857404919	0.00683238156503975	0.0145450857404919	0.00251622641160646	0.00683238156503975	0.00280089966446015	0.00683238156503975	0.00736177655074796	0.0063905495265522	0.00683238156503975	0.00683238156503975	0.0063905495265522	0.00683238156503975	0.00259614361346073	0.00251622641160646	0.00683238156503975	0.00683238156503975	0.0066975198650408	0.00683238156503975	0.00683238156503975	0.00683238156503975	0.0066975198650408	0.0066975198650408	0.00683238156503975	0.0066975198650408	0.00683238156503975	0.00683238156503975	0.00251622641160646	0.00683238156503975	0.00683238156503975	0.00251622641160646	0.187695623775058	0.0145450857404919	0.0145450857404919	0.187695623775058	0.187695623775058	0.187695623775058	0.187695623775058	0.187695623775058	0.147356167299772	0.147356167299772	0.147356167299772	0.147356167299772	0.147356167299772	0.147356167299772	0.147356167299772	0.147356167299772	0.147356167299772	0.542389638534159	0.542389638534159	0.00271464664068218	0.00271464664068218	0.00271464664068218	0.00271464664068218	0.00271464664068218	0.00271464664068218	0.00271464664068218	0.00271464664068218	0.00271464664068218	0.00271464664068218	0.00271464664068218	0.00271464664068218	0.00271464664068218	0.00271464664068218	0.00271464664068218	0.00271464664068218	0.00271464664068218	0.00271464664068218	0.00398735287315602	0.00271464664068218	0.00271464664068218	0.0040312535191901	0.0040312535191901	0.00271464664068218	0.00271464664068218	0.00271464664068218	0.00271464664068218	0.00229454042394437	0.00229454042394437	0.00271464664068218	0.00271464664068218	0.818341974404904	0.1614295429581	0.00271464664068218	0.00271464664068218	0.818341974404904	0.0145450857404919	0.00683238156503975	0.187695623775058	0.00271464664068218	0.00271464664068218	0.00251622641160646	0.0145450857404919	0.00251622641160646	0.00683238156503975	0.187695623775058	0.00271464664068218	0.00271464664068218	0.0145450857404919	0.00251622641160646	0.00683238156503975	0.187695623775058	0.00271464664068218	0.00271464664068218
PCLZ143	0.00112972090151959	0.00753304154634761	0.0018704510640284	0.00753304154634761	0.00110273378550258	0.0018704510640284	0.00166927330934033	0.0018704510640284	0.0018640599791822	0.00199246528598744	0.0018704510640284	0.0018704510640284	0.00199246528598744	0.0018704510640284	0.00119532825020493	0.00110273378550258	0.0018704510640284	0.0018704510640284	0.00205537903663934	0.0018704510640284	0.0018704510640284	0.0018704510640284	0.00205537903663934	0.00205537903663934	0.0018704510640284	0.00205537903663934	0.0018704510640284	0.0018704510640284	0.00110273378550258	0.0018704510640284	0.0018704510640284	0.00110273378550258	0.21398699753937	0.00753304154634761	0.00753304154634761	0.21398699753937	0.21398699753937	0.21398699753937	0.21398699753937	0.21398699753937	0.157978455209113	0.157978455209113	0.157978455209113	0.157978455209113	0.157978455209113	0.157978455209113	0.157978455209113	0.157978455209113	0.157978455209113	0.66593517574586	0.66593517574586	0.00181395826039861	0.00181395826039861	0.00181395826039861	0.00181395826039861	0.00181395826039861	0.00181395826039861	0.00181395826039861	0.00181395826039861	0.00181395826039861	0.00181395826039861	0.00181395826039861	0.00181395826039861	0.00181395826039861	0.00181395826039861	0.00181395826039861	0.00181395826039861	0.00181395826039861	0.00181395826039861	0.00112972090151959	0.00181395826039861	0.00181395826039861	0.000634579662988584	0.000634579662988584	0.00181395826039861	0.00181395826039861	0.00181395826039861	0.00181395826039861	0.00160557753541625	0.00160557753541625	0.00181395826039861	0.00181395826039861	0.831667607633187	0.115037622890684	0.00181395826039861	0.00181395826039861	0.831667607633187	0.00753304154634761	0.0018704510640284	0.21398699753937	0.00181395826039861	0.00181395826039861	0.00110273378550258	0.00753304154634761	0.00110273378550258	0.0018704510640284	0.21398699753937	0.00181395826039861	0.00181395826039861	0.00753304154634761	0.00110273378550258	0.0018704510640284	0.21398699753937	0.00181395826039861	0.00181395826039861
PCLZ144	3.59733896732728e-05	9.21727306051934e-06	5.92797582370169e-05	9.21727306051934e-06	2.9643176312178e-05	5.92797582370169e-05	5.93064636430648e-06	5.92797582370169e-05	4.74283473571566e-05	5.04245476573502e-05	5.92797582370169e-05	5.92797582370169e-05	5.04245476573502e-05	5.92797582370169e-05	3.39657053899187e-05	2.9643176312178e-05	5.92797582370169e-05	5.92797582370169e-05	5.83820848457494e-05	5.92797582370169e-05	5.92797582370169e-05	5.92797582370169e-05	5.83820848457494e-05	5.83820848457494e-05	5.92797582370169e-05	5.83820848457494e-05	5.92797582370169e-05	5.92797582370169e-05	2.9643176312178e-05	5.92797582370169e-05	5.92797582370169e-05	2.9643176312178e-05	0.00731610847880965	9.21727306051934e-06	9.21727306051934e-06	0.00731610847880965	0.00731610847880965	0.00731610847880965	0.00731610847880965	0.00731610847880965	0.00630774070988057	0.00630774070988057	0.00630774070988057	0.00630774070988057	0.00630774070988057	0.00630774070988057	0.00630774070988057	0.00630774070988057	0.00630774070988057	0.0518739098901219	0.0518739098901219	1.08590612675476e-05	1.08590612675476e-05	1.08590612675476e-05	1.08590612675476e-05	1.08590612675476e-05	1.08590612675476e-05	1.08590612675476e-05	1.08590612675476e-05	1.08590612675476e-05	1.08590612675476e-05	1.08590612675476e-05	1.08590612675476e-05	1.08590612675476e-05	1.08590612675476e-05	1.08590612675476e-05	1.08590612675476e-05	1.08590612675476e-05	1.08590612675476e-05	3.59733896732728e-05	1.08590612675476e-05	1.08590612675476e-05	1.99075855965568e-05	1.99075855965568e-05	1.08590612675476e-05	1.08590612675476e-05	1.08590612675476e-05	1.08590612675476e-05	5.84805843294862e-05	5.84805843294862e-05	1.08590612675476e-05	1.08590612675476e-05	0.206530674166759	0.00596366621952148	1.08590612675476e-05	1.08590612675476e-05	0.206530674166759	9.21727306051934e-06	5.92797582370169e-05	0.00731610847880965	1.08590612675476e-05	1.08590612675476e-05	2.9643176312178e-05	9.21727306051934e-06	2.9643176312178e-05	5.92797582370169e-05	0.00731610847880965	1.08590612675476e-05	1.08590612675476e-05	9.21727306051934e-06	2.9643176312178e-05	5.92797582370169e-05	0.00731610847880965	1.08590612675476e-05	1.08590612675476e-05
PCLZ145	0.000554996642977536	0.00128363281747771	0.000510722884926967	0.00128363281747771	0.000548735161221839	0.000510722884926967	0.000549656087709654	0.000510722884926967	0.00048966732734195	0.00048005015096355	0.000510722884926967	0.000510722884926967	0.00048005015096355	0.000510722884926967	0.000560738468287914	0.000548735161221839	0.000510722884926967	0.000510722884926967	0.000531515631370305	0.000510722884926967	0.000510722884926967	0.000510722884926967	0.000531515631370305	0.000531515631370305	0.000510722884926967	0.000531515631370305	0.000510722884926967	0.000510722884926967	0.000548735161221839	0.000510722884926967	0.000510722884926967	0.000548735161221839	0.0444381770573869	0.00128363281747771	0.00128363281747771	0.0444381770573869	0.0444381770573869	0.0444381770573869	0.0444381770573869	0.0444381770573869	0.041511054720441	0.041511054720441	0.041511054720441	0.041511054720441	0.041511054720441	0.041511054720441	0.041511054720441	0.041511054720441	0.041511054720441	0.240808408488374	0.240808408488374	0.000553282199952609	0.000553282199952609	0.000553282199952609	0.000553282199952609	0.000553282199952609	0.000553282199952609	0.000553282199952609	0.000553282199952609	0.000553282199952609	0.000553282199952609	0.000553282199952609	0.000553282199952609	0.000553282199952609	0.000553282199952609	0.000553282199952609	0.000553282199952609	0.000553282199952609	0.000553282199952609	0.000554996642977536	0.000553282199952609	0.000553282199952609	0.00015834498456126	0.00015834498456126	0.000553282199952609	0.000553282199952609	0.000553282199952609	0.000553282199952609	0.000645995492180918	0.000645995492180918	0.000553282199952609	0.000553282199952609	0.660397849182199	0.043004622673731	0.000553282199952609	0.000553282199952609	0.6603978491822	0.00128363281747771	0.000510722884926967	0.0444381770573869	0.000553282199952609	0.000553282199952609	0.000548735161221839	0.00128363281747771	0.000548735161221839	0.000510722884926967	0.0444381770573869	0.000553282199952609	0.000553282199952609	0.00128363281747771	0.000548735161221839	0.000510722884926967	0.0444381770573869	0.000553282199952609	0.000553282199952609
PCLZ147	0.0330182695036369	0.0453963393140894	0.0360485813261978	0.0453963393140894	0.0161930749608278	0.0360485813261978	0.0155193965002819	0.0360485813261978	0.0251783576561989	0.0250353961707147	0.0360485813261978	0.0360485813261978	0.0250353961707147	0.0360485813261978	0.0276080526392275	0.0161930749608278	0.0360485813261978	0.0360485813261978	0.0337251156531163	0.0360485813261978	0.0360485813261978	0.0360485813261978	0.0337251156531163	0.0337251156531163	0.0360485813261978	0.0337251156531163	0.0360485813261978	0.0360485813261978	0.0161930749608278	0.0360485813261978	0.0360485813261978	0.0161930749608278	0.807142258832084	0.0453963393140894	0.0453963393140894	0.807142258832084	0.807142258832084	0.807142258832084	0.807142258832084	0.807142258832084	0.734338432360618	0.734338432360618	0.734338432360618	0.734338432360618	0.734338432360618	0.734338432360618	0.734338432360618	0.734338432360618	0.734338432360618	0.907377797119584	0.907377797119584	0.0429417601365208	0.0429417601365208	0.0429417601365208	0.0429417601365208	0.0429417601365208	0.0429417601365208	0.0429417601365208	0.0429417601365208	0.0429417601365208	0.0429417601365208	0.0429417601365208	0.0429417601365208	0.0429417601365208	0.0429417601365208	0.0429417601365208	0.0429417601365208	0.0429417601365208	0.0429417601365208	0.0330182695036369	0.0429417601365208	0.0429417601365208	0.015886261959577	0.015886261959577	0.0429417601365208	0.0429417601365208	0.0429417601365208	0.0429417601365208	0.0448755824913443	0.0448755824913443	0.0429417601365208	0.0429417601365208	0.990172317531823	0.622479454925079	0.0429417601365208	0.0429417601365208	0.990172317531823	0.0453963393140894	0.0360485813261978	0.807142258832084	0.0429417601365208	0.0429417601365208	0.0161930749608278	0.0453963393140894	0.0161930749608278	0.0360485813261978	0.807142258832084	0.0429417601365208	0.0429417601365208	0.0453963393140894	0.0161930749608278	0.0360485813261978	0.807142258832084	0.0429417601365208	0.0429417601365208
PCLZ148	0.000775149920920104	0.000999086742852128	0.000309384908273855	0.000999086742852128	0.000438847048532122	0.000309384908273855	0.000430807966787711	0.000309384908273855	0.000211384788913029	0.000212861225994542	0.000309384908273855	0.000309384908273855	0.000212861225994542	0.000309384908273855	0.000975606111472593	0.000438847048532122	0.000309384908273855	0.000309384908273855	0.000350886538101416	0.000309384908273855	0.000309384908273855	0.000309384908273855	0.000350886538101416	0.000350886538101416	0.000309384908273855	0.000350886538101416	0.000309384908273855	0.000309384908273855	0.000438847048532122	0.000309384908273855	0.000309384908273855	0.000438847048532122	0.0158285120854815	0.000999086742852128	0.000999086742852128	0.0158285120854815	0.0158285120854815	0.0158285120854815	0.0158285120854815	0.0158285120854815	0.012520123865558	0.012520123865558	0.012520123865558	0.012520123865558	0.012520123865558	0.012520123865558	0.012520123865558	0.012520123865558	0.012520123865558	0.0753584378887855	0.0753584378887855	0.000696923125280047	0.000696923125280047	0.000696923125280047	0.000696923125280047	0.000696923125280047	0.000696923125280047	0.000696923125280047	0.000696923125280047	0.000696923125280047	0.000696923125280047	0.000696923125280047	0.000696923125280047	0.000696923125280047	0.000696923125280047	0.000696923125280047	0.000696923125280047	0.000696923125280047	0.000696923125280047	0.000775149920920104	0.000696923125280047	0.000696923125280047	0.000117850836977294	0.000117850836977294	0.000696923125280047	0.000696923125280047	0.000696923125280047	0.000696923125280047	0.00104046177814377	0.00104046177814377	0.000696923125280047	0.000696923125280047	0.349343498552046	0.00921205790962602	0.000696923125280047	0.000696923125280047	0.349343498552046	0.000999086742852128	0.000309384908273855	0.0158285120854815	0.000696923125280047	0.000696923125280047	0.000438847048532122	0.000999086742852128	0.000438847048532122	0.000309384908273855	0.0158285120854815	0.000696923125280047	0.000696923125280047	0.000999086742852128	0.000438847048532122	0.000309384908273855	0.0158285120854815	0.000696923125280047	0.000696923125280047
X5	3.92809440838474e-05	2.45598857935642e-05	2.03749260370332e-05	2.45598857935642e-05	1.97348420777405e-05	2.03749260370332e-05	1.82653595767195e-05	2.03749260370332e-05	1.21961675378851e-05	1.36078240180929e-05	2.03749260370332e-05	2.03749260370332e-05	1.36078240180929e-05	2.03749260370332e-05	3.05668524180818e-05	1.97348420777405e-05	2.03749260370332e-05	2.03749260370332e-05	1.85515167633412e-05	2.03749260370332e-05	2.03749260370332e-05	2.03749260370332e-05	1.85515167633412e-05	1.85515167633412e-05	2.03749260370332e-05	1.85515167633412e-05	2.03749260370332e-05	2.03749260370332e-05	1.97348420777405e-05	2.03749260370332e-05	2.03749260370332e-05	1.97348420777405e-05	0.00447355159968488	2.45598857935642e-05	2.45598857935642e-05	0.00447355159968488	0.00447355159968488	0.00447355159968488	0.00447355159968488	0.00447355159968488	0.0042475406869473	0.0042475406869473	0.0042475406869473	0.0042475406869473	0.0042475406869473	0.0042475406869473	0.0042475406869473	0.0042475406869473	0.0042475406869473	0.0494540453964818	0.0494540453964818	5.36759933921074e-05	5.36759933921074e-05	5.36759933921074e-05	5.36759933921074e-05	5.36759933921074e-05	5.36759933921074e-05	5.36759933921074e-05	5.36759933921074e-05	5.36759933921074e-05	5.36759933921074e-05	5.36759933921074e-05	5.36759933921074e-05	5.36759933921074e-05	5.36759933921074e-05	5.36759933921074e-05	5.36759933921074e-05	5.36759933921074e-05	5.36759933921074e-05	3.92809440838474e-05	5.36759933921074e-05	5.36759933921074e-05	6.13268851679158e-06	6.13268851679158e-06	5.36759933921074e-05	5.36759933921074e-05	5.36759933921074e-05	5.36759933921074e-05	7.89544538884447e-05	7.89544538884447e-05	5.36759933921074e-05	5.36759933921074e-05	0.219023267823798	0.00360689068630763	5.36759933921074e-05	5.36759933921074e-05	0.219023267823798	2.45598857935642e-05	2.03749260370332e-05	0.00447355159968488	5.36759933921074e-05	5.36759933921074e-05	1.97348420777405e-05	2.45598857935642e-05	1.97348420777405e-05	2.03749260370332e-05	0.00447355159968488	5.36759933921074e-05	5.36759933921074e-05	2.45598857935642e-05	1.97348420777405e-05	2.03749260370332e-05	0.00447355159968488	5.36759933921074e-05	5.36759933921074e-05
X7	0.000426521811744443	0.00026108007339414	0.000137938747080856	0.00026108007339414	0.000249990197767639	0.000137938747080856	0.000249937005059198	0.000137938747080856	0.000100201843195578	0.00010015264649656	0.000137938747080856	0.000137938747080856	0.00010015264649656	0.000137938747080856	0.000383754041740247	0.000249990197767639	0.000137938747080856	0.000137938747080856	0.000140057979978189	0.000137938747080856	0.000137938747080856	0.000137938747080856	0.000140057979978189	0.000140057979978189	0.000137938747080856	0.000140057979978189	0.000137938747080856	0.000137938747080856	0.000249990197767639	0.000137938747080856	0.000137938747080856	0.000249990197767639	0.00662409809093261	0.00026108007339414	0.00026108007339414	0.00662409809093261	0.00662409809093261	0.00662409809093261	0.00662409809093261	0.00662409809093261	0.00643454969058787	0.00643454969058787	0.00643454969058787	0.00643454969058787	0.00643454969058787	0.00643454969058787	0.00643454969058787	0.00643454969058787	0.00643454969058787	0.0535082961500767	0.0535082961500767	0.000481943843265556	0.000481943843265556	0.000481943843265556	0.000481943843265556	0.000481943843265556	0.000481943843265556	0.000481943843265556	0.000481943843265556	0.000481943843265556	0.000481943843265556	0.000481943843265556	0.000481943843265556	0.000481943843265556	0.000481943843265556	0.000481943843265556	0.000481943843265556	0.000481943843265556	0.000481943843265556	0.000426521811744443	0.000481943843265556	0.000481943843265556	0.000102205306208198	0.000102205306208198	0.000481943843265556	0.000481943843265556	0.000481943843265556	0.000481943843265556	0.000597216618712511	0.000597216618712511	0.000481943843265556	0.000481943843265556	0.230396478884879	0.00358095302937132	0.000481943843265556	0.000481943843265556	0.23039647888488	0.00026108007339414	0.000137938747080856	0.00662409809093261	0.000481943843265556	0.000481943843265556	0.000249990197767639	0.00026108007339414	0.000249990197767639	0.000137938747080856	0.00662409809093261	0.000481943843265556	0.000481943843265556	0.00026108007339414	0.000249990197767639	0.000137938747080856	0.00662409809093261	0.000481943843265556	0.000481943843265556
X8	0.000426384250861686	0.000311762271722912	0.000889106605695155	0.000311762271722912	0.000284818692310282	0.000889106605695155	0.000182490200103449	0.000889106605695155	0.000696906910647827	0.000746376890442362	0.000889106605695155	0.000889106605695155	0.000746376890442362	0.000889106605695155	0.000336559541209061	0.000284818692310282	0.000889106605695155	0.000889106605695155	0.000833648760939094	0.000889106605695155	0.000889106605695155	0.000889106605695155	0.000833648760939094	0.000833648760939094	0.000889106605695155	0.000833648760939094	0.000889106605695155	0.000889106605695155	0.000284818692310282	0.000889106605695155	0.000889106605695155	0.000284818692310282	0.12635320393734	0.000311762271722912	0.000311762271722912	0.12635320393734	0.12635320393734	0.12635320393734	0.12635320393734	0.12635320393734	0.0958896636701816	0.0958896636701816	0.0958896636701816	0.0958896636701816	0.0958896636701816	0.0958896636701816	0.0958896636701816	0.0958896636701816	0.0958896636701816	0.475936209712148	0.475936209712148	0.000504804544065776	0.000504804544065776	0.000504804544065776	0.000504804544065776	0.000504804544065776	0.000504804544065776	0.000504804544065776	0.000504804544065776	0.000504804544065776	0.000504804544065776	0.000504804544065776	0.000504804544065776	0.000504804544065776	0.000504804544065776	0.000504804544065776	0.000504804544065776	0.000504804544065776	0.000504804544065776	0.000426384250861686	0.000504804544065776	0.000504804544065776	0.000265442075448771	0.000265442075448771	0.000504804544065776	0.000504804544065776	0.000504804544065776	0.000504804544065776	0.000847135806826002	0.000847135806826002	0.000504804544065776	0.000504804544065776	0.806938167153152	0.0621397683858485	0.000504804544065776	0.000504804544065776	0.806938167153152	0.000311762271722912	0.000889106605695155	0.12635320393734	0.000504804544065776	0.000504804544065776	0.000284818692310282	0.000311762271722912	0.000284818692310282	0.000889106605695155	0.12635320393734	0.000504804544065776	0.000504804544065776	0.000311762271722912	0.000284818692310282	0.000889106605695155	0.12635320393734	0.000504804544065776	0.000504804544065776
X9	6.91435353389369e-05	5.81927609602495e-05	2.46866045623506e-05	5.81927609602495e-05	3.52273721629864e-05	2.46866045623506e-05	3.12867497334518e-05	2.46866045623506e-05	1.68984993496526e-05	2.07885761872694e-05	2.46866045623506e-05	2.46866045623506e-05	2.07885761872694e-05	2.46866045623506e-05	5.89250316545386e-05	3.52273721629864e-05	2.46866045623506e-05	2.46866045623506e-05	2.74596144121025e-05	2.46866045623506e-05	2.46866045623506e-05	2.46866045623506e-05	2.74596144121025e-05	2.74596144121025e-05	2.46866045623506e-05	2.74596144121025e-05	2.46866045623506e-05	2.46866045623506e-05	3.52273721629864e-05	2.46866045623506e-05	2.46866045623506e-05	3.52273721629864e-05	0.00533959803675609	5.81927609602495e-05	5.81927609602495e-05	0.00533959803675609	0.00533959803675609	0.00533959803675609	0.00533959803675609	0.00533959803675609	0.00453031827460158	0.00453031827460158	0.00453031827460158	0.00453031827460158	0.00453031827460158	0.00453031827460158	0.00453031827460158	0.00453031827460158	0.00453031827460158	0.0614376015806865	0.0614376015806865	6.05424221454723e-05	6.05424221454723e-05	6.05424221454723e-05	6.05424221454723e-05	6.05424221454723e-05	6.05424221454723e-05	6.05424221454723e-05	6.05424221454723e-05	6.05424221454723e-05	6.05424221454723e-05	6.05424221454723e-05	6.05424221454723e-05	6.05424221454723e-05	6.05424221454723e-05	6.05424221454723e-05	6.05424221454723e-05	6.05424221454723e-05	6.05424221454723e-05	6.91435353389369e-05	6.05424221454723e-05	6.05424221454723e-05	1.22180181089186e-05	1.22180181089186e-05	6.05424221454723e-05	6.05424221454723e-05	6.05424221454723e-05	6.05424221454723e-05	9.63865557253663e-05	9.63865557253663e-05	6.05424221454723e-05	6.05424221454723e-05	0.175175555411109	0.00242986769852069	6.05424221454723e-05	6.05424221454723e-05	0.17517555541111	5.81927609602495e-05	2.46866045623506e-05	0.00533959803675609	6.05424221454723e-05	6.05424221454723e-05	3.52273721629864e-05	5.81927609602495e-05	3.52273721629864e-05	2.46866045623506e-05	0.00533959803675609	6.05424221454723e-05	6.05424221454723e-05	5.81927609602495e-05	3.52273721629864e-05	2.46866045623506e-05	0.00533959803675609	6.05424221454723e-05	6.05424221454723e-05
X10	0.000548704857021928	0.000237348718634954	0.00012534731777388	0.000237348718634954	0.000311004621822389	0.00012534731777388	0.000150312053336195	0.00012534731777388	8.16414128252731e-05	9.8361582679521e-05	0.00012534731777388	0.00012534731777388	9.8361582679521e-05	0.00012534731777388	0.0004471032875436	0.000311004621822389	0.00012534731777388	0.00012534731777388	0.000127866615779016	0.00012534731777388	0.00012534731777388	0.00012534731777388	0.000127866615779016	0.000127866615779016	0.00012534731777388	0.000127866615779016	0.00012534731777388	0.00012534731777388	0.000311004621822389	0.00012534731777388	0.00012534731777388	0.000311004621822389	0.0218347106876356	0.000237348718634954	0.000237348718634954	0.0218347106876356	0.0218347106876356	0.0218347106876356	0.0218347106876356	0.0218347106876356	0.0187673950414028	0.0187673950414028	0.0187673950414028	0.0187673950414028	0.0187673950414028	0.0187673950414028	0.0187673950414028	0.0187673950414028	0.0187673950414028	0.259213204510291	0.259213204510291	0.00043687438800443	0.00043687438800443	0.00043687438800443	0.00043687438800443	0.00043687438800443	0.00043687438800443	0.00043687438800443	0.00043687438800443	0.00043687438800443	0.00043687438800443	0.00043687438800443	0.00043687438800443	0.00043687438800443	0.00043687438800443	0.00043687438800443	0.00043687438800443	0.00043687438800443	0.00043687438800443	0.000548704857021928	0.00043687438800443	0.00043687438800443	4.14522889761893e-05	4.14522889761893e-05	0.00043687438800443	0.00043687438800443	0.00043687438800443	0.00043687438800443	0.00107493783326892	0.00107493783326892	0.00043687438800443	0.00043687438800443	0.497991939399428	0.00934663678226198	0.00043687438800443	0.00043687438800443	0.497991939399429	0.000237348718634954	0.00012534731777388	0.0218347106876356	0.00043687438800443	0.00043687438800443	0.000311004621822389	0.000237348718634954	0.000311004621822389	0.00012534731777388	0.0218347106876356	0.00043687438800443	0.00043687438800443	0.000237348718634954	0.000311004621822389	0.00012534731777388	0.0218347106876356	0.00043687438800443	0.00043687438800443
X12	0.0334111985714991	0.0114173289984783	0.00396574209272801	0.0114173289984783	0.00744880003768732	0.00396574209272801	0.0109520703913378	0.00396574209272801	0.00201386808657472	0.00199093639777489	0.00396574209272801	0.00396574209272801	0.00199093639777489	0.00396574209272801	0.0137854053330007	0.00744880003768732	0.00396574209272801	0.00396574209272801	0.00306557519894038	0.00396574209272801	0.00396574209272801	0.00396574209272801	0.00306557519894038	0.00306557519894038	0.00396574209272801	0.00306557519894038	0.00396574209272801	0.00396574209272801	0.00744880003768732	0.00396574209272801	0.00396574209272801	0.00744880003768732	0.459441603135826	0.0114173289984783	0.0114173289984783	0.459441603135826	0.459441603135826	0.459441603135826	0.459441603135826	0.459441603135826	0.422476851554437	0.422476851554437	0.422476851554437	0.422476851554437	0.422476851554437	0.422476851554437	0.422476851554437	0.422476851554437	0.422476851554437	0.934331261393262	0.934331261393262	0.0556926575523372	0.0556926575523372	0.0556926575523372	0.0556926575523372	0.0556926575523372	0.0556926575523372	0.0556926575523372	0.0556926575523372	0.0556926575523372	0.0556926575523372	0.0556926575523372	0.0556926575523372	0.0556926575523372	0.0556926575523372	0.0556926575523372	0.0556926575523372	0.0556926575523372	0.0556926575523372	0.0334111985714991	0.0556926575523372	0.0556926575523372	0.00201340195484634	0.00201340195484634	0.0556926575523372	0.0556926575523372	0.0556926575523372	0.0556926575523372	0.045726647001268	0.045726647001268	0.0556926575523372	0.0556926575523372	0.904165442384695	0.271073989002969	0.0556926575523372	0.0556926575523372	0.904165442384695	0.0114173289984783	0.00396574209272801	0.459441603135826	0.0556926575523372	0.0556926575523372	0.00744880003768732	0.0114173289984783	0.00744880003768732	0.00396574209272801	0.459441603135826	0.0556926575523372	0.0556926575523372	0.0114173289984783	0.00744880003768732	0.00396574209272801	0.459441603135826	0.0556926575523372	0.0556926575523372
X13	6.2502371403929e-05	1.4886736946492e-05	5.19707353843501e-05	1.4886736946492e-05	3.80000254449529e-05	5.19707353843501e-05	1.36491742221552e-05	5.19707353843501e-05	3.18914262754283e-05	4.32267023894641e-05	5.19707353843501e-05	5.19707353843501e-05	4.32267023894641e-05	5.19707353843501e-05	3.59522415374855e-05	3.80000254449529e-05	5.19707353843501e-05	5.19707353843501e-05	4.40148426977385e-05	5.19707353843501e-05	5.19707353843501e-05	5.19707353843501e-05	4.40148426977385e-05	4.40148426977385e-05	5.19707353843501e-05	4.40148426977385e-05	5.19707353843501e-05	5.19707353843501e-05	3.80000254449529e-05	5.19707353843501e-05	5.19707353843501e-05	3.80000254449529e-05	0.0207783233654399	1.4886736946492e-05	1.4886736946492e-05	0.0207783233654399	0.0207783233654399	0.0207783233654399	0.0207783233654399	0.0207783233654399	0.0170891341228872	0.0170891341228872	0.0170891341228872	0.0170891341228872	0.0170891341228872	0.0170891341228872	0.0170891341228872	0.0170891341228872	0.0170891341228872	0.299941386198524	0.299941386198524	4.09981622751686e-05	4.09981622751686e-05	4.09981622751686e-05	4.09981622751686e-05	4.09981622751686e-05	4.09981622751686e-05	4.09981622751686e-05	4.09981622751686e-05	4.09981622751686e-05	4.09981622751686e-05	4.09981622751686e-05	4.09981622751686e-05	4.09981622751686e-05	4.09981622751686e-05	4.09981622751686e-05	4.09981622751686e-05	4.09981622751686e-05	4.09981622751686e-05	6.2502371403929e-05	4.09981622751686e-05	4.09981622751686e-05	1.42446435914411e-05	1.42446435914411e-05	4.09981622751686e-05	4.09981622751686e-05	4.09981622751686e-05	4.09981622751686e-05	0.000143512502654099	0.000143512502654099	4.09981622751686e-05	4.09981622751686e-05	0.617310293847758	0.00891639028884392	4.09981622751686e-05	4.09981622751686e-05	0.617310293847759	1.4886736946492e-05	5.19707353843501e-05	0.0207783233654399	4.09981622751686e-05	4.09981622751686e-05	3.80000254449529e-05	1.4886736946492e-05	3.80000254449529e-05	5.19707353843501e-05	0.0207783233654399	4.09981622751686e-05	4.09981622751686e-05	1.4886736946492e-05	3.80000254449529e-05	5.19707353843501e-05	0.0207783233654399	4.09981622751686e-05	4.09981622751686e-05
X15	0.00200915674260384	0.000562484224460199	0.000510620141499606	0.000562484224460199	0.000821022821154147	0.000510620141499606	0.000456987680697621	0.000510620141499606	0.00027982871031382	0.000297965585522595	0.000510620141499606	0.000510620141499606	0.000297965585522595	0.000510620141499606	0.0016202245784412	0.000821022821154147	0.000510620141499606	0.000510620141499606	0.000484135557865991	0.000510620141499606	0.000510620141499606	0.000510620141499606	0.000484135557865991	0.000484135557865991	0.000510620141499606	0.000484135557865991	0.000510620141499606	0.000510620141499606	0.000821022821154147	0.000510620141499606	0.000510620141499606	0.000821022821154147	0.154283642040989	0.000562484224460199	0.000562484224460199	0.154283642040989	0.154283642040989	0.154283642040989	0.154283642040989	0.154283642040989	0.137456639958407	0.137456639958407	0.137456639958407	0.137456639958407	0.137456639958407	0.137456639958407	0.137456639958407	0.137456639958407	0.137456639958407	0.686298685920905	0.686298685920905	0.00240965463074328	0.00240965463074328	0.00240965463074328	0.00240965463074328	0.00240965463074328	0.00240965463074328	0.00240965463074328	0.00240965463074328	0.00240965463074328	0.00240965463074328	0.00240965463074328	0.00240965463074328	0.00240965463074328	0.00240965463074328	0.00240965463074328	0.00240965463074328	0.00240965463074328	0.00240965463074328	0.00200915674260384	0.00240965463074328	0.00240965463074328	0.000123948086732104	0.000123948086732104	0.00240965463074328	0.00240965463074328	0.00240965463074328	0.00240965463074328	0.00343057984492286	0.00343057984492286	0.00240965463074328	0.00240965463074328	0.920858302489727	0.0932794961999216	0.00240965463074328	0.00240965463074328	0.920858302489727	0.000562484224460199	0.000510620141499606	0.154283642040989	0.00240965463074328	0.00240965463074328	0.000821022821154147	0.000562484224460199	0.000821022821154147	0.000510620141499606	0.154283642040989	0.00240965463074328	0.00240965463074328	0.000562484224460199	0.000821022821154147	0.000510620141499606	0.154283642040989	0.00240965463074328	0.00240965463074328
X16	0.00213207223096154	0.00355926726911336	0.00123363812915613	0.00355926726911336	0.00144311036173124	0.00123363812915613	0.00119874317215585	0.00123363812915613	0.000942364470443902	0.00103295514082157	0.00123363812915613	0.00123363812915613	0.00103295514082157	0.00123363812915613	0.00218196566144654	0.00144311036173124	0.00123363812915613	0.00123363812915613	0.00132576073716854	0.00123363812915613	0.00123363812915613	0.00123363812915613	0.00132576073716854	0.00132576073716854	0.00123363812915613	0.00132576073716854	0.00123363812915613	0.00123363812915613	0.00144311036173124	0.00123363812915613	0.00123363812915613	0.00144311036173124	0.17320040887157	0.00355926726911336	0.00355926726911336	0.17320040887157	0.17320040887157	0.17320040887157	0.17320040887157	0.17320040887157	0.13796828866255	0.13796828866255	0.13796828866255	0.13796828866255	0.13796828866255	0.13796828866255	0.13796828866255	0.13796828866255	0.13796828866255	0.652318346218372	0.652318346218372	0.0027110072751353	0.0027110072751353	0.0027110072751353	0.0027110072751353	0.0027110072751353	0.0027110072751353	0.0027110072751353	0.0027110072751353	0.0027110072751353	0.0027110072751353	0.0027110072751353	0.0027110072751353	0.0027110072751353	0.0027110072751353	0.0027110072751353	0.0027110072751353	0.0027110072751353	0.0027110072751353	0.00213207223096154	0.0027110072751353	0.0027110072751353	0.000227745661381482	0.000227745661381482	0.0027110072751353	0.0027110072751353	0.0027110072751353	0.0027110072751353	0.0052156859025188	0.0052156859025188	0.0027110072751353	0.0027110072751353	0.885650354926207	0.0976260787577827	0.0027110072751353	0.0027110072751353	0.885650354926207	0.00355926726911336	0.00123363812915613	0.17320040887157	0.0027110072751353	0.0027110072751353	0.00144311036173124	0.00355926726911336	0.00144311036173124	0.00123363812915613	0.17320040887157	0.0027110072751353	0.0027110072751353	0.00355926726911336	0.00144311036173124	0.00123363812915613	0.17320040887157	0.0027110072751353	0.0027110072751353
X18	0.00049753830829923	5.35208650442453e-05	8.9985207189527e-05	5.35208650442453e-05	0.000128735025140223	8.9985207189527e-05	4.62949127818348e-05	8.9985207189527e-05	3.48780400480286e-05	4.62084293807057e-05	8.9985207189527e-05	8.9985207189527e-05	4.62084293807057e-05	8.9985207189527e-05	0.0002617531941325	0.000128735025140223	8.9985207189527e-05	8.9985207189527e-05	7.28689465333794e-05	8.9985207189527e-05	8.9985207189527e-05	8.9985207189527e-05	7.28689465333794e-05	7.28689465333794e-05	8.9985207189527e-05	7.28689465333794e-05	8.9985207189527e-05	8.9985207189527e-05	0.000128735025140223	8.9985207189527e-05	8.9985207189527e-05	0.000128735025140223	0.0346307103204865	5.35208650442453e-05	5.35208650442453e-05	0.0346307103204865	0.0346307103204865	0.0346307103204865	0.0346307103204865	0.0346307103204865	0.0314536609329351	0.0314536609329351	0.0314536609329351	0.0314536609329351	0.0314536609329351	0.0314536609329351	0.0314536609329351	0.0314536609329351	0.0314536609329351	0.301852576434769	0.301852576434769	0.000336387528943518	0.000336387528943518	0.000336387528943518	0.000336387528943518	0.000336387528943518	0.000336387528943518	0.000336387528943518	0.000336387528943518	0.000336387528943518	0.000336387528943518	0.000336387528943518	0.000336387528943518	0.000336387528943518	0.000336387528943518	0.000336387528943518	0.000336387528943518	0.000336387528943518	0.000336387528943518	0.00049753830829923	0.000336387528943518	0.000336387528943518	3.61974663849073e-05	3.61974663849073e-05	0.000336387528943518	0.000336387528943518	0.000336387528943518	0.000336387528943518	0.000740296103858966	0.000740296103858966	0.000336387528943518	0.000336387528943518	0.680175381427745	0.0186438657955619	0.000336387528943518	0.000336387528943518	0.680175381427745	5.35208650442453e-05	8.9985207189527e-05	0.0346307103204865	0.000336387528943518	0.000336387528943518	0.000128735025140223	5.35208650442453e-05	0.000128735025140223	8.9985207189527e-05	0.0346307103204865	0.000336387528943518	0.000336387528943518	5.35208650442453e-05	0.000128735025140223	8.9985207189527e-05	0.0346307103204865	0.000336387528943518	0.000336387528943518
X19	0.00120178005827057	0.00342420315975798	0.00025710978293554	0.00342420315975798	0.00115053387922017	0.00025710978293554	0.00144038222078145	0.00025710978293554	0.000240830706728407	0.000236194172207887	0.00025710978293554	0.00025710978293554	0.000236194172207887	0.00025710978293554	0.00117904596234914	0.00115053387922017	0.00025710978293554	0.00025710978293554	0.000269569506460705	0.00025710978293554	0.00025710978293554	0.00025710978293554	0.000269569506460705	0.000269569506460705	0.00025710978293554	0.000269569506460705	0.00025710978293554	0.00025710978293554	0.00115053387922017	0.00025710978293554	0.00025710978293554	0.00115053387922017	0.0522289029026559	0.00342420315975798	0.00342420315975798	0.0522289029026559	0.0522289029026559	0.0522289029026559	0.0522289029026559	0.0522289029026559	0.0412699926068173	0.0412699926068173	0.0412699926068173	0.0412699926068173	0.0412699926068173	0.0412699926068173	0.0412699926068173	0.0412699926068173	0.0412699926068173	0.396246993625625	0.396246993625625	0.00201803352417955	0.00201803352417955	0.00201803352417955	0.00201803352417955	0.00201803352417955	0.00201803352417955	0.00201803352417955	0.00201803352417955	0.00201803352417955	0.00201803352417955	0.00201803352417955	0.00201803352417955	0.00201803352417955	0.00201803352417955	0.00201803352417955	0.00201803352417955	0.00201803352417955	0.00201803352417955	0.00120178005827057	0.00201803352417955	0.00201803352417955	8.96115181085908e-05	8.96115181085908e-05	0.00201803352417955	0.00201803352417955	0.00201803352417955	0.00201803352417955	0.00229303331241129	0.00229303331241129	0.00201803352417955	0.00201803352417955	0.584855787900569	0.0252670708090812	0.00201803352417955	0.00201803352417955	0.58485578790057	0.00342420315975798	0.00025710978293554	0.0522289029026559	0.00201803352417955	0.00201803352417955	0.00115053387922017	0.00342420315975798	0.00115053387922017	0.00025710978293554	0.0522289029026559	0.00201803352417955	0.00201803352417955	0.00342420315975798	0.00115053387922017	0.00025710978293554	0.0522289029026559	0.00201803352417955	0.00201803352417955
X21	0.0118720032806558	0.0124067418897438	0.000958851757429195	0.0124067418897438	0.00605480727379071	0.000958851757429195	0.00548685200129732	0.000958851757429195	0.000615509825328083	0.000699717555846812	0.000958851757429195	0.000958851757429195	0.000699717555846812	0.000958851757429195	0.0109569537913204	0.00605480727379071	0.000958851757429195	0.000958851757429195	0.00102841005266459	0.000958851757429195	0.000958851757429195	0.000958851757429195	0.00102841005266459	0.00102841005266459	0.000958851757429195	0.00102841005266459	0.000958851757429195	0.000958851757429195	0.00605480727379071	0.000958851757429195	0.000958851757429195	0.00605480727379071	0.130399374407685	0.0124067418897438	0.0124067418897438	0.130399374407685	0.130399374407685	0.130399374407685	0.130399374407685	0.130399374407685	0.120778938088427	0.120778938088427	0.120778938088427	0.120778938088427	0.120778938088427	0.120778938088427	0.120778938088427	0.120778938088427	0.120778938088427	0.417806503115529	0.417806503115529	0.0176634096298257	0.0176634096298257	0.0176634096298257	0.0176634096298257	0.0176634096298257	0.0176634096298257	0.0176634096298257	0.0176634096298257	0.0176634096298257	0.0176634096298257	0.0176634096298257	0.0176634096298257	0.0176634096298257	0.0176634096298257	0.0176634096298257	0.0176634096298257	0.0176634096298257	0.0176634096298257	0.0118720032806558	0.0176634096298257	0.0176634096298257	0.000320763190213544	0.000320763190213544	0.0176634096298257	0.0176634096298257	0.0176634096298257	0.0176634096298257	0.0183335476471155	0.0183335476471155	0.0176634096298257	0.0176634096298257	0.896013327365276	0.0729241827313564	0.0176634096298257	0.0176634096298257	0.896013327365276	0.0124067418897438	0.000958851757429195	0.130399374407685	0.0176634096298257	0.0176634096298257	0.00605480727379071	0.0124067418897438	0.00605480727379071	0.000958851757429195	0.130399374407685	0.0176634096298257	0.0176634096298257	0.0124067418897438	0.00605480727379071	0.000958851757429195	0.130399374407685	0.0176634096298257	0.0176634096298257
X22	0.000920790972115585	0.000297801596316434	0.000261625668603924	0.000297801596316434	0.00043311782966802	0.000261625668603924	0.000243171904348554	0.000261625668603924	0.000158973491708831	0.000175399960958706	0.000261625668603924	0.000261625668603924	0.000175399960958706	0.000261625668603924	0.000606214369272713	0.00043311782966802	0.000261625668603924	0.000261625668603924	0.000227325772829802	0.000261625668603924	0.000261625668603924	0.000261625668603924	0.000227325772829802	0.000227325772829802	0.000261625668603924	0.000227325772829802	0.000261625668603924	0.000261625668603924	0.00043311782966802	0.000261625668603924	0.000261625668603924	0.00043311782966802	0.0400020291952168	0.000297801596316434	0.000297801596316434	0.0400020291952168	0.0400020291952168	0.0400020291952168	0.0400020291952168	0.0400020291952168	0.0377369162330754	0.0377369162330754	0.0377369162330754	0.0377369162330754	0.0377369162330754	0.0377369162330754	0.0377369162330754	0.0377369162330754	0.0377369162330754	0.271547390796419	0.271547390796419	0.000789603632917283	0.000789603632917283	0.000789603632917283	0.000789603632917283	0.000789603632917283	0.000789603632917283	0.000789603632917283	0.000789603632917283	0.000789603632917283	0.000789603632917283	0.000789603632917283	0.000789603632917283	0.000789603632917283	0.000789603632917283	0.000789603632917283	0.000789603632917283	0.000789603632917283	0.000789603632917283	0.000920790972115585	0.000789603632917283	0.000789603632917283	0.000119908865555506	0.000119908865555506	0.000789603632917283	0.000789603632917283	0.000789603632917283	0.000789603632917283	0.0010990727135563	0.0010990727135563	0.000789603632917283	0.000789603632917283	0.680728282442813	0.0255249317665807	0.000789603632917283	0.000789603632917283	0.680728282442814	0.000297801596316434	0.000261625668603924	0.0400020291952168	0.000789603632917283	0.000789603632917283	0.00043311782966802	0.000297801596316434	0.00043311782966802	0.000261625668603924	0.0400020291952168	0.000789603632917283	0.000789603632917283	0.000297801596316434	0.00043311782966802	0.000261625668603924	0.0400020291952168	0.000789603632917283	0.000789603632917283
X23	7.74311974525002e-05	7.67912439320543e-05	3.20754929156902e-05	7.67912439320543e-05	3.58408130045134e-05	3.20754929156902e-05	2.88345571393344e-05	3.20754929156902e-05	2.20759155446539e-05	2.49732317801018e-05	3.20754929156902e-05	3.20754929156902e-05	2.49732317801018e-05	3.20754929156902e-05	5.02994319189888e-05	3.58408130045134e-05	3.20754929156902e-05	3.20754929156902e-05	3.08174322821387e-05	3.20754929156902e-05	3.20754929156902e-05	3.20754929156902e-05	3.08174322821387e-05	3.08174322821387e-05	3.20754929156902e-05	3.08174322821387e-05	3.20754929156902e-05	3.20754929156902e-05	3.58408130045134e-05	3.20754929156902e-05	3.20754929156902e-05	3.58408130045134e-05	0.0121492412161099	7.67912439320543e-05	7.67912439320543e-05	0.0121492412161099	0.0121492412161099	0.0121492412161099	0.0121492412161099	0.0121492412161099	0.00977677601717985	0.00977677601717985	0.00977677601717985	0.00977677601717985	0.00977677601717985	0.00977677601717985	0.00977677601717985	0.00977677601717985	0.00977677601717985	0.0590279123019207	0.0590279123019207	0.000105733240858063	0.000105733240858063	0.000105733240858063	0.000105733240858063	0.000105733240858063	0.000105733240858063	0.000105733240858063	0.000105733240858063	0.000105733240858063	0.000105733240858063	0.000105733240858063	0.000105733240858063	0.000105733240858063	0.000105733240858063	0.000105733240858063	0.000105733240858063	0.000105733240858063	0.000105733240858063	7.74311974525002e-05	0.000105733240858063	0.000105733240858063	1.46412939447154e-05	1.46412939447154e-05	0.000105733240858063	0.000105733240858063	0.000105733240858063	0.000105733240858063	0.000152528841065601	0.000152528841065601	0.000105733240858063	0.000105733240858063	0.445094296747807	0.00613357077984594	0.000105733240858063	0.000105733240858063	0.445094296747808	7.67912439320543e-05	3.20754929156902e-05	0.0121492412161099	0.000105733240858063	0.000105733240858063	3.58408130045134e-05	7.67912439320543e-05	3.58408130045134e-05	3.20754929156902e-05	0.0121492412161099	0.000105733240858063	0.000105733240858063	7.67912439320543e-05	3.58408130045134e-05	3.20754929156902e-05	0.0121492412161099	0.000105733240858063	0.000105733240858063
X24	0.0038635714528068	0.00270626470192102	0.00094731651229516	0.00270626470192102	0.00195917344345255	0.00094731651229516	0.00100905077782144	0.00094731651229516	0.000607696459211014	0.000695868052269548	0.00094731651229516	0.00094731651229516	0.000695868052269548	0.00094731651229516	0.00277830347968567	0.00195917344345255	0.00094731651229516	0.00094731651229516	0.000903518049676886	0.00094731651229516	0.00094731651229516	0.00094731651229516	0.000903518049676886	0.000903518049676886	0.00094731651229516	0.000903518049676886	0.00094731651229516	0.00094731651229516	0.00195917344345255	0.00094731651229516	0.00094731651229516	0.00195917344345255	0.180462925884243	0.00270626470192102	0.00270626470192102	0.180462925884243	0.180462925884243	0.180462925884243	0.180462925884243	0.180462925884243	0.15053382951785	0.15053382951785	0.15053382951785	0.15053382951785	0.15053382951785	0.15053382951785	0.15053382951785	0.15053382951785	0.15053382951785	0.617973704294626	0.617973704294626	0.00191801748478812	0.00191801748478812	0.00191801748478812	0.00191801748478812	0.00191801748478812	0.00191801748478812	0.00191801748478812	0.00191801748478812	0.00191801748478812	0.00191801748478812	0.00191801748478812	0.00191801748478812	0.00191801748478812	0.00191801748478812	0.00191801748478812	0.00191801748478812	0.00191801748478812	0.00191801748478812	0.0038635714528068	0.00191801748478812	0.00191801748478812	0.000339104620542626	0.000339104620542626	0.00191801748478812	0.00191801748478812	0.00191801748478812	0.00191801748478812	0.00357076440045569	0.00357076440045569	0.00191801748478812	0.00191801748478812	0.931737031653336	0.134290258996753	0.00191801748478812	0.00191801748478812	0.931737031653337	0.00270626470192102	0.00094731651229516	0.180462925884243	0.00191801748478812	0.00191801748478812	0.00195917344345255	0.00270626470192102	0.00195917344345255	0.00094731651229516	0.180462925884243	0.00191801748478812	0.00191801748478812	0.00270626470192102	0.00195917344345255	0.00094731651229516	0.180462925884243	0.00191801748478812	0.00191801748478812
X25	0.0068794011456094	0.00973031622890864	0.00292965840745781	0.00973031622890864	0.00442755824622768	0.00292965840745781	0.00422454760050245	0.00292965840745781	0.00204945959949232	0.00228197067374368	0.00292965840745781	0.00292965840745781	0.00228197067374368	0.00292965840745781	0.00549832044575914	0.00442755824622768	0.00292965840745781	0.00292965840745781	0.00280921495368139	0.00292965840745781	0.00292965840745781	0.00292965840745781	0.00280921495368139	0.00280921495368139	0.00292965840745781	0.00280921495368139	0.00292965840745781	0.00292965840745781	0.00442755824622768	0.00292965840745781	0.00292965840745781	0.00442755824622768	0.336445440739958	0.00973031622890864	0.00973031622890864	0.336445440739958	0.336445440739958	0.336445440739958	0.336445440739958	0.336445440739958	0.275745846003374	0.275745846003374	0.275745846003374	0.275745846003374	0.275745846003374	0.275745846003374	0.275745846003374	0.275745846003374	0.275745846003374	0.743695590741715	0.743695590741715	0.0130012780816035	0.0130012780816035	0.0130012780816035	0.0130012780816035	0.0130012780816035	0.0130012780816035	0.0130012780816035	0.0130012780816035	0.0130012780816035	0.0130012780816035	0.0130012780816035	0.0130012780816035	0.0130012780816035	0.0130012780816035	0.0130012780816035	0.0130012780816035	0.0130012780816035	0.0130012780816035	0.0068794011456094	0.0130012780816035	0.0130012780816035	0.000850947068989045	0.000850947068989045	0.0130012780816035	0.0130012780816035	0.0130012780816035	0.0130012780816035	0.0179710687571161	0.0179710687571161	0.0130012780816035	0.0130012780816035	0.915502930546057	0.162831171629843	0.0130012780816035	0.0130012780816035	0.915502930546057	0.00973031622890864	0.00292965840745781	0.336445440739958	0.0130012780816035	0.0130012780816035	0.00442755824622768	0.00973031622890864	0.00442755824622768	0.00292965840745781	0.336445440739958	0.0130012780816035	0.0130012780816035	0.00973031622890864	0.00442755824622768	0.00292965840745781	0.336445440739958	0.0130012780816035	0.0130012780816035
X27	0.000603937094833775	0.000638582537278923	0.000126511290226222	0.000638582537278923	0.000430806485497072	0.000126511290226222	0.00032392181757043	0.000126511290226222	8.51301403040256e-05	9.22829005938249e-05	0.000126511290226222	0.000126511290226222	9.22829005938249e-05	0.000126511290226222	0.000662204276037022	0.000430806485497072	0.000126511290226222	0.000126511290226222	0.000132098227411083	0.000126511290226222	0.000126511290226222	0.000126511290226222	0.000132098227411083	0.000132098227411083	0.000126511290226222	0.000132098227411083	0.000126511290226222	0.000126511290226222	0.000430806485497072	0.000126511290226222	0.000126511290226222	0.000430806485497072	0.0201031025204439	0.000638582537278923	0.000638582537278923	0.0201031025204439	0.0201031025204439	0.0201031025204439	0.0201031025204439	0.0201031025204439	0.0182442090901332	0.0182442090901332	0.0182442090901332	0.0182442090901332	0.0182442090901332	0.0182442090901332	0.0182442090901332	0.0182442090901332	0.0182442090901332	0.148735292985426	0.148735292985426	0.00104416371353762	0.00104416371353762	0.00104416371353762	0.00104416371353762	0.00104416371353762	0.00104416371353762	0.00104416371353762	0.00104416371353762	0.00104416371353762	0.00104416371353762	0.00104416371353762	0.00104416371353762	0.00104416371353762	0.00104416371353762	0.00104416371353762	0.00104416371353762	0.00104416371353762	0.00104416371353762	0.000603937094833775	0.00104416371353762	0.00104416371353762	5.51965328167892e-05	5.51965328167892e-05	0.00104416371353762	0.00104416371353762	0.00104416371353762	0.00104416371353762	0.00113382649464225	0.00113382649464225	0.00104416371353762	0.00104416371353762	0.514723800232113	0.00860878519734355	0.00104416371353762	0.00104416371353762	0.514723800232114	0.000638582537278923	0.000126511290226222	0.0201031025204439	0.00104416371353762	0.00104416371353762	0.000430806485497072	0.000638582537278923	0.000430806485497072	0.000126511290226222	0.0201031025204439	0.00104416371353762	0.00104416371353762	0.000638582537278923	0.000430806485497072	0.000126511290226222	0.0201031025204439	0.00104416371353762	0.00104416371353762
X28	0.0020214116771374	0.000458969611344968	0.000893469029850958	0.000458969611344968	0.000896297230048628	0.000893469029850958	0.00028279258061493	0.000893469029850958	0.000579768735833173	0.000653326891792342	0.000893469029850958	0.000893469029850958	0.000653326891792342	0.000893469029850958	0.00155244069743878	0.000896297230048628	0.000893469029850958	0.000893469029850958	0.000956314118893158	0.000893469029850958	0.000893469029850958	0.000893469029850958	0.000956314118893158	0.000956314118893158	0.000893469029850958	0.000956314118893158	0.000893469029850958	0.000893469029850958	0.000896297230048628	0.000893469029850958	0.000893469029850958	0.000896297230048628	0.134753198021471	0.000458969611344968	0.000458969611344968	0.134753198021471	0.134753198021471	0.134753198021471	0.134753198021471	0.134753198021471	0.131289302770998	0.131289302770998	0.131289302770998	0.131289302770998	0.131289302770998	0.131289302770998	0.131289302770998	0.131289302770998	0.131289302770998	0.720611083005576	0.720611083005576	0.00111395068316837	0.00111395068316837	0.00111395068316837	0.00111395068316837	0.00111395068316837	0.00111395068316837	0.00111395068316837	0.00111395068316837	0.00111395068316837	0.00111395068316837	0.00111395068316837	0.00111395068316837	0.00111395068316837	0.00111395068316837	0.00111395068316837	0.00111395068316837	0.00111395068316837	0.00111395068316837	0.0020214116771374	0.00111395068316837	0.00111395068316837	0.000481860417528668	0.000481860417528668	0.00111395068316837	0.00111395068316837	0.00111395068316837	0.00111395068316837	0.00275034175751812	0.00275034175751812	0.00111395068316837	0.00111395068316837	0.782400323529133	0.0695269500024419	0.00111395068316837	0.00111395068316837	0.782400323529133	0.000458969611344968	0.000893469029850958	0.134753198021471	0.00111395068316837	0.00111395068316837	0.000896297230048628	0.000458969611344968	0.000896297230048628	0.000893469029850958	0.134753198021471	0.00111395068316837	0.00111395068316837	0.000458969611344968	0.000896297230048628	0.000893469029850958	0.134753198021471	0.00111395068316837	0.00111395068316837
X29	0.0113256052062751	0.0227391527870994	0.00282233376027702	0.0227391527870994	0.00942184760337847	0.00282233376027702	0.00907333980531121	0.00282233376027702	0.00251349624819365	0.00258922993181318	0.00282233376027702	0.00282233376027702	0.00258922993181318	0.00282233376027702	0.0129981176332281	0.00942184760337847	0.00282233376027702	0.00282233376027702	0.00328490993724985	0.00282233376027702	0.00282233376027702	0.00282233376027702	0.00328490993724985	0.00328490993724985	0.00282233376027702	0.00328490993724985	0.00282233376027702	0.00282233376027702	0.00942184760337847	0.00282233376027702	0.00282233376027702	0.00942184760337847	0.154255849403158	0.0227391527870994	0.0227391527870994	0.154255849403158	0.154255849403158	0.154255849403158	0.154255849403158	0.154255849403158	0.137101381934966	0.137101381934966	0.137101381934966	0.137101381934966	0.137101381934966	0.137101381934966	0.137101381934966	0.137101381934966	0.137101381934966	0.611549139522227	0.611549139522227	0.0189589050225707	0.0189589050225707	0.0189589050225707	0.0189589050225707	0.0189589050225707	0.0189589050225707	0.0189589050225707	0.0189589050225707	0.0189589050225707	0.0189589050225707	0.0189589050225707	0.0189589050225707	0.0189589050225707	0.0189589050225707	0.0189589050225707	0.0189589050225707	0.0189589050225707	0.0189589050225707	0.0113256052062751	0.0189589050225707	0.0189589050225707	0.00090042314298171	0.00090042314298171	0.0189589050225707	0.0189589050225707	0.0189589050225707	0.0189589050225707	0.0219410571007713	0.0219410571007713	0.0189589050225707	0.0189589050225707	0.883694383327978	0.0816430485620022	0.0189589050225707	0.0189589050225707	0.883694383327978	0.0227391527870994	0.00282233376027702	0.154255849403158	0.0189589050225707	0.0189589050225707	0.00942184760337847	0.0227391527870994	0.00942184760337847	0.00282233376027702	0.154255849403158	0.0189589050225707	0.0189589050225707	0.0227391527870994	0.00942184760337847	0.00282233376027702	0.154255849403158	0.0189589050225707	0.0189589050225707
X30	0.00205082692912809	0.00120449708966612	0.000251411460934562	0.00120449708966612	0.000853228727591602	0.000251411460934562	0.000586594544771682	0.000251411460934562	0.000166934351997503	0.000179126742143827	0.000251411460934562	0.000251411460934562	0.000179126742143827	0.000251411460934562	0.00136704434184942	0.000853228727591602	0.000251411460934562	0.000251411460934562	0.000249013888456669	0.000251411460934562	0.000251411460934562	0.000251411460934562	0.000249013888456669	0.000249013888456669	0.000251411460934562	0.000249013888456669	0.000251411460934562	0.000251411460934562	0.000853228727591602	0.000251411460934562	0.000251411460934562	0.000853228727591602	0.0285710366315666	0.00120449708966612	0.00120449708966612	0.0285710366315666	0.0285710366315666	0.0285710366315666	0.0285710366315666	0.0285710366315666	0.024442585669937	0.024442585669937	0.024442585669937	0.024442585669937	0.024442585669937	0.024442585669937	0.024442585669937	0.024442585669937	0.024442585669937	0.252164379304383	0.252164379304383	0.00140054696946708	0.00140054696946708	0.00140054696946708	0.00140054696946708	0.00140054696946708	0.00140054696946708	0.00140054696946708	0.00140054696946708	0.00140054696946708	0.00140054696946708	0.00140054696946708	0.00140054696946708	0.00140054696946708	0.00140054696946708	0.00140054696946708	0.00140054696946708	0.00140054696946708	0.00140054696946708	0.00205082692912809	0.00140054696946708	0.00140054696946708	0.00013777361069197	0.00013777361069197	0.00140054696946708	0.00140054696946708	0.00140054696946708	0.00140054696946708	0.00222187901745626	0.00222187901745626	0.00140054696946708	0.00140054696946708	0.418822709258121	0.0165866223836534	0.00140054696946708	0.00140054696946708	0.418822709258121	0.00120449708966612	0.000251411460934562	0.0285710366315666	0.00140054696946708	0.00140054696946708	0.000853228727591602	0.00120449708966612	0.000853228727591602	0.000251411460934562	0.0285710366315666	0.00140054696946708	0.00140054696946708	0.00120449708966612	0.000853228727591602	0.000251411460934562	0.0285710366315666	0.00140054696946708	0.00140054696946708
X32	0.0161713147985908	0.00575505376620882	0.00112073343019049	0.00575505376620882	0.00437394083554313	0.00112073343019049	0.00215618016213578	0.00112073343019049	0.000592226297984018	0.000639362837377587	0.00112073343019049	0.00112073343019049	0.000639362837377587	0.00112073343019049	0.00884023002433185	0.00437394083554313	0.00112073343019049	0.00112073343019049	0.00100011843892597	0.00112073343019049	0.00112073343019049	0.00112073343019049	0.00100011843892597	0.00100011843892597	0.00112073343019049	0.00100011843892597	0.00112073343019049	0.00112073343019049	0.00437394083554313	0.00112073343019049	0.00112073343019049	0.00437394083554313	0.067181954379026	0.00575505376620882	0.00575505376620882	0.067181954379026	0.067181954379026	0.067181954379026	0.067181954379026	0.067181954379026	0.0601084534777359	0.0601084534777359	0.0601084534777359	0.0601084534777359	0.0601084534777359	0.0601084534777359	0.0601084534777359	0.0601084534777359	0.0601084534777359	0.385197693216054	0.385197693216054	0.00995033596653371	0.00995033596653371	0.00995033596653371	0.00995033596653371	0.00995033596653371	0.00995033596653371	0.00995033596653371	0.00995033596653371	0.00995033596653371	0.00995033596653371	0.00995033596653371	0.00995033596653371	0.00995033596653371	0.00995033596653371	0.00995033596653371	0.00995033596653371	0.00995033596653371	0.00995033596653371	0.0161713147985908	0.00995033596653371	0.00995033596653371	0.00032609245506751	0.00032609245506751	0.00995033596653371	0.00995033596653371	0.00995033596653371	0.00995033596653371	0.0110842008927258	0.0110842008927258	0.00995033596653371	0.00995033596653371	0.623817192630484	0.077856349519312	0.00995033596653371	0.00995033596653371	0.623817192630484	0.00575505376620882	0.00112073343019049	0.067181954379026	0.00995033596653371	0.00995033596653371	0.00437394083554313	0.00575505376620882	0.00437394083554313	0.00112073343019049	0.067181954379026	0.00995033596653371	0.00995033596653371	0.00575505376620882	0.00437394083554313	0.00112073343019049	0.067181954379026	0.00995033596653371	0.00995033596653371
X34	0.00278805191925603	0.00173115177755482	0.000890121001264907	0.00173115177755482	0.0011035128315324	0.000890121001264907	0.000598150059572604	0.000890121001264907	0.00064098146067169	0.000632613573834129	0.000890121001264907	0.000890121001264907	0.000632613573834129	0.000890121001264907	0.00171062619856793	0.0011035128315324	0.000890121001264907	0.000890121001264907	0.000826513312661572	0.000890121001264907	0.000890121001264907	0.000890121001264907	0.000826513312661572	0.000826513312661572	0.000890121001264907	0.000826513312661572	0.000890121001264907	0.000890121001264907	0.0011035128315324	0.000890121001264907	0.000890121001264907	0.0011035128315324	0.152720592818245	0.00173115177755482	0.00173115177755482	0.152720592818245	0.152720592818245	0.152720592818245	0.152720592818245	0.152720592818245	0.123648216882021	0.123648216882021	0.123648216882021	0.123648216882021	0.123648216882021	0.123648216882021	0.123648216882021	0.123648216882021	0.123648216882021	0.524914849646334	0.524914849646334	0.00232541721788411	0.00232541721788411	0.00232541721788411	0.00232541721788411	0.00232541721788411	0.00232541721788411	0.00232541721788411	0.00232541721788411	0.00232541721788411	0.00232541721788411	0.00232541721788411	0.00232541721788411	0.00232541721788411	0.00232541721788411	0.00232541721788411	0.00232541721788411	0.00232541721788411	0.00232541721788411	0.00278805191925603	0.00232541721788411	0.00232541721788411	0.000449031177705453	0.000449031177705453	0.00232541721788411	0.00232541721788411	0.00232541721788411	0.00232541721788411	0.00435071160157458	0.00435071160157458	0.00232541721788411	0.00232541721788411	0.864802080272805	0.0630170893702942	0.00232541721788411	0.00232541721788411	0.864802080272805	0.00173115177755482	0.000890121001264907	0.152720592818245	0.00232541721788411	0.00232541721788411	0.0011035128315324	0.00173115177755482	0.0011035128315324	0.000890121001264907	0.152720592818245	0.00232541721788411	0.00232541721788411	0.00173115177755482	0.0011035128315324	0.000890121001264907	0.152720592818245	0.00232541721788411	0.00232541721788411
X35	0.00683737563215582	0.00188722558195455	0.000532505838170215	0.00188722558195455	0.00183072862555362	0.000532505838170215	0.00103387009504845	0.000532505838170215	0.000285153890766404	0.000316030343247901	0.000532505838170215	0.000532505838170215	0.000316030343247901	0.000532505838170215	0.00312810818087637	0.00183072862555362	0.000532505838170215	0.000532505838170215	0.000454874298472764	0.000532505838170215	0.000532505838170215	0.000532505838170215	0.000454874298472764	0.000454874298472764	0.000532505838170215	0.000454874298472764	0.000532505838170215	0.000532505838170215	0.00183072862555362	0.000532505838170215	0.000532505838170215	0.00183072862555362	0.0709662495154111	0.00188722558195455	0.00188722558195455	0.0709662495154111	0.0709662495154111	0.0709662495154111	0.0709662495154111	0.0709662495154111	0.0674389263047058	0.0674389263047058	0.0674389263047058	0.0674389263047058	0.0674389263047058	0.0674389263047058	0.0674389263047058	0.0674389263047058	0.0674389263047058	0.527665870159179	0.527665870159179	0.00563304422987203	0.00563304422987203	0.00563304422987203	0.00563304422987203	0.00563304422987203	0.00563304422987203	0.00563304422987203	0.00563304422987203	0.00563304422987203	0.00563304422987203	0.00563304422987203	0.00563304422987203	0.00563304422987203	0.00563304422987203	0.00563304422987203	0.00563304422987203	0.00563304422987203	0.00563304422987203	0.00683737563215582	0.00563304422987203	0.00563304422987203	0.000288540985742773	0.000288540985742773	0.00563304422987203	0.00563304422987203	0.00563304422987203	0.00563304422987203	0.00793332179164198	0.00793332179164198	0.00563304422987203	0.00563304422987203	0.623514509837573	0.0382362216995132	0.00563304422987203	0.00563304422987203	0.623514509837574	0.00188722558195455	0.000532505838170215	0.0709662495154111	0.00563304422987203	0.00563304422987203	0.00183072862555362	0.00188722558195455	0.00183072862555362	0.000532505838170215	0.0709662495154111	0.00563304422987203	0.00563304422987203	0.00188722558195455	0.00183072862555362	0.000532505838170215	0.0709662495154111	0.00563304422987203	0.00563304422987203
X37	0.0110274160940441	0.00464378643146989	0.00118197196543532	0.00464378643146989	0.00440754846094216	0.00118197196543532	0.00269904398199461	0.00118197196543532	0.000700030478212266	0.000830823535030048	0.00118197196543532	0.00118197196543532	0.000830823535030048	0.00118197196543532	0.00733861919844149	0.00440754846094216	0.00118197196543532	0.00118197196543532	0.00114870284587823	0.00118197196543532	0.00118197196543532	0.00118197196543532	0.00114870284587823	0.00114870284587823	0.00118197196543532	0.00114870284587823	0.00118197196543532	0.00118197196543532	0.00440754846094216	0.00118197196543532	0.00118197196543532	0.00440754846094216	0.0723529673024678	0.00464378643146989	0.00464378643146989	0.0723529673024678	0.0723529673024678	0.0723529673024678	0.0723529673024678	0.0723529673024678	0.065853948391014	0.065853948391014	0.065853948391014	0.065853948391014	0.065853948391014	0.065853948391014	0.065853948391014	0.065853948391014	0.065853948391014	0.401898984816526	0.401898984816526	0.00710428523079231	0.00710428523079231	0.00710428523079231	0.00710428523079231	0.00710428523079231	0.00710428523079231	0.00710428523079231	0.00710428523079231	0.00710428523079231	0.00710428523079231	0.00710428523079231	0.00710428523079231	0.00710428523079231	0.00710428523079231	0.00710428523079231	0.00710428523079231	0.00710428523079231	0.00710428523079231	0.0110274160940441	0.00710428523079231	0.00710428523079231	0.000608584482135418	0.000608584482135418	0.00710428523079231	0.00710428523079231	0.00710428523079231	0.00710428523079231	0.0126118129048376	0.0126118129048376	0.00710428523079231	0.00710428523079231	0.72693599414475	0.0410007237990045	0.00710428523079231	0.00710428523079231	0.72693599414475	0.00464378643146989	0.00118197196543532	0.0723529673024678	0.00710428523079231	0.00710428523079231	0.00440754846094216	0.00464378643146989	0.00440754846094216	0.00118197196543532	0.0723529673024678	0.00710428523079231	0.00710428523079231	0.00464378643146989	0.00440754846094216	0.00118197196543532	0.0723529673024678	0.00710428523079231	0.00710428523079231
X39	0.00123000445868784	0.00110298948530349	0.00032584911894914	0.00110298948530349	0.000825476171531542	0.00032584911894914	0.000483304604451867	0.00032584911894914	0.000265103176516397	0.000264620243056906	0.00032584911894914	0.00032584911894914	0.000264620243056906	0.00032584911894914	0.000995819998906858	0.000825476171531542	0.00032584911894914	0.00032584911894914	0.000310625448686583	0.00032584911894914	0.00032584911894914	0.00032584911894914	0.000310625448686583	0.000310625448686583	0.00032584911894914	0.000310625448686583	0.00032584911894914	0.00032584911894914	0.000825476171531542	0.00032584911894914	0.00032584911894914	0.000825476171531542	0.0431128033838887	0.00110298948530349	0.00110298948530349	0.0431128033838887	0.0431128033838887	0.0431128033838887	0.0431128033838887	0.0431128033838887	0.0345134438203657	0.0345134438203657	0.0345134438203657	0.0345134438203657	0.0345134438203657	0.0345134438203657	0.0345134438203657	0.0345134438203657	0.0345134438203657	0.271895999753616	0.271895999753616	0.0011582286185116	0.0011582286185116	0.0011582286185116	0.0011582286185116	0.0011582286185116	0.0011582286185116	0.0011582286185116	0.0011582286185116	0.0011582286185116	0.0011582286185116	0.0011582286185116	0.0011582286185116	0.0011582286185116	0.0011582286185116	0.0011582286185116	0.0011582286185116	0.0011582286185116	0.0011582286185116	0.00123000445868784	0.0011582286185116	0.0011582286185116	0.000140978573789296	0.000140978573789296	0.0011582286185116	0.0011582286185116	0.0011582286185116	0.0011582286185116	0.00229209699914923	0.00229209699914923	0.0011582286185116	0.0011582286185116	0.64454171595509	0.0164127066090259	0.0011582286185116	0.0011582286185116	0.644541715955091	0.00110298948530349	0.00032584911894914	0.0431128033838887	0.0011582286185116	0.0011582286185116	0.000825476171531542	0.00110298948530349	0.000825476171531542	0.00032584911894914	0.0431128033838887	0.0011582286185116	0.0011582286185116	0.00110298948530349	0.000825476171531542	0.00032584911894914	0.0431128033838887	0.0011582286185116	0.0011582286185116
X43	0.000962970451599045	0.000695636241820578	0.00014514100994706	0.000695636241820578	0.000418676819122089	0.00014514100994706	0.000407858933620933	0.00014514100994706	8.66553319780011e-05	9.77483924192962e-05	0.00014514100994706	0.00014514100994706	9.77483924192962e-05	0.00014514100994706	0.000575595125761464	0.000418676819122089	0.00014514100994706	0.00014514100994706	0.000127154187515091	0.00014514100994706	0.00014514100994706	0.00014514100994706	0.000127154187515091	0.000127154187515091	0.00014514100994706	0.000127154187515091	0.00014514100994706	0.00014514100994706	0.000418676819122089	0.00014514100994706	0.00014514100994706	0.000418676819122089	0.0265932260993597	0.000695636241820578	0.000695636241820578	0.0265932260993597	0.0265932260993597	0.0265932260993597	0.0265932260993597	0.0265932260993597	0.0235712149192115	0.0235712149192115	0.0235712149192115	0.0235712149192115	0.0235712149192115	0.0235712149192115	0.0235712149192115	0.0235712149192115	0.0235712149192115	0.172122225094519	0.172122225094519	0.00106260746391609	0.00106260746391609	0.00106260746391609	0.00106260746391609	0.00106260746391609	0.00106260746391609	0.00106260746391609	0.00106260746391609	0.00106260746391609	0.00106260746391609	0.00106260746391609	0.00106260746391609	0.00106260746391609	0.00106260746391609	0.00106260746391609	0.00106260746391609	0.00106260746391609	0.00106260746391609	0.000962970451599045	0.00106260746391609	0.00106260746391609	6.76160577611522e-05	6.76160577611522e-05	0.00106260746391609	0.00106260746391609	0.00106260746391609	0.00106260746391609	0.00127592685007385	0.00127592685007385	0.00106260746391609	0.00106260746391609	0.521271310337019	0.0185838034436194	0.00106260746391609	0.00106260746391609	0.521271310337019	0.000695636241820578	0.00014514100994706	0.0265932260993597	0.00106260746391609	0.00106260746391609	0.000418676819122089	0.000695636241820578	0.000418676819122089	0.00014514100994706	0.0265932260993597	0.00106260746391609	0.00106260746391609	0.000695636241820578	0.000418676819122089	0.00014514100994706	0.0265932260993597	0.00106260746391609	0.00106260746391609
X48	0.000855630939177301	0.000866292082033862	0.000380008645706409	0.000866292082033862	0.00046238697204363	0.000380008645706409	0.000355989666258807	0.000380008645706409	0.000212523804879001	0.000324240803796969	0.000380008645706409	0.000380008645706409	0.000324240803796969	0.000380008645706409	0.000536680263561961	0.00046238697204363	0.000380008645706409	0.000380008645706409	0.000369570898300124	0.000380008645706409	0.000380008645706409	0.000380008645706409	0.000369570898300124	0.000369570898300124	0.000380008645706409	0.000369570898300124	0.000380008645706409	0.000380008645706409	0.00046238697204363	0.000380008645706409	0.000380008645706409	0.00046238697204363	0.0925030941761565	0.000866292082033862	0.000866292082033862	0.0925030941761565	0.0925030941761565	0.0925030941761565	0.0925030941761565	0.0925030941761565	0.0796544869906978	0.0796544869906978	0.0796544869906978	0.0796544869906978	0.0796544869906978	0.0796544869906978	0.0796544869906978	0.0796544869906978	0.0796544869906978	0.550322655462523	0.550322655462523	0.000651954697198447	0.000651954697198447	0.000651954697198447	0.000651954697198447	0.000651954697198447	0.000651954697198447	0.000651954697198447	0.000651954697198447	0.000651954697198447	0.000651954697198447	0.000651954697198447	0.000651954697198447	0.000651954697198447	0.000651954697198447	0.000651954697198447	0.000651954697198447	0.000651954697198447	0.000651954697198447	0.000855630939177301	0.000651954697198447	0.000651954697198447	0.000119641113667273	0.000119641113667273	0.000651954697198447	0.000651954697198447	0.000651954697198447	0.000651954697198447	0.00126042453372509	0.00126042453372509	0.000651954697198447	0.000651954697198447	0.778277298246172	0.0527608381098744	0.000651954697198447	0.000651954697198447	0.778277298246173	0.000866292082033862	0.000380008645706409	0.0925030941761565	0.000651954697198447	0.000651954697198447	0.00046238697204363	0.000866292082033862	0.00046238697204363	0.000380008645706409	0.0925030941761565	0.000651954697198447	0.000651954697198447	0.000866292082033862	0.00046238697204363	0.000380008645706409	0.0925030941761565	0.000651954697198447	0.000651954697198447
X49	0.0497643486157347	0.0429720928074787	0.00798240065059933	0.0429720928074787	0.0210926464934542	0.00798240065059933	0.0189142146288389	0.00798240065059933	0.00501467579555731	0.00507610734592122	0.00798240065059933	0.00798240065059933	0.00507610734592122	0.00798240065059933	0.0312377266207045	0.0210926464934542	0.00798240065059933	0.00798240065059933	0.00678510518927397	0.00798240065059933	0.00798240065059933	0.00798240065059933	0.00678510518927397	0.00678510518927397	0.00798240065059933	0.00678510518927397	0.00798240065059933	0.00798240065059933	0.0210926464934542	0.00798240065059933	0.00798240065059933	0.0210926464934542	0.617652009923518	0.0429720928074787	0.0429720928074787	0.617652009923518	0.617652009923518	0.617652009923518	0.617652009923518	0.617652009923518	0.565174459915316	0.565174459915316	0.565174459915316	0.565174459915316	0.565174459915316	0.565174459915316	0.565174459915316	0.565174459915316	0.565174459915316	0.937725544680491	0.937725544680491	0.0686239204955273	0.0686239204955273	0.0686239204955273	0.0686239204955273	0.0686239204955273	0.0686239204955273	0.0686239204955273	0.0686239204955273	0.0686239204955273	0.0686239204955273	0.0686239204955273	0.0686239204955273	0.0686239204955273	0.0686239204955273	0.0686239204955273	0.0686239204955273	0.0686239204955273	0.0686239204955273	0.0497643486157347	0.0686239204955273	0.0686239204955273	0.00243491053044764	0.00243491053044764	0.0686239204955273	0.0686239204955273	0.0686239204955273	0.0686239204955273	0.0900801547417034	0.0900801547417034	0.0686239204955273	0.0686239204955273	0.979280553123948	0.392133533377342	0.0686239204955273	0.0686239204955273	0.979280553123948	0.0429720928074787	0.00798240065059933	0.617652009923518	0.0686239204955273	0.0686239204955273	0.0210926464934542	0.0429720928074787	0.0210926464934542	0.00798240065059933	0.617652009923518	0.0686239204955273	0.0686239204955273	0.0429720928074787	0.0210926464934542	0.00798240065059933	0.617652009923518	0.0686239204955273	0.0686239204955273
X53	0.0124962389704321	0.0108680734404094	0.00258445983054863	0.0108680734404094	0.00570787513729575	0.00258445983054863	0.00402748476512975	0.00258445983054863	0.00166086730835075	0.00180341757705199	0.00258445983054863	0.00258445983054863	0.00180341757705199	0.00258445983054863	0.00898580893292245	0.00570787513729575	0.00258445983054863	0.00258445983054863	0.00257469283927242	0.00258445983054863	0.00258445983054863	0.00258445983054863	0.00257469283927242	0.00257469283927242	0.00258445983054863	0.00257469283927242	0.00258445983054863	0.00258445983054863	0.00570787513729575	0.00258445983054863	0.00258445983054863	0.00570787513729575	0.19306204255676	0.0108680734404094	0.0108680734404094	0.19306204255676	0.19306204255676	0.19306204255676	0.19306204255676	0.19306204255676	0.162425396084661	0.162425396084661	0.162425396084661	0.162425396084661	0.162425396084661	0.162425396084661	0.162425396084661	0.162425396084661	0.162425396084661	0.724547896695125	0.724547896695125	0.0143367054726512	0.0143367054726512	0.0143367054726512	0.0143367054726512	0.0143367054726512	0.0143367054726512	0.0143367054726512	0.0143367054726512	0.0143367054726512	0.0143367054726512	0.0143367054726512	0.0143367054726512	0.0143367054726512	0.0143367054726512	0.0143367054726512	0.0143367054726512	0.0143367054726512	0.0143367054726512	0.0124962389704321	0.0143367054726512	0.0143367054726512	0.000952666143631959	0.000952666143631959	0.0143367054726512	0.0143367054726512	0.0143367054726512	0.0143367054726512	0.0201304197187917	0.0201304197187917	0.0143367054726512	0.0143367054726512	0.843710071609566	0.0993504388952081	0.0143367054726512	0.0143367054726512	0.843710071609566	0.0108680734404094	0.00258445983054863	0.19306204255676	0.0143367054726512	0.0143367054726512	0.00570787513729575	0.0108680734404094	0.00570787513729575	0.00258445983054863	0.19306204255676	0.0143367054726512	0.0143367054726512	0.0108680734404094	0.00570787513729575	0.00258445983054863	0.19306204255676	0.0143367054726512	0.0143367054726512
X54	0.00410297964013413	0.00088268317596908	0.00115224972815919	0.00088268317596908	0.00155989581417852	0.00115224972815919	0.000716771811431446	0.00115224972815919	0.000515096608564579	0.000656370625651903	0.00115224972815919	0.00115224972815919	0.000656370625651903	0.00115224972815919	0.00278817019056604	0.00155989581417852	0.00115224972815919	0.00115224972815919	0.00093933142228036	0.00115224972815919	0.00115224972815919	0.00115224972815919	0.00093933142228036	0.00093933142228036	0.00115224972815919	0.00093933142228036	0.00115224972815919	0.00115224972815919	0.00155989581417852	0.00115224972815919	0.00115224972815919	0.00155989581417852	0.334797086225236	0.00088268317596908	0.00088268317596908	0.334797086225236	0.334797086225236	0.334797086225236	0.334797086225236	0.334797086225236	0.270773637587823	0.270773637587823	0.270773637587823	0.270773637587823	0.270773637587823	0.270773637587823	0.270773637587823	0.270773637587823	0.270773637587823	0.818105690513429	0.818105690513429	0.00259737795081666	0.00259737795081666	0.00259737795081666	0.00259737795081666	0.00259737795081666	0.00259737795081666	0.00259737795081666	0.00259737795081666	0.00259737795081666	0.00259737795081666	0.00259737795081666	0.00259737795081666	0.00259737795081666	0.00259737795081666	0.00259737795081666	0.00259737795081666	0.00259737795081666	0.00259737795081666	0.00410297964013413	0.00259737795081666	0.00259737795081666	0.00028627001674176	0.00028627001674176	0.00259737795081666	0.00259737795081666	0.00259737795081666	0.00259737795081666	0.00739422148830881	0.00739422148830881	0.00259737795081666	0.00259737795081666	0.966150126573081	0.153981929783679	0.00259737795081666	0.00259737795081666	0.966150126573081	0.00088268317596908	0.00115224972815919	0.334797086225236	0.00259737795081666	0.00259737795081666	0.00155989581417852	0.00088268317596908	0.00155989581417852	0.00115224972815919	0.334797086225236	0.00259737795081666	0.00259737795081666	0.00088268317596908	0.00155989581417852	0.00115224972815919	0.334797086225236	0.00259737795081666	0.00259737795081666
X55	0.00079324624637883	0.000822827241553539	0.000607699804225516	0.000822827241553539	0.00038209186521815	0.000607699804225516	0.000324508426742706	0.000607699804225516	0.000440312954612256	0.000461654568176583	0.000607699804225516	0.000607699804225516	0.000461654568176583	0.000607699804225516	0.000571735136144711	0.00038209186521815	0.000607699804225516	0.000607699804225516	0.000591587753886925	0.000607699804225516	0.000607699804225516	0.000607699804225516	0.000591587753886925	0.000591587753886925	0.000607699804225516	0.000591587753886925	0.000607699804225516	0.000607699804225516	0.00038209186521815	0.000607699804225516	0.000607699804225516	0.00038209186521815	0.0927396210925655	0.000822827241553539	0.000822827241553539	0.0927396210925655	0.0927396210925655	0.0927396210925655	0.0927396210925655	0.0927396210925655	0.0794531747469329	0.0794531747469329	0.0794531747469329	0.0794531747469329	0.0794531747469329	0.0794531747469329	0.0794531747469329	0.0794531747469329	0.0794531747469329	0.437540012602425	0.437540012602425	0.00102556754102055	0.00102556754102055	0.00102556754102055	0.00102556754102055	0.00102556754102055	0.00102556754102055	0.00102556754102055	0.00102556754102055	0.00102556754102055	0.00102556754102055	0.00102556754102055	0.00102556754102055	0.00102556754102055	0.00102556754102055	0.00102556754102055	0.00102556754102055	0.00102556754102055	0.00102556754102055	0.00079324624637883	0.00102556754102055	0.00102556754102055	0.000282476954368374	0.000282476954368374	0.00102556754102055	0.00102556754102055	0.00102556754102055	0.00102556754102055	0.00124057808581932	0.00124057808581932	0.00102556754102055	0.00102556754102055	0.748331863407596	0.0524095303082823	0.00102556754102055	0.00102556754102055	0.748331863407596	0.000822827241553539	0.000607699804225516	0.0927396210925655	0.00102556754102055	0.00102556754102055	0.00038209186521815	0.000822827241553539	0.00038209186521815	0.000607699804225516	0.0927396210925655	0.00102556754102055	0.00102556754102055	0.000822827241553539	0.00038209186521815	0.000607699804225516	0.0927396210925655	0.00102556754102055	0.00102556754102055
X56	0.00111414871215083	0.000965526124941766	0.000333226712745776	0.000965526124941766	0.000529782735702275	0.000333226712745776	0.000601533313785968	0.000333226712745776	0.000236943652745503	0.000252847326009724	0.000333226712745776	0.000333226712745776	0.000252847326009724	0.000333226712745776	0.000787202049265172	0.000529782735702275	0.000333226712745776	0.000333226712745776	0.000328919996371364	0.000333226712745776	0.000333226712745776	0.000333226712745776	0.000328919996371364	0.000328919996371364	0.000333226712745776	0.000328919996371364	0.000333226712745776	0.000333226712745776	0.000529782735702275	0.000333226712745776	0.000333226712745776	0.000529782735702275	0.0960324684234958	0.000965526124941766	0.000965526124941766	0.0960324684234958	0.0960324684234958	0.0960324684234958	0.0960324684234958	0.0960324684234958	0.0669292745041242	0.0669292745041242	0.0669292745041242	0.0669292745041242	0.0669292745041242	0.0669292745041242	0.0669292745041242	0.0669292745041242	0.0669292745041242	0.514935919560088	0.514935919560088	0.00203417340995106	0.00203417340995106	0.00203417340995106	0.00203417340995106	0.00203417340995106	0.00203417340995106	0.00203417340995106	0.00203417340995106	0.00203417340995106	0.00203417340995106	0.00203417340995106	0.00203417340995106	0.00203417340995106	0.00203417340995106	0.00203417340995106	0.00203417340995106	0.00203417340995106	0.00203417340995106	0.00111414871215083	0.00203417340995106	0.00203417340995106	0.000165361805991391	0.000165361805991391	0.00203417340995106	0.00203417340995106	0.00203417340995106	0.00203417340995106	0.00270606523064896	0.00270606523064896	0.00203417340995106	0.00203417340995106	0.751204442650671	0.0232714452141327	0.00203417340995106	0.00203417340995106	0.751204442650672	0.000965526124941766	0.000333226712745776	0.0960324684234958	0.00203417340995106	0.00203417340995106	0.000529782735702275	0.000965526124941766	0.000529782735702275	0.000333226712745776	0.0960324684234958	0.00203417340995106	0.00203417340995106	0.000965526124941766	0.000529782735702275	0.000333226712745776	0.0960324684234958	0.00203417340995106	0.00203417340995106
X57	0.139162735652282	0.0984331479305817	0.0140845309130284	0.0984331479305817	0.0746472227292929	0.0140845309130284	0.0363580330675238	0.0140845309130284	0.0101708998886748	0.010329195287973	0.0140845309130284	0.0140845309130284	0.010329195287973	0.0140845309130284	0.0963075810360959	0.0746472227292929	0.0140845309130284	0.0140845309130284	0.0133713998626985	0.0140845309130284	0.0140845309130284	0.0140845309130284	0.0133713998626985	0.0133713998626985	0.0140845309130284	0.0133713998626985	0.0140845309130284	0.0140845309130284	0.0746472227292929	0.0140845309130284	0.0140845309130284	0.0746472227292929	0.581297711349357	0.0984331479305817	0.0984331479305817	0.581297711349357	0.581297711349357	0.581297711349357	0.581297711349357	0.581297711349357	0.539353247797669	0.539353247797669	0.539353247797669	0.539353247797669	0.539353247797669	0.539353247797669	0.539353247797669	0.539353247797669	0.539353247797669	0.909940030520697	0.909940030520697	0.103041707959362	0.103041707959362	0.103041707959362	0.103041707959362	0.103041707959362	0.103041707959362	0.103041707959362	0.103041707959362	0.103041707959362	0.103041707959362	0.103041707959362	0.103041707959362	0.103041707959362	0.103041707959362	0.103041707959362	0.103041707959362	0.103041707959362	0.103041707959362	0.139162735652282	0.103041707959362	0.103041707959362	0.0063786445821199	0.0063786445821199	0.103041707959362	0.103041707959362	0.103041707959362	0.103041707959362	0.13376511913729	0.13376511913729	0.103041707959362	0.103041707959362	0.976010925350707	0.418934907791312	0.103041707959362	0.103041707959362	0.976010925350707	0.0984331479305817	0.0140845309130284	0.581297711349357	0.103041707959362	0.103041707959362	0.0746472227292929	0.0984331479305817	0.0746472227292929	0.0140845309130284	0.581297711349357	0.103041707959362	0.103041707959362	0.0984331479305817	0.0746472227292929	0.0140845309130284	0.581297711349357	0.103041707959362	0.103041707959362
X58	0.00110697219643015	0.00116159180524238	0.000214237966507223	0.00116159180524238	0.000654649942501069	0.000214237966507223	0.000671668354255588	0.000214237966507223	0.000155370110178003	0.000164819171596797	0.000214237966507223	0.000214237966507223	0.000164819171596797	0.000214237966507223	0.00081236148912957	0.000654649942501069	0.000214237966507223	0.000214237966507223	0.000197641010675694	0.000214237966507223	0.000214237966507223	0.000214237966507223	0.000197641010675694	0.000197641010675694	0.000214237966507223	0.000197641010675694	0.000214237966507223	0.000214237966507223	0.000654649942501069	0.000214237966507223	0.000214237966507223	0.000654649942501069	0.0206089464787942	0.00116159180524238	0.00116159180524238	0.0206089464787942	0.0206089464787942	0.0206089464787942	0.0206089464787942	0.0206089464787942	0.0175002488521271	0.0175002488521271	0.0175002488521271	0.0175002488521271	0.0175002488521271	0.0175002488521271	0.0175002488521271	0.0175002488521271	0.0175002488521271	0.150759083709857	0.150759083709857	0.00156379996713253	0.00156379996713253	0.00156379996713253	0.00156379996713253	0.00156379996713253	0.00156379996713253	0.00156379996713253	0.00156379996713253	0.00156379996713253	0.00156379996713253	0.00156379996713253	0.00156379996713253	0.00156379996713253	0.00156379996713253	0.00156379996713253	0.00156379996713253	0.00156379996713253	0.00156379996713253	0.00110697219643015	0.00156379996713253	0.00156379996713253	7.85137020487975e-05	7.85137020487975e-05	0.00156379996713253	0.00156379996713253	0.00156379996713253	0.00156379996713253	0.00184311566287409	0.00184311566287409	0.00156379996713253	0.00156379996713253	0.45431717375231	0.0125942495945544	0.00156379996713253	0.00156379996713253	0.45431717375231	0.00116159180524238	0.000214237966507223	0.0206089464787942	0.00156379996713253	0.00156379996713253	0.000654649942501069	0.00116159180524238	0.000654649942501069	0.000214237966507223	0.0206089464787942	0.00156379996713253	0.00156379996713253	0.00116159180524238	0.000654649942501069	0.000214237966507223	0.0206089464787942	0.00156379996713253	0.00156379996713253
X59	0.00102843785990607	0.000575177733636537	0.000165027727959647	0.000575177733636537	0.000616294882501773	0.000165027727959647	0.000281575244159285	0.000165027727959647	0.00011041722092592	0.000124921408319751	0.000165027727959647	0.000165027727959647	0.000124921408319751	0.000165027727959647	0.00104466284363777	0.000616294882501773	0.000165027727959647	0.000165027727959647	0.000175255590455934	0.000165027727959647	0.000165027727959647	0.000165027727959647	0.000175255590455934	0.000175255590455934	0.000165027727959647	0.000175255590455934	0.000165027727959647	0.000165027727959647	0.000616294882501773	0.000165027727959647	0.000165027727959647	0.000616294882501773	0.0139871384217456	0.000575177733636537	0.000575177733636537	0.0139871384217456	0.0139871384217456	0.0139871384217456	0.0139871384217456	0.0139871384217456	0.013219941749105	0.013219941749105	0.013219941749105	0.013219941749105	0.013219941749105	0.013219941749105	0.013219941749105	0.013219941749105	0.013219941749105	0.0841150158091612	0.0841150158091612	0.000641430981862013	0.000641430981862013	0.000641430981862013	0.000641430981862013	0.000641430981862013	0.000641430981862013	0.000641430981862013	0.000641430981862013	0.000641430981862013	0.000641430981862013	0.000641430981862013	0.000641430981862013	0.000641430981862013	0.000641430981862013	0.000641430981862013	0.000641430981862013	0.000641430981862013	0.000641430981862013	0.00102843785990607	0.000641430981862013	0.000641430981862013	7.86117757875569e-05	7.86117757875569e-05	0.000641430981862013	0.000641430981862013	0.000641430981862013	0.000641430981862013	0.00121088732878474	0.00121088732878474	0.000641430981862013	0.000641430981862013	0.416020812460805	0.00937392043908267	0.000641430981862013	0.000641430981862013	0.416020812460806	0.000575177733636537	0.000165027727959647	0.0139871384217456	0.000641430981862013	0.000641430981862013	0.000616294882501773	0.000575177733636537	0.000616294882501773	0.000165027727959647	0.0139871384217456	0.000641430981862013	0.000641430981862013	0.000575177733636537	0.000616294882501773	0.000165027727959647	0.0139871384217456	0.000641430981862013	0.000641430981862013
X62	0.00112580876843781	0.000924712160277859	0.000214368597231032	0.000924712160277859	0.000644147611445144	0.000214368597231032	0.000385626976543216	0.000214368597231032	0.000148691124904092	0.000152931848190641	0.000214368597231032	0.000214368597231032	0.000152931848190641	0.000214368597231032	0.000834724081297115	0.000644147611445144	0.000214368597231032	0.000214368597231032	0.0001945504830497	0.000214368597231032	0.000214368597231032	0.000214368597231032	0.0001945504830497	0.0001945504830497	0.000214368597231032	0.0001945504830497	0.000214368597231032	0.000214368597231032	0.000644147611445144	0.000214368597231032	0.000214368597231032	0.000644147611445144	0.0309800127400536	0.000924712160277859	0.000924712160277859	0.0309800127400536	0.0309800127400536	0.0309800127400536	0.0309800127400536	0.0309800127400536	0.0277615357748362	0.0277615357748362	0.0277615357748362	0.0277615357748362	0.0277615357748362	0.0277615357748362	0.0277615357748362	0.0277615357748362	0.0277615357748362	0.256570081633117	0.256570081633117	0.000933076239386501	0.000933076239386501	0.000933076239386501	0.000933076239386501	0.000933076239386501	0.000933076239386501	0.000933076239386501	0.000933076239386501	0.000933076239386501	0.000933076239386501	0.000933076239386501	0.000933076239386501	0.000933076239386501	0.000933076239386501	0.000933076239386501	0.000933076239386501	0.000933076239386501	0.000933076239386501	0.00112580876843781	0.000933076239386501	0.000933076239386501	8.82905634287287e-05	8.82905634287287e-05	0.000933076239386501	0.000933076239386501	0.000933076239386501	0.000933076239386501	0.0014908164725102	0.0014908164725102	0.000933076239386501	0.000933076239386501	0.472771159910818	0.0186462084180696	0.000933076239386501	0.000933076239386501	0.472771159910818	0.000924712160277859	0.000214368597231032	0.0309800127400536	0.000933076239386501	0.000933076239386501	0.000644147611445144	0.000924712160277859	0.000644147611445144	0.000214368597231032	0.0309800127400536	0.000933076239386501	0.000933076239386501	0.000924712160277859	0.000644147611445144	0.000214368597231032	0.0309800127400536	0.000933076239386501	0.000933076239386501
X64	0.000486333055530791	0.000973309294413181	0.000587612223954859	0.000973309294413181	0.000341879718137902	0.000587612223954859	0.000351763826399749	0.000587612223954859	0.000361442239261793	0.000408915576603639	0.000587612223954859	0.000587612223954859	0.000408915576603639	0.000587612223954859	0.000591229692325205	0.000341879718137902	0.000587612223954859	0.000587612223954859	0.00056886016622306	0.000587612223954859	0.000587612223954859	0.000587612223954859	0.00056886016622306	0.00056886016622306	0.000587612223954859	0.00056886016622306	0.000587612223954859	0.000587612223954859	0.000341879718137902	0.000587612223954859	0.000587612223954859	0.000341879718137902	0.143604326819199	0.000973309294413181	0.000973309294413181	0.143604326819199	0.143604326819199	0.143604326819199	0.143604326819199	0.143604326819199	0.116079788195815	0.116079788195815	0.116079788195815	0.116079788195815	0.116079788195815	0.116079788195815	0.116079788195815	0.116079788195815	0.116079788195815	0.491935228611447	0.491935228611447	0.000998206175563817	0.000998206175563817	0.000998206175563817	0.000998206175563817	0.000998206175563817	0.000998206175563817	0.000998206175563817	0.000998206175563817	0.000998206175563817	0.000998206175563817	0.000998206175563817	0.000998206175563817	0.000998206175563817	0.000998206175563817	0.000998206175563817	0.000998206175563817	0.000998206175563817	0.000998206175563817	0.000486333055530791	0.000998206175563817	0.000998206175563817	0.000128949448701149	0.000128949448701149	0.000998206175563817	0.000998206175563817	0.000998206175563817	0.000998206175563817	0.00172892255086494	0.00172892255086494	0.000998206175563817	0.000998206175563817	0.889288655863137	0.0562642720367168	0.000998206175563817	0.000998206175563817	0.889288655863137	0.000973309294413181	0.000587612223954859	0.143604326819199	0.000998206175563817	0.000998206175563817	0.000341879718137902	0.000973309294413181	0.000341879718137902	0.000587612223954859	0.143604326819199	0.000998206175563817	0.000998206175563817	0.000973309294413181	0.000341879718137902	0.000587612223954859	0.143604326819199	0.000998206175563817	0.000998206175563817
X65	0.00113828716619	0.000866918195602719	0.00036000870233997	0.000866918195602719	0.000713406511597687	0.00036000870233997	0.000658253233047397	0.00036000870233997	0.000285986899852962	0.00028717463727785	0.00036000870233997	0.00036000870233997	0.00028717463727785	0.00036000870233997	0.00105435787486504	0.000713406511597687	0.00036000870233997	0.00036000870233997	0.000363379529696273	0.00036000870233997	0.00036000870233997	0.00036000870233997	0.000363379529696273	0.000363379529696273	0.00036000870233997	0.000363379529696273	0.00036000870233997	0.00036000870233997	0.000713406511597687	0.00036000870233997	0.00036000870233997	0.000713406511597687	0.0727075452003313	0.000866918195602719	0.000866918195602719	0.0727075452003313	0.0727075452003313	0.0727075452003313	0.0727075452003313	0.0727075452003313	0.0568830065178648	0.0568830065178648	0.0568830065178648	0.0568830065178648	0.0568830065178648	0.0568830065178648	0.0568830065178648	0.0568830065178648	0.0568830065178648	0.515960702796071	0.515960702796071	0.00227757219405035	0.00227757219405035	0.00227757219405035	0.00227757219405035	0.00227757219405035	0.00227757219405035	0.00227757219405035	0.00227757219405035	0.00227757219405035	0.00227757219405035	0.00227757219405035	0.00227757219405035	0.00227757219405035	0.00227757219405035	0.00227757219405035	0.00227757219405035	0.00227757219405035	0.00227757219405035	0.00113828716619	0.00227757219405035	0.00227757219405035	9.27169330037857e-05	9.27169330037857e-05	0.00227757219405035	0.00227757219405035	0.00227757219405035	0.00227757219405035	0.00321351328799624	0.00321351328799624	0.00227757219405035	0.00227757219405035	0.693234825945402	0.0250994780088102	0.00227757219405035	0.00227757219405035	0.693234825945402	0.000866918195602719	0.00036000870233997	0.0727075452003313	0.00227757219405035	0.00227757219405035	0.000713406511597687	0.000866918195602719	0.000713406511597687	0.00036000870233997	0.0727075452003313	0.00227757219405035	0.00227757219405035	0.000866918195602719	0.000713406511597687	0.00036000870233997	0.0727075452003313	0.00227757219405035	0.00227757219405035
X66	0.0660261555647614	0.45618065232403	0.0181689601672866	0.45618065232403	0.0775950229152041	0.0181689601672866	0.103850658115676	0.0181689601672866	0.0238176311424082	0.0226418569818898	0.0181689601672866	0.0181689601672866	0.0226418569818898	0.0181689601672866	0.0544245055229837	0.0775950229152041	0.0181689601672866	0.0181689601672866	0.0187810177064396	0.0181689601672866	0.0181689601672866	0.0181689601672866	0.0187810177064396	0.0187810177064396	0.0181689601672866	0.0187810177064396	0.0181689601672866	0.0181689601672866	0.0775950229152041	0.0181689601672866	0.0181689601672866	0.0775950229152041	0.81217300543542	0.45618065232403	0.45618065232403	0.81217300543542	0.81217300543542	0.81217300543542	0.81217300543542	0.81217300543542	0.742825538111922	0.742825538111922	0.742825538111922	0.742825538111922	0.742825538111922	0.742825538111922	0.742825538111922	0.742825538111922	0.742825538111922	0.958035901835196	0.958035901835196	0.0878542346228728	0.0878542346228728	0.0878542346228728	0.0878542346228728	0.0878542346228728	0.0878542346228728	0.0878542346228728	0.0878542346228728	0.0878542346228728	0.0878542346228728	0.0878542346228728	0.0878542346228728	0.0878542346228728	0.0878542346228728	0.0878542346228728	0.0878542346228728	0.0878542346228728	0.0878542346228728	0.0660261555647614	0.0878542346228728	0.0878542346228728	0.00576558536073363	0.00576558536073363	0.0878542346228728	0.0878542346228728	0.0878542346228728	0.0878542346228728	0.0917166801372337	0.0917166801372337	0.0878542346228728	0.0878542346228728	0.994740937168305	0.603406574086613	0.0878542346228728	0.0878542346228728	0.994740937168305	0.45618065232403	0.0181689601672866	0.81217300543542	0.0878542346228728	0.0878542346228728	0.0775950229152041	0.45618065232403	0.0775950229152041	0.0181689601672866	0.81217300543542	0.0878542346228728	0.0878542346228728	0.45618065232403	0.0775950229152041	0.0181689601672866	0.81217300543542	0.0878542346228728	0.0878542346228728
X69	0.000306495120252815	0.000122383869564576	5.31754414756004e-05	0.000122383869564576	0.0001024305909112	5.31754414756004e-05	9.5076623096933e-05	5.31754414756004e-05	2.67891438693921e-05	3.22211609879132e-05	5.31754414756004e-05	5.31754414756004e-05	3.22211609879132e-05	5.31754414756004e-05	0.00019315929695031	0.0001024305909112	5.31754414756004e-05	5.31754414756004e-05	4.99519340362005e-05	5.31754414756004e-05	5.31754414756004e-05	5.31754414756004e-05	4.99519340362005e-05	4.99519340362005e-05	5.31754414756004e-05	4.99519340362005e-05	5.31754414756004e-05	5.31754414756004e-05	0.0001024305909112	5.31754414756004e-05	5.31754414756004e-05	0.0001024305909112	0.0112256739571467	0.000122383869564576	0.000122383869564576	0.0112256739571467	0.0112256739571467	0.0112256739571467	0.0112256739571467	0.0112256739571467	0.00984603419653538	0.00984603419653538	0.00984603419653538	0.00984603419653538	0.00984603419653538	0.00984603419653538	0.00984603419653538	0.00984603419653538	0.00984603419653538	0.113108668943941	0.113108668943941	0.000198738750495209	0.000198738750495209	0.000198738750495209	0.000198738750495209	0.000198738750495209	0.000198738750495209	0.000198738750495209	0.000198738750495209	0.000198738750495209	0.000198738750495209	0.000198738750495209	0.000198738750495209	0.000198738750495209	0.000198738750495209	0.000198738750495209	0.000198738750495209	0.000198738750495209	0.000198738750495209	0.000306495120252815	0.000198738750495209	0.000198738750495209	1.90858936904065e-05	1.90858936904065e-05	0.000198738750495209	0.000198738750495209	0.000198738750495209	0.000198738750495209	0.000363608084976374	0.000363608084976374	0.000198738750495209	0.000198738750495209	0.421779384180098	0.0085250945317044	0.000198738750495209	0.000198738750495209	0.421779384180098	0.000122383869564576	5.31754414756004e-05	0.0112256739571467	0.000198738750495209	0.000198738750495209	0.0001024305909112	0.000122383869564576	0.0001024305909112	5.31754414756004e-05	0.0112256739571467	0.000198738750495209	0.000198738750495209	0.000122383869564576	0.0001024305909112	5.31754414756004e-05	0.0112256739571467	0.000198738750495209	0.000198738750495209
X70	0.00289536520560694	0.00120253017324311	0.000644598271672425	0.00120253017324311	0.00102214897500592	0.000644598271672425	0.000496016807163255	0.000644598271672425	0.000340866695996022	0.000414269408087182	0.000644598271672425	0.000644598271672425	0.000414269408087182	0.000644598271672425	0.00170570182303875	0.00102214897500592	0.000644598271672425	0.000644598271672425	0.00056713362618829	0.000644598271672425	0.000644598271672425	0.000644598271672425	0.00056713362618829	0.00056713362618829	0.000644598271672425	0.00056713362618829	0.000644598271672425	0.000644598271672425	0.00102214897500592	0.000644598271672425	0.000644598271672425	0.00102214897500592	0.177785211001928	0.00120253017324311	0.00120253017324311	0.177785211001928	0.177785211001928	0.177785211001928	0.177785211001928	0.177785211001928	0.166263626534332	0.166263626534332	0.166263626534332	0.166263626534332	0.166263626534332	0.166263626534332	0.166263626534332	0.166263626534332	0.166263626534332	0.673444758173563	0.673444758173563	0.00278689352102692	0.00278689352102692	0.00278689352102692	0.00278689352102692	0.00278689352102692	0.00278689352102692	0.00278689352102692	0.00278689352102692	0.00278689352102692	0.00278689352102692	0.00278689352102692	0.00278689352102692	0.00278689352102692	0.00278689352102692	0.00278689352102692	0.00278689352102692	0.00278689352102692	0.00278689352102692	0.00289536520560694	0.00278689352102692	0.00278689352102692	0.000218781000661993	0.000218781000661993	0.00278689352102692	0.00278689352102692	0.00278689352102692	0.00278689352102692	0.00533259064026784	0.00533259064026784	0.00278689352102692	0.00278689352102692	0.926358870938597	0.0856446249903259	0.00278689352102692	0.00278689352102692	0.926358870938597	0.00120253017324311	0.000644598271672425	0.177785211001928	0.00278689352102692	0.00278689352102692	0.00102214897500592	0.00120253017324311	0.00102214897500592	0.000644598271672425	0.177785211001928	0.00278689352102692	0.00278689352102692	0.00120253017324311	0.00102214897500592	0.000644598271672425	0.177785211001928	0.00278689352102692	0.00278689352102692
X71	0.00937396997581269	0.00654798078615449	0.00182205129837049	0.00654798078615449	0.00437082971827144	0.00182205129837049	0.00295628943373354	0.00182205129837049	0.00111937248389507	0.00127304590910968	0.00182205129837049	0.00182205129837049	0.00127304590910968	0.00182205129837049	0.00744482161629096	0.00437082971827144	0.00182205129837049	0.00182205129837049	0.00180159057226228	0.00182205129837049	0.00182205129837049	0.00182205129837049	0.00180159057226228	0.00180159057226228	0.00182205129837049	0.00180159057226228	0.00182205129837049	0.00182205129837049	0.00437082971827144	0.00182205129837049	0.00182205129837049	0.00437082971827144	0.156386394524508	0.00654798078615449	0.00654798078615449	0.156386394524508	0.156386394524508	0.156386394524508	0.156386394524508	0.156386394524508	0.136039082369333	0.136039082369333	0.136039082369333	0.136039082369333	0.136039082369333	0.136039082369333	0.136039082369333	0.136039082369333	0.136039082369333	0.483830171398793	0.483830171398793	0.0105346838043331	0.0105346838043331	0.0105346838043331	0.0105346838043331	0.0105346838043331	0.0105346838043331	0.0105346838043331	0.0105346838043331	0.0105346838043331	0.0105346838043331	0.0105346838043331	0.0105346838043331	0.0105346838043331	0.0105346838043331	0.0105346838043331	0.0105346838043331	0.0105346838043331	0.0105346838043331	0.00937396997581269	0.0105346838043331	0.0105346838043331	0.000860167148608606	0.000860167148608606	0.0105346838043331	0.0105346838043331	0.0105346838043331	0.0105346838043331	0.0139986104767855	0.0139986104767855	0.0105346838043331	0.0105346838043331	0.860826202639718	0.0825738501212742	0.0105346838043331	0.0105346838043331	0.860826202639718	0.00654798078615449	0.00182205129837049	0.156386394524508	0.0105346838043331	0.0105346838043331	0.00437082971827144	0.00654798078615449	0.00437082971827144	0.00182205129837049	0.156386394524508	0.0105346838043331	0.0105346838043331	0.00654798078615449	0.00437082971827144	0.00182205129837049	0.156386394524508	0.0105346838043331	0.0105346838043331
X75	0.00210226083686506	0.000408562936991267	0.000540399217453594	0.000408562936991267	0.00107691389314324	0.000540399217453594	0.00020911147656091	0.000540399217453594	0.000393128683790906	0.000392827495515521	0.000540399217453594	0.000540399217453594	0.000392827495515521	0.000540399217453594	0.00162644054575512	0.00107691389314324	0.000540399217453594	0.000540399217453594	0.000532060982916243	0.000540399217453594	0.000540399217453594	0.000540399217453594	0.000532060982916243	0.000532060982916243	0.000540399217453594	0.000532060982916243	0.000540399217453594	0.000540399217453594	0.00107691389314324	0.000540399217453594	0.000540399217453594	0.00107691389314324	0.0824744417579456	0.000408562936991267	0.000408562936991267	0.0824744417579456	0.0824744417579456	0.0824744417579456	0.0824744417579456	0.0824744417579456	0.0688453151352245	0.0688453151352245	0.0688453151352245	0.0688453151352245	0.0688453151352245	0.0688453151352245	0.0688453151352245	0.0688453151352245	0.0688453151352245	0.572880833831629	0.572880833831629	0.00138619920405304	0.00138619920405304	0.00138619920405304	0.00138619920405304	0.00138619920405304	0.00138619920405304	0.00138619920405304	0.00138619920405304	0.00138619920405304	0.00138619920405304	0.00138619920405304	0.00138619920405304	0.00138619920405304	0.00138619920405304	0.00138619920405304	0.00138619920405304	0.00138619920405304	0.00138619920405304	0.00210226083686506	0.00138619920405304	0.00138619920405304	0.000214328726742595	0.000214328726742595	0.00138619920405304	0.00138619920405304	0.00138619920405304	0.00138619920405304	0.00333793183536626	0.00333793183536626	0.00138619920405304	0.00138619920405304	0.74715319545124	0.0333254062640426	0.00138619920405304	0.00138619920405304	0.747153195451241	0.000408562936991267	0.000540399217453594	0.0824744417579456	0.00138619920405304	0.00138619920405304	0.00107691389314324	0.000408562936991267	0.00107691389314324	0.000540399217453594	0.0824744417579456	0.00138619920405304	0.00138619920405304	0.000408562936991267	0.00107691389314324	0.000540399217453594	0.0824744417579456	0.00138619920405304	0.00138619920405304
X77	0.000553727640613906	0.000306743349785022	0.000189430871088641	0.000306743349785022	0.000273607846085188	0.000189430871088641	0.000164868864177494	0.000189430871088641	0.000119539653800084	0.000140516234404043	0.000189430871088641	0.000189430871088641	0.000140516234404043	0.000189430871088641	0.000400132365882996	0.000273607846085188	0.000189430871088641	0.000189430871088641	0.000183573054832046	0.000189430871088641	0.000189430871088641	0.000189430871088641	0.000183573054832046	0.000183573054832046	0.000189430871088641	0.000183573054832046	0.000189430871088641	0.000189430871088641	0.000273607846085188	0.000189430871088641	0.000189430871088641	0.000273607846085188	0.064865852286997	0.000306743349785022	0.000306743349785022	0.064865852286997	0.064865852286997	0.064865852286997	0.064865852286997	0.064865852286997	0.0491129900792781	0.0491129900792781	0.0491129900792781	0.0491129900792781	0.0491129900792781	0.0491129900792781	0.0491129900792781	0.0491129900792781	0.0491129900792781	0.544183060724956	0.544183060724956	0.000602421638850494	0.000602421638850494	0.000602421638850494	0.000602421638850494	0.000602421638850494	0.000602421638850494	0.000602421638850494	0.000602421638850494	0.000602421638850494	0.000602421638850494	0.000602421638850494	0.000602421638850494	0.000602421638850494	0.000602421638850494	0.000602421638850494	0.000602421638850494	0.000602421638850494	0.000602421638850494	0.000553727640613906	0.000602421638850494	0.000602421638850494	5.94041686320415e-05	5.94041686320415e-05	0.000602421638850494	0.000602421638850494	0.000602421638850494	0.000602421638850494	0.00107846929578682	0.00107846929578682	0.000602421638850494	0.000602421638850494	0.693030133668317	0.0234284227197307	0.000602421638850494	0.000602421638850494	0.693030133668318	0.000306743349785022	0.000189430871088641	0.064865852286997	0.000602421638850494	0.000602421638850494	0.000273607846085188	0.000306743349785022	0.000273607846085188	0.000189430871088641	0.064865852286997	0.000602421638850494	0.000602421638850494	0.000306743349785022	0.000273607846085188	0.000189430871088641	0.064865852286997	0.000602421638850494	0.000602421638850494
X79	0.000855459355942758	0.000899437790437554	0.000388350151718056	0.000899437790437554	0.000537270618979165	0.000388350151718056	0.000564378412985224	0.000388350151718056	0.000258325820340367	0.000284953816841176	0.000388350151718056	0.000388350151718056	0.000284953816841176	0.000388350151718056	0.000858846466491281	0.000537270618979165	0.000388350151718056	0.000388350151718056	0.000380682963360893	0.000388350151718056	0.000388350151718056	0.000388350151718056	0.000380682963360893	0.000380682963360893	0.000388350151718056	0.000380682963360893	0.000388350151718056	0.000388350151718056	0.000537270618979165	0.000388350151718056	0.000388350151718056	0.000537270618979165	0.0864367601109695	0.000899437790437554	0.000899437790437554	0.0864367601109695	0.0864367601109695	0.0864367601109695	0.0864367601109695	0.0864367601109695	0.0749372551467157	0.0749372551467157	0.0749372551467157	0.0749372551467157	0.0749372551467157	0.0749372551467157	0.0749372551467157	0.0749372551467157	0.0749372551467157	0.236653761956916	0.236653761956916	0.0018185989286403	0.0018185989286403	0.0018185989286403	0.0018185989286403	0.0018185989286403	0.0018185989286403	0.0018185989286403	0.0018185989286403	0.0018185989286403	0.0018185989286403	0.0018185989286403	0.0018185989286403	0.0018185989286403	0.0018185989286403	0.0018185989286403	0.0018185989286403	0.0018185989286403	0.0018185989286403	0.000855459355942758	0.0018185989286403	0.0018185989286403	0.000167510243008211	0.000167510243008211	0.0018185989286403	0.0018185989286403	0.0018185989286403	0.0018185989286403	0.00232660596955263	0.00232660596955263	0.0018185989286403	0.0018185989286403	0.836201462149444	0.0331489203400811	0.0018185989286403	0.0018185989286403	0.836201462149445	0.000899437790437554	0.000388350151718056	0.0864367601109695	0.0018185989286403	0.0018185989286403	0.000537270618979165	0.000899437790437554	0.000537270618979165	0.000388350151718056	0.0864367601109695	0.0018185989286403	0.0018185989286403	0.000899437790437554	0.000537270618979165	0.000388350151718056	0.0864367601109695	0.0018185989286403	0.0018185989286403
X81	0.00124786255234416	0.000382150592567793	0.000691526789775679	0.000382150592567793	0.000342589437460636	0.000691526789775679	0.000166905876707535	0.000691526789775679	0.000412079983279049	0.000397708358446023	0.000691526789775679	0.000691526789775679	0.000397708358446023	0.000691526789775679	0.000620664546890423	0.000342589437460636	0.000691526789775679	0.000691526789775679	0.000576252935431759	0.000691526789775679	0.000691526789775679	0.000691526789775679	0.000576252935431759	0.000576252935431759	0.000691526789775679	0.000576252935431759	0.000691526789775679	0.000691526789775679	0.000342589437460636	0.000691526789775679	0.000691526789775679	0.000342589437460636	0.173891996572137	0.000382150592567793	0.000382150592567793	0.173891996572137	0.173891996572137	0.173891996572137	0.173891996572137	0.173891996572137	0.15550596933191	0.15550596933191	0.15550596933191	0.15550596933191	0.15550596933191	0.15550596933191	0.15550596933191	0.15550596933191	0.15550596933191	0.733864488984754	0.733864488984754	0.00203515316003278	0.00203515316003278	0.00203515316003278	0.00203515316003278	0.00203515316003278	0.00203515316003278	0.00203515316003278	0.00203515316003278	0.00203515316003278	0.00203515316003278	0.00203515316003278	0.00203515316003278	0.00203515316003278	0.00203515316003278	0.00203515316003278	0.00203515316003278	0.00203515316003278	0.00203515316003278	0.00124786255234416	0.00203515316003278	0.00203515316003278	0.000369404739575593	0.000369404739575593	0.00203515316003278	0.00203515316003278	0.00203515316003278	0.00203515316003278	0.00254386228707656	0.00254386228707656	0.00203515316003278	0.00203515316003278	0.858921200665264	0.0604214826628406	0.00203515316003278	0.00203515316003278	0.858921200665264	0.000382150592567793	0.000691526789775679	0.173891996572137	0.00203515316003278	0.00203515316003278	0.000342589437460636	0.000382150592567793	0.000342589437460636	0.000691526789775679	0.173891996572137	0.00203515316003278	0.00203515316003278	0.000382150592567793	0.000342589437460636	0.000691526789775679	0.173891996572137	0.00203515316003278	0.00203515316003278
X82	3.42182026642438e-05	1.42585882083026e-05	1.84920504536869e-05	1.42585882083026e-05	2.12644797065957e-05	1.84920504536869e-05	1.54275909539463e-05	1.84920504536869e-05	9.28473941326884e-06	1.13116779712263e-05	1.84920504536869e-05	1.84920504536869e-05	1.13116779712263e-05	1.84920504536869e-05	3.69064698661374e-05	2.12644797065957e-05	1.84920504536869e-05	1.84920504536869e-05	1.69568186610977e-05	1.84920504536869e-05	1.84920504536869e-05	1.84920504536869e-05	1.69568186610977e-05	1.69568186610977e-05	1.84920504536869e-05	1.69568186610977e-05	1.84920504536869e-05	1.84920504536869e-05	2.12644797065957e-05	1.84920504536869e-05	1.84920504536869e-05	2.12644797065957e-05	0.005857828604189	1.42585882083026e-05	1.42585882083026e-05	0.005857828604189	0.005857828604189	0.005857828604189	0.005857828604189	0.005857828604189	0.00579008698035494	0.00579008698035494	0.00579008698035494	0.00579008698035494	0.00579008698035494	0.00579008698035494	0.00579008698035494	0.00579008698035494	0.00579008698035494	0.0467032260357605	0.0467032260357605	3.80778134571154e-05	3.80778134571154e-05	3.80778134571154e-05	3.80778134571154e-05	3.80778134571154e-05	3.80778134571154e-05	3.80778134571154e-05	3.80778134571154e-05	3.80778134571154e-05	3.80778134571154e-05	3.80778134571154e-05	3.80778134571154e-05	3.80778134571154e-05	3.80778134571154e-05	3.80778134571154e-05	3.80778134571154e-05	3.80778134571154e-05	3.80778134571154e-05	3.42182026642438e-05	3.80778134571154e-05	3.80778134571154e-05	7.47010251587331e-06	7.47010251587331e-06	3.80778134571154e-05	3.80778134571154e-05	3.80778134571154e-05	3.80778134571154e-05	6.78292982527594e-05	6.78292982527594e-05	3.80778134571154e-05	3.80778134571154e-05	0.333982914358784	0.00315336997986889	3.80778134571154e-05	3.80778134571154e-05	0.333982914358784	1.42585882083026e-05	1.84920504536869e-05	0.005857828604189	3.80778134571154e-05	3.80778134571154e-05	2.12644797065957e-05	1.42585882083026e-05	2.12644797065957e-05	1.84920504536869e-05	0.005857828604189	3.80778134571154e-05	3.80778134571154e-05	1.42585882083026e-05	2.12644797065957e-05	1.84920504536869e-05	0.005857828604189	3.80778134571154e-05	3.80778134571154e-05
X84	0.000562333302823261	0.00032501951161938	8.11197002533169e-05	0.00032501951161938	0.000231822143935342	8.11197002533169e-05	0.000160036636771706	8.11197002533169e-05	4.42136247391579e-05	5.07108525952229e-05	8.11197002533169e-05	8.11197002533169e-05	5.07108525952229e-05	8.11197002533169e-05	0.000403672689499718	0.000231822143935342	8.11197002533169e-05	8.11197002533169e-05	7.39160598837351e-05	8.11197002533169e-05	8.11197002533169e-05	8.11197002533169e-05	7.39160598837351e-05	7.39160598837351e-05	8.11197002533169e-05	7.39160598837351e-05	8.11197002533169e-05	8.11197002533169e-05	0.000231822143935342	8.11197002533169e-05	8.11197002533169e-05	0.000231822143935342	0.0158266133301948	0.00032501951161938	0.00032501951161938	0.0158266133301948	0.0158266133301948	0.0158266133301948	0.0158266133301948	0.0158266133301948	0.0142377129730966	0.0142377129730966	0.0142377129730966	0.0142377129730966	0.0142377129730966	0.0142377129730966	0.0142377129730966	0.0142377129730966	0.0142377129730966	0.150958981825156	0.150958981825156	0.000630305523716333	0.000630305523716333	0.000630305523716333	0.000630305523716333	0.000630305523716333	0.000630305523716333	0.000630305523716333	0.000630305523716333	0.000630305523716333	0.000630305523716333	0.000630305523716333	0.000630305523716333	0.000630305523716333	0.000630305523716333	0.000630305523716333	0.000630305523716333	0.000630305523716333	0.000630305523716333	0.000562333302823261	0.000630305523716333	0.000630305523716333	3.07287742484927e-05	3.07287742484927e-05	0.000630305523716333	0.000630305523716333	0.000630305523716333	0.000630305523716333	0.0010538440787294	0.0010538440787294	0.000630305523716333	0.000630305523716333	0.447788904487253	0.00714428928442616	0.000630305523716333	0.000630305523716333	0.447788904487253	0.00032501951161938	8.11197002533169e-05	0.0158266133301948	0.000630305523716333	0.000630305523716333	0.000231822143935342	0.00032501951161938	0.000231822143935342	8.11197002533169e-05	0.0158266133301948	0.000630305523716333	0.000630305523716333	0.00032501951161938	0.000231822143935342	8.11197002533169e-05	0.0158266133301948	0.000630305523716333	0.000630305523716333
X88	0.00245884260438794	0.00205895276273273	0.000542275506239105	0.00205895276273273	0.00148487003686095	0.000542275506239105	0.00142851415098611	0.000542275506239105	0.000381411730330008	0.000406410489395001	0.000542275506239105	0.000542275506239105	0.000406410489395001	0.000542275506239105	0.00233684744672606	0.00148487003686095	0.000542275506239105	0.000542275506239105	0.000538955969631548	0.000542275506239105	0.000542275506239105	0.000542275506239105	0.000538955969631548	0.000538955969631548	0.000542275506239105	0.000538955969631548	0.000542275506239105	0.000542275506239105	0.00148487003686095	0.000542275506239105	0.000542275506239105	0.00148487003686095	0.0685058884371168	0.00205895276273273	0.00205895276273273	0.0685058884371168	0.0685058884371168	0.0685058884371168	0.0685058884371168	0.0685058884371168	0.060111303234144	0.060111303234144	0.060111303234144	0.060111303234144	0.060111303234144	0.060111303234144	0.060111303234144	0.060111303234144	0.060111303234144	0.334407058762621	0.334407058762621	0.00409413261995443	0.00409413261995443	0.00409413261995443	0.00409413261995443	0.00409413261995443	0.00409413261995443	0.00409413261995443	0.00409413261995443	0.00409413261995443	0.00409413261995443	0.00409413261995443	0.00409413261995443	0.00409413261995443	0.00409413261995443	0.00409413261995443	0.00409413261995443	0.00409413261995443	0.00409413261995443	0.00245884260438794	0.00409413261995443	0.00409413261995443	0.000181521829834611	0.000181521829834611	0.00409413261995443	0.00409413261995443	0.00409413261995443	0.00409413261995443	0.00494988707224953	0.00494988707224953	0.00409413261995443	0.00409413261995443	0.766947963128326	0.0353491926913808	0.00409413261995443	0.00409413261995443	0.766947963128326	0.00205895276273273	0.000542275506239105	0.0685058884371168	0.00409413261995443	0.00409413261995443	0.00148487003686095	0.00205895276273273	0.00148487003686095	0.000542275506239105	0.0685058884371168	0.00409413261995443	0.00409413261995443	0.00205895276273273	0.00148487003686095	0.000542275506239105	0.0685058884371168	0.00409413261995443	0.00409413261995443
X89	0.00126693008075857	0.0014146910537218	0.000813945124299235	0.0014146910537218	0.00105294736815259	0.000813945124299235	0.000469708455083308	0.000813945124299235	0.000850925418010303	0.00077428798144193	0.000813945124299235	0.000813945124299235	0.00077428798144193	0.000813945124299235	0.00120618999921122	0.00105294736815259	0.000813945124299235	0.000813945124299235	0.000804522387194473	0.000813945124299235	0.000813945124299235	0.000813945124299235	0.000804522387194473	0.000804522387194473	0.000813945124299235	0.000804522387194473	0.000813945124299235	0.000813945124299235	0.00105294736815259	0.000813945124299235	0.000813945124299235	0.00105294736815259	0.0589280849294106	0.0014146910537218	0.0014146910537218	0.0589280849294106	0.0589280849294106	0.0589280849294106	0.0589280849294106	0.0589280849294106	0.0532887953615652	0.0532887953615652	0.0532887953615652	0.0532887953615652	0.0532887953615652	0.0532887953615652	0.0532887953615652	0.0532887953615652	0.0532887953615652	0.286766111485943	0.286766111485943	0.000618866252538639	0.000618866252538639	0.000618866252538639	0.000618866252538639	0.000618866252538639	0.000618866252538639	0.000618866252538639	0.000618866252538639	0.000618866252538639	0.000618866252538639	0.000618866252538639	0.000618866252538639	0.000618866252538639	0.000618866252538639	0.000618866252538639	0.000618866252538639	0.000618866252538639	0.000618866252538639	0.00126693008075857	0.000618866252538639	0.000618866252538639	0.000566299665815885	0.000566299665815885	0.000618866252538639	0.000618866252538639	0.000618866252538639	0.000618866252538639	0.00116865470860246	0.00116865470860246	0.000618866252538639	0.000618866252538639	0.80285048453919	0.0280537660583011	0.000618866252538639	0.000618866252538639	0.80285048453919	0.0014146910537218	0.000813945124299235	0.0589280849294106	0.000618866252538639	0.000618866252538639	0.00105294736815259	0.0014146910537218	0.00105294736815259	0.000813945124299235	0.0589280849294106	0.000618866252538639	0.000618866252538639	0.0014146910537218	0.00105294736815259	0.000813945124299235	0.0589280849294106	0.000618866252538639	0.000618866252538639
X90	0.00505032784743134	0.00259969027007558	0.00197375675169176	0.00259969027007558	0.00222381659314738	0.00197375675169176	0.00114558319036906	0.00197375675169176	0.00121421553264446	0.00133548604568459	0.00197375675169176	0.00197375675169176	0.00133548604568459	0.00197375675169176	0.00390481280503638	0.00222381659314738	0.00197375675169176	0.00197375675169176	0.00186546737780795	0.00197375675169176	0.00197375675169176	0.00197375675169176	0.00186546737780795	0.00186546737780795	0.00197375675169176	0.00186546737780795	0.00197375675169176	0.00197375675169176	0.00222381659314738	0.00197375675169176	0.00197375675169176	0.00222381659314738	0.394916607830389	0.00259969027007558	0.00259969027007558	0.394916607830389	0.394916607830389	0.394916607830389	0.394916607830389	0.394916607830389	0.340446011723803	0.340446011723803	0.340446011723803	0.340446011723803	0.340446011723803	0.340446011723803	0.340446011723803	0.340446011723803	0.340446011723803	0.795336213919117	0.795336213919117	0.00445743232201624	0.00445743232201624	0.00445743232201624	0.00445743232201624	0.00445743232201624	0.00445743232201624	0.00445743232201624	0.00445743232201624	0.00445743232201624	0.00445743232201624	0.00445743232201624	0.00445743232201624	0.00445743232201624	0.00445743232201624	0.00445743232201624	0.00445743232201624	0.00445743232201624	0.00445743232201624	0.00505032784743134	0.00445743232201624	0.00445743232201624	0.000450428966499535	0.000450428966499535	0.00445743232201624	0.00445743232201624	0.00445743232201624	0.00445743232201624	0.0104789465349461	0.0104789465349461	0.00445743232201624	0.00445743232201624	0.965514674923594	0.224310661751341	0.00445743232201624	0.00445743232201624	0.965514674923594	0.00259969027007558	0.00197375675169176	0.394916607830389	0.00445743232201624	0.00445743232201624	0.00222381659314738	0.00259969027007558	0.00222381659314738	0.00197375675169176	0.394916607830389	0.00445743232201624	0.00445743232201624	0.00259969027007558	0.00222381659314738	0.00197375675169176	0.394916607830389	0.00445743232201624	0.00445743232201624
X91	0.00172648833684292	0.00140429715327032	0.000645583556519305	0.00140429715327032	0.000988203907512455	0.000645583556519305	0.000744372111527432	0.000645583556519305	0.000419642571984767	0.000461864130628816	0.000645583556519305	0.000645583556519305	0.000461864130628816	0.000645583556519305	0.00172024455105358	0.000988203907512455	0.000645583556519305	0.000645583556519305	0.000652294832254157	0.000645583556519305	0.000645583556519305	0.000645583556519305	0.000652294832254157	0.000652294832254157	0.000645583556519305	0.000652294832254157	0.000645583556519305	0.000645583556519305	0.000988203907512455	0.000645583556519305	0.000645583556519305	0.000988203907512455	0.0928540799847152	0.00140429715327032	0.00140429715327032	0.0928540799847152	0.0928540799847152	0.0928540799847152	0.0928540799847152	0.0928540799847152	0.080422397457288	0.080422397457288	0.080422397457288	0.080422397457288	0.080422397457288	0.080422397457288	0.080422397457288	0.080422397457288	0.080422397457288	0.481002231195671	0.481002231195671	0.0020364381144889	0.0020364381144889	0.0020364381144889	0.0020364381144889	0.0020364381144889	0.0020364381144889	0.0020364381144889	0.0020364381144889	0.0020364381144889	0.0020364381144889	0.0020364381144889	0.0020364381144889	0.0020364381144889	0.0020364381144889	0.0020364381144889	0.0020364381144889	0.0020364381144889	0.0020364381144889	0.00172648833684292	0.0020364381144889	0.0020364381144889	0.000182064341115848	0.000182064341115848	0.0020364381144889	0.0020364381144889	0.0020364381144889	0.0020364381144889	0.00327714468938488	0.00327714468938488	0.0020364381144889	0.0020364381144889	0.846540891561795	0.0432154556048507	0.0020364381144889	0.0020364381144889	0.846540891561795	0.00140429715327032	0.000645583556519305	0.0928540799847152	0.0020364381144889	0.0020364381144889	0.000988203907512455	0.00140429715327032	0.000988203907512455	0.000645583556519305	0.0928540799847152	0.0020364381144889	0.0020364381144889	0.00140429715327032	0.000988203907512455	0.000645583556519305	0.0928540799847152	0.0020364381144889	0.0020364381144889
X93	0.00171214159871497	0.000705022950497302	0.00037879644679303	0.000705022950497302	0.000764151205981966	0.00037879644679303	0.000555751828661643	0.00037879644679303	0.000278731814481585	0.000279842012840988	0.00037879644679303	0.00037879644679303	0.000279842012840988	0.00037879644679303	0.00122184937427401	0.000764151205981966	0.00037879644679303	0.00037879644679303	0.000371037553808426	0.00037879644679303	0.00037879644679303	0.00037879644679303	0.000371037553808426	0.000371037553808426	0.00037879644679303	0.000371037553808426	0.00037879644679303	0.00037879644679303	0.000764151205981966	0.00037879644679303	0.00037879644679303	0.000764151205981966	0.125289688884806	0.000705022950497302	0.000705022950497302	0.125289688884806	0.125289688884806	0.125289688884806	0.125289688884806	0.125289688884806	0.10227684206971	0.10227684206971	0.10227684206971	0.10227684206971	0.10227684206971	0.10227684206971	0.10227684206971	0.10227684206971	0.10227684206971	0.514054782403322	0.514054782403322	0.00297233813646343	0.00297233813646343	0.00297233813646343	0.00297233813646343	0.00297233813646343	0.00297233813646343	0.00297233813646343	0.00297233813646343	0.00297233813646343	0.00297233813646343	0.00297233813646343	0.00297233813646343	0.00297233813646343	0.00297233813646343	0.00297233813646343	0.00297233813646343	0.00297233813646343	0.00297233813646343	0.00171214159871497	0.00297233813646343	0.00297233813646343	0.000139454033523996	0.000139454033523996	0.00297233813646343	0.00297233813646343	0.00297233813646343	0.00297233813646343	0.00375955202378502	0.00375955202378502	0.00297233813646343	0.00297233813646343	0.895570472813247	0.0466734121037569	0.00297233813646343	0.00297233813646343	0.895570472813247	0.000705022950497302	0.00037879644679303	0.125289688884806	0.00297233813646343	0.00297233813646343	0.000764151205981966	0.000705022950497302	0.000764151205981966	0.00037879644679303	0.125289688884806	0.00297233813646343	0.00297233813646343	0.000705022950497302	0.000764151205981966	0.00037879644679303	0.125289688884806	0.00297233813646343	0.00297233813646343
X95	3.83686353696228e-05	8.46531551617199e-06	9.39319253653604e-06	8.46531551617199e-06	1.12145593874398e-05	9.39319253653604e-06	6.8083460998156e-06	9.39319253653604e-06	3.49322911233961e-06	5.09379876859586e-06	9.39319253653604e-06	9.39319253653604e-06	5.09379876859586e-06	9.39319253653604e-06	2.17213784216218e-05	1.12145593874398e-05	9.39319253653604e-06	9.39319253653604e-06	7.82725571691144e-06	9.39319253653604e-06	9.39319253653604e-06	9.39319253653604e-06	7.82725571691144e-06	7.82725571691144e-06	9.39319253653604e-06	7.82725571691144e-06	9.39319253653604e-06	9.39319253653604e-06	1.12145593874398e-05	9.39319253653604e-06	9.39319253653604e-06	1.12145593874398e-05	0.00958883877964599	8.46531551617199e-06	8.46531551617199e-06	0.00958883877964599	0.00958883877964599	0.00958883877964599	0.00958883877964599	0.00958883877964599	0.00949366034746189	0.00949366034746189	0.00949366034746189	0.00949366034746189	0.00949366034746189	0.00949366034746189	0.00949366034746189	0.00949366034746189	0.00949366034746189	0.19344595286307	0.19344595286307	2.45268727423235e-05	2.45268727423235e-05	2.45268727423235e-05	2.45268727423235e-05	2.45268727423235e-05	2.45268727423235e-05	2.45268727423235e-05	2.45268727423235e-05	2.45268727423235e-05	2.45268727423235e-05	2.45268727423235e-05	2.45268727423235e-05	2.45268727423235e-05	2.45268727423235e-05	2.45268727423235e-05	2.45268727423235e-05	2.45268727423235e-05	2.45268727423235e-05	3.83686353696228e-05	2.45268727423235e-05	2.45268727423235e-05	4.20811592879911e-06	4.20811592879911e-06	2.45268727423235e-05	2.45268727423235e-05	2.45268727423235e-05	2.45268727423235e-05	4.70813846562336e-05	4.70813846562336e-05	2.45268727423235e-05	2.45268727423235e-05	0.535571157009969	0.0052379662109541	2.45268727423235e-05	2.45268727423235e-05	0.53557115700997	8.46531551617199e-06	9.39319253653604e-06	0.00958883877964599	2.45268727423235e-05	2.45268727423235e-05	1.12145593874398e-05	8.46531551617199e-06	1.12145593874398e-05	9.39319253653604e-06	0.00958883877964599	2.45268727423235e-05	2.45268727423235e-05	8.46531551617199e-06	1.12145593874398e-05	9.39319253653604e-06	0.00958883877964599	2.45268727423235e-05	2.45268727423235e-05
X96	0.000627975732989161	0.000466235004792051	0.000187303269258678	0.000466235004792051	0.000307679377675334	0.000187303269258678	0.000243401276271239	0.000187303269258678	0.000119107847662927	0.00013604877165372	0.000187303269258678	0.000187303269258678	0.00013604877165372	0.000187303269258678	0.000531153229424991	0.000307679377675334	0.000187303269258678	0.000187303269258678	0.000187157934337857	0.000187303269258678	0.000187303269258678	0.000187303269258678	0.000187157934337857	0.000187157934337857	0.000187303269258678	0.000187157934337857	0.000187303269258678	0.000187303269258678	0.000307679377675334	0.000187303269258678	0.000187303269258678	0.000307679377675334	0.0365239369500914	0.000466235004792051	0.000466235004792051	0.0365239369500914	0.0365239369500914	0.0365239369500914	0.0365239369500914	0.0365239369500914	0.0273856983203877	0.0273856983203877	0.0273856983203877	0.0273856983203877	0.0273856983203877	0.0273856983203877	0.0273856983203877	0.0273856983203877	0.0273856983203877	0.20546400148464	0.20546400148464	0.000706673685565936	0.000706673685565936	0.000706673685565936	0.000706673685565936	0.000706673685565936	0.000706673685565936	0.000706673685565936	0.000706673685565936	0.000706673685565936	0.000706673685565936	0.000706673685565936	0.000706673685565936	0.000706673685565936	0.000706673685565936	0.000706673685565936	0.000706673685565936	0.000706673685565936	0.000706673685565936	0.000627975732989161	0.000706673685565936	0.000706673685565936	6.13319516349069e-05	6.13319516349069e-05	0.000706673685565936	0.000706673685565936	0.000706673685565936	0.000706673685565936	0.00142977209358729	0.00142977209358729	0.000706673685565936	0.000706673685565936	0.64249923038076	0.0140240369308979	0.000706673685565936	0.000706673685565936	0.64249923038076	0.000466235004792051	0.000187303269258678	0.0365239369500914	0.000706673685565936	0.000706673685565936	0.000307679377675334	0.000466235004792051	0.000307679377675334	0.000187303269258678	0.0365239369500914	0.000706673685565936	0.000706673685565936	0.000466235004792051	0.000307679377675334	0.000187303269258678	0.0365239369500914	0.000706673685565936	0.000706673685565936
X266	0.00167268485074916	0.000459119317474292	0.000828903692878145	0.000459119317474292	0.00054305547219015	0.000828903692878145	0.0003142232880167	0.000828903692878145	0.000456585309449923	0.000507012902116128	0.000828903692878145	0.000828903692878145	0.000507012902116128	0.000828903692878145	0.000883191458115493	0.00054305547219015	0.000828903692878145	0.000828903692878145	0.000695055583987419	0.000828903692878145	0.000828903692878145	0.000828903692878145	0.000695055583987419	0.000695055583987419	0.000828903692878145	0.000695055583987419	0.000828903692878145	0.000828903692878145	0.00054305547219015	0.000828903692878145	0.000828903692878145	0.00054305547219015	0.100401310456144	0.000459119317474292	0.000459119317474292	0.100401310456144	0.100401310456144	0.100401310456144	0.100401310456144	0.100401310456144	0.091042406916075	0.091042406916075	0.091042406916075	0.091042406916075	0.091042406916075	0.091042406916075	0.091042406916075	0.091042406916075	0.091042406916075	0.608119102065876	0.608119102065876	0.0016149810205442	0.0016149810205442	0.0016149810205442	0.0016149810205442	0.0016149810205442	0.0016149810205442	0.0016149810205442	0.0016149810205442	0.0016149810205442	0.0016149810205442	0.0016149810205442	0.0016149810205442	0.0016149810205442	0.0016149810205442	0.0016149810205442	0.0016149810205442	0.0016149810205442	0.0016149810205442	0.00167268485074916	0.0016149810205442	0.0016149810205442	0.000355248930030949	0.000355248930030949	0.0016149810205442	0.0016149810205442	0.0016149810205442	0.0016149810205442	0.0023650961459583	0.0023650961459583	0.0016149810205442	0.0016149810205442	0.805005554295721	0.0487742218155942	0.0016149810205442	0.0016149810205442	0.805005554295721	0.000459119317474292	0.000828903692878145	0.100401310456144	0.0016149810205442	0.0016149810205442	0.00054305547219015	0.000459119317474292	0.00054305547219015	0.000828903692878145	0.100401310456144	0.0016149810205442	0.0016149810205442	0.000459119317474292	0.00054305547219015	0.000828903692878145	0.100401310456144	0.0016149810205442	0.0016149810205442
X268	0.0188791950957779	0.036606417052946	0.0023222616213582	0.036606417052946	0.0154252234347938	0.0023222616213582	0.0194357536355315	0.0023222616213582	0.00209407216684913	0.00198541174766967	0.0023222616213582	0.0023222616213582	0.00198541174766967	0.0023222616213582	0.0190382740581646	0.0154252234347938	0.0023222616213582	0.0023222616213582	0.00242577258100613	0.0023222616213582	0.0023222616213582	0.0023222616213582	0.00242577258100613	0.00242577258100613	0.0023222616213582	0.00242577258100613	0.0023222616213582	0.0023222616213582	0.0154252234347938	0.0023222616213582	0.0023222616213582	0.0154252234347938	0.321609414124454	0.036606417052946	0.036606417052946	0.321609414124454	0.321609414124454	0.321609414124454	0.321609414124454	0.321609414124454	0.272929314714036	0.272929314714036	0.272929314714036	0.272929314714036	0.272929314714036	0.272929314714036	0.272929314714036	0.272929314714036	0.272929314714036	0.744757714467727	0.744757714467727	0.0445428424076734	0.0445428424076734	0.0445428424076734	0.0445428424076734	0.0445428424076734	0.0445428424076734	0.0445428424076734	0.0445428424076734	0.0445428424076734	0.0445428424076734	0.0445428424076734	0.0445428424076734	0.0445428424076734	0.0445428424076734	0.0445428424076734	0.0445428424076734	0.0445428424076734	0.0445428424076734	0.0188791950957779	0.0445428424076734	0.0445428424076734	0.000665621505819464	0.000665621505819464	0.0445428424076734	0.0445428424076734	0.0445428424076734	0.0445428424076734	0.0409003298840968	0.0409003298840968	0.0445428424076734	0.0445428424076734	0.949516044721405	0.153298396627216	0.0445428424076734	0.0445428424076734	0.949516044721406	0.036606417052946	0.0023222616213582	0.321609414124454	0.0445428424076734	0.0445428424076734	0.0154252234347938	0.036606417052946	0.0154252234347938	0.0023222616213582	0.321609414124454	0.0445428424076734	0.0445428424076734	0.036606417052946	0.0154252234347938	0.0023222616213582	0.321609414124454	0.0445428424076734	0.0445428424076734
X270	0.00634892582112466	0.00124601760361325	0.0015020733915617	0.00124601760361325	0.00250086072458796	0.0015020733915617	0.0012963262422272	0.0015020733915617	0.000795630038333639	0.000901033771574719	0.0015020733915617	0.0015020733915617	0.000901033771574719	0.0015020733915617	0.00503740704076363	0.00250086072458796	0.0015020733915617	0.0015020733915617	0.00133331444038667	0.0015020733915617	0.0015020733915617	0.0015020733915617	0.00133331444038667	0.00133331444038667	0.0015020733915617	0.00133331444038667	0.0015020733915617	0.0015020733915617	0.00250086072458796	0.0015020733915617	0.0015020733915617	0.00250086072458796	0.20797254147084	0.00124601760361325	0.00124601760361325	0.20797254147084	0.20797254147084	0.20797254147084	0.20797254147084	0.20797254147084	0.18592522099874	0.18592522099874	0.18592522099874	0.18592522099874	0.18592522099874	0.18592522099874	0.18592522099874	0.18592522099874	0.18592522099874	0.674760797187702	0.674760797187702	0.00674837249035783	0.00674837249035783	0.00674837249035783	0.00674837249035783	0.00674837249035783	0.00674837249035783	0.00674837249035783	0.00674837249035783	0.00674837249035783	0.00674837249035783	0.00674837249035783	0.00674837249035783	0.00674837249035783	0.00674837249035783	0.00674837249035783	0.00674837249035783	0.00674837249035783	0.00674837249035783	0.00634892582112466	0.00674837249035783	0.00674837249035783	0.000520385294306436	0.000520385294306436	0.00674837249035783	0.00674837249035783	0.00674837249035783	0.00674837249035783	0.0124690311646375	0.0124690311646375	0.00674837249035783	0.00674837249035783	0.92936431041706	0.0867168397504599	0.00674837249035783	0.00674837249035783	0.92936431041706	0.00124601760361325	0.0015020733915617	0.20797254147084	0.00674837249035783	0.00674837249035783	0.00250086072458796	0.00124601760361325	0.00250086072458796	0.0015020733915617	0.20797254147084	0.00674837249035783	0.00674837249035783	0.00124601760361325	0.00250086072458796	0.0015020733915617	0.20797254147084	0.00674837249035783	0.00674837249035783
X272	0.00402335518311715	0.00644121870008266	0.00375237127361806	0.00644121870008266	0.0018218946011204	0.00375237127361806	0.00222983679017858	0.00375237127361806	0.00282363616172251	0.00277414668609274	0.00375237127361806	0.00375237127361806	0.00277414668609274	0.00375237127361806	0.00250155392202199	0.0018218946011204	0.00375237127361806	0.00375237127361806	0.0034201307840756	0.00375237127361806	0.00375237127361806	0.00375237127361806	0.0034201307840756	0.0034201307840756	0.00375237127361806	0.0034201307840756	0.00375237127361806	0.00375237127361806	0.0018218946011204	0.00375237127361806	0.00375237127361806	0.0018218946011204	0.487742980360343	0.00644121870008266	0.00644121870008266	0.487742980360343	0.487742980360343	0.487742980360343	0.487742980360343	0.487742980360343	0.422933559692389	0.422933559692389	0.422933559692389	0.422933559692389	0.422933559692389	0.422933559692389	0.422933559692389	0.422933559692389	0.422933559692389	0.906800684107375	0.906800684107375	0.00669907272336947	0.00669907272336947	0.00669907272336947	0.00669907272336947	0.00669907272336947	0.00669907272336947	0.00669907272336947	0.00669907272336947	0.00669907272336947	0.00669907272336947	0.00669907272336947	0.00669907272336947	0.00669907272336947	0.00669907272336947	0.00669907272336947	0.00669907272336947	0.00669907272336947	0.00669907272336947	0.00402335518311715	0.00669907272336947	0.00669907272336947	0.00149085198550473	0.00149085198550473	0.00669907272336947	0.00669907272336947	0.00669907272336947	0.00669907272336947	0.0053454847725105	0.0053454847725105	0.00669907272336947	0.00669907272336947	0.971407499717924	0.307540445971525	0.00669907272336947	0.00669907272336947	0.971407499717925	0.00644121870008266	0.00375237127361806	0.487742980360343	0.00669907272336947	0.00669907272336947	0.0018218946011204	0.00644121870008266	0.0018218946011204	0.00375237127361806	0.487742980360343	0.00669907272336947	0.00669907272336947	0.00644121870008266	0.0018218946011204	0.00375237127361806	0.487742980360343	0.00669907272336947	0.00669907272336947
X274	0.00249074520822322	0.00286638906847359	0.000966907962102705	0.00286638906847359	0.00129485578636519	0.000966907962102705	0.00122888279334184	0.000966907962102705	0.000688814897629654	0.00073280287692249	0.000966907962102705	0.000966907962102705	0.00073280287692249	0.000966907962102705	0.001688309054213	0.00129485578636519	0.000966907962102705	0.000966907962102705	0.000892555775429658	0.000966907962102705	0.000966907962102705	0.000966907962102705	0.000892555775429658	0.000892555775429658	0.000966907962102705	0.000892555775429658	0.000966907962102705	0.000966907962102705	0.00129485578636519	0.000966907962102705	0.000966907962102705	0.00129485578636519	0.175867207350931	0.00286638906847359	0.00286638906847359	0.175867207350931	0.175867207350931	0.175867207350931	0.175867207350931	0.175867207350931	0.126053791742595	0.126053791742595	0.126053791742595	0.126053791742595	0.126053791742595	0.126053791742595	0.126053791742595	0.126053791742595	0.126053791742595	0.598144908770315	0.598144908770315	0.00206933573823647	0.00206933573823647	0.00206933573823647	0.00206933573823647	0.00206933573823647	0.00206933573823647	0.00206933573823647	0.00206933573823647	0.00206933573823647	0.00206933573823647	0.00206933573823647	0.00206933573823647	0.00206933573823647	0.00206933573823647	0.00206933573823647	0.00206933573823647	0.00206933573823647	0.00206933573823647	0.00249074520822322	0.00206933573823647	0.00206933573823647	0.000397195346632047	0.000397195346632047	0.00206933573823647	0.00206933573823647	0.00206933573823647	0.00206933573823647	0.00357552178799651	0.00357552178799651	0.00206933573823647	0.00206933573823647	0.878574045078387	0.0814614773671567	0.00206933573823647	0.00206933573823647	0.878574045078387	0.00286638906847359	0.000966907962102705	0.175867207350931	0.00206933573823647	0.00206933573823647	0.00129485578636519	0.00286638906847359	0.00129485578636519	0.000966907962102705	0.175867207350931	0.00206933573823647	0.00206933573823647	0.00286638906847359	0.00129485578636519	0.000966907962102705	0.175867207350931	0.00206933573823647	0.00206933573823647
X276	0.000778634566025656	0.00143196913803712	0.000149982781126989	0.00143196913803712	0.000434130605716571	0.000149982781126989	0.000512924581544043	0.000149982781126989	0.000102047765660325	0.000104715081585591	0.000149982781126989	0.000149982781126989	0.000104715081585591	0.000149982781126989	0.000703265433792606	0.000434130605716571	0.000149982781126989	0.000149982781126989	0.000147629168408248	0.000149982781126989	0.000149982781126989	0.000149982781126989	0.000147629168408248	0.000147629168408248	0.000149982781126989	0.000147629168408248	0.000149982781126989	0.000149982781126989	0.000434130605716571	0.000149982781126989	0.000149982781126989	0.000434130605716571	0.0142392681591617	0.00143196913803712	0.00143196913803712	0.0142392681591617	0.0142392681591617	0.0142392681591617	0.0142392681591617	0.0142392681591617	0.0116304921163963	0.0116304921163963	0.0116304921163963	0.0116304921163963	0.0116304921163963	0.0116304921163963	0.0116304921163963	0.0116304921163963	0.0116304921163963	0.108211933666689	0.108211933666689	0.00191604057314576	0.00191604057314576	0.00191604057314576	0.00191604057314576	0.00191604057314576	0.00191604057314576	0.00191604057314576	0.00191604057314576	0.00191604057314576	0.00191604057314576	0.00191604057314576	0.00191604057314576	0.00191604057314576	0.00191604057314576	0.00191604057314576	0.00191604057314576	0.00191604057314576	0.00191604057314576	0.000778634566025656	0.00191604057314576	0.00191604057314576	5.81301220605635e-05	5.81301220605635e-05	0.00191604057314576	0.00191604057314576	0.00191604057314576	0.00191604057314576	0.00147856149297287	0.00147856149297287	0.00191604057314576	0.00191604057314576	0.314741017731272	0.00612402957838308	0.00191604057314576	0.00191604057314576	0.314741017731272	0.00143196913803712	0.000149982781126989	0.0142392681591617	0.00191604057314576	0.00191604057314576	0.000434130605716571	0.00143196913803712	0.000434130605716571	0.000149982781126989	0.0142392681591617	0.00191604057314576	0.00191604057314576	0.00143196913803712	0.000434130605716571	0.000149982781126989	0.0142392681591617	0.00191604057314576	0.00191604057314576
X278	0.00323982927341708	0.00255895199963551	0.000884549412404745	0.00255895199963551	0.00198132856854042	0.000884549412404745	0.00165278657642382	0.000884549412404745	0.000568890806539458	0.000692759614837887	0.000884549412404745	0.000884549412404745	0.000692759614837887	0.000884549412404745	0.00393137070267101	0.00198132856854042	0.000884549412404745	0.000884549412404745	0.00107425505044726	0.000884549412404745	0.000884549412404745	0.000884549412404745	0.00107425505044726	0.00107425505044726	0.000884549412404745	0.00107425505044726	0.000884549412404745	0.000884549412404745	0.00198132856854042	0.000884549412404745	0.000884549412404745	0.00198132856854042	0.0683672419622172	0.00255895199963551	0.00255895199963551	0.0683672419622172	0.0683672419622172	0.0683672419622172	0.0683672419622172	0.0683672419622172	0.0576805471288735	0.0576805471288735	0.0576805471288735	0.0576805471288735	0.0576805471288735	0.0576805471288735	0.0576805471288735	0.0576805471288735	0.0576805471288735	0.397829112442218	0.397829112442218	0.00160331449793208	0.00160331449793208	0.00160331449793208	0.00160331449793208	0.00160331449793208	0.00160331449793208	0.00160331449793208	0.00160331449793208	0.00160331449793208	0.00160331449793208	0.00160331449793208	0.00160331449793208	0.00160331449793208	0.00160331449793208	0.00160331449793208	0.00160331449793208	0.00160331449793208	0.00160331449793208	0.00323982927341708	0.00160331449793208	0.00160331449793208	0.000271486809811049	0.000271486809811049	0.00160331449793208	0.00160331449793208	0.00160331449793208	0.00160331449793208	0.00330740095833511	0.00330740095833511	0.00160331449793208	0.00160331449793208	0.692276833778235	0.0590953307565889	0.00160331449793208	0.00160331449793208	0.692276833778235	0.00255895199963551	0.000884549412404745	0.0683672419622172	0.00160331449793208	0.00160331449793208	0.00198132856854042	0.00255895199963551	0.00198132856854042	0.000884549412404745	0.0683672419622172	0.00160331449793208	0.00160331449793208	0.00255895199963551	0.00198132856854042	0.000884549412404745	0.0683672419622172	0.00160331449793208	0.00160331449793208
X279	0.0581349286175864	0.0566093435034318	0.0083082861236729	0.0566093435034318	0.0355183918115901	0.0083082861236729	0.0163219130433089	0.0083082861236729	0.00721080774533443	0.00743201923165045	0.0083082861236729	0.0083082861236729	0.00743201923165045	0.0083082861236729	0.0374753415512395	0.0355183918115901	0.0083082861236729	0.0083082861236729	0.0078295603289869	0.0083082861236729	0.0083082861236729	0.0083082861236729	0.0078295603289869	0.0078295603289869	0.0083082861236729	0.0078295603289869	0.0083082861236729	0.0083082861236729	0.0355183918115901	0.0083082861236729	0.0083082861236729	0.0355183918115901	0.525727796088004	0.0566093435034318	0.0566093435034318	0.525727796088004	0.525727796088004	0.525727796088004	0.525727796088004	0.525727796088004	0.466137299429041	0.466137299429041	0.466137299429041	0.466137299429041	0.466137299429041	0.466137299429041	0.466137299429041	0.466137299429041	0.466137299429041	0.913670039814783	0.913670039814783	0.0289364180238507	0.0289364180238507	0.0289364180238507	0.0289364180238507	0.0289364180238507	0.0289364180238507	0.0289364180238507	0.0289364180238507	0.0289364180238507	0.0289364180238507	0.0289364180238507	0.0289364180238507	0.0289364180238507	0.0289364180238507	0.0289364180238507	0.0289364180238507	0.0289364180238507	0.0289364180238507	0.0581349286175864	0.0289364180238507	0.0289364180238507	0.00353883787014719	0.00353883787014719	0.0289364180238507	0.0289364180238507	0.0289364180238507	0.0289364180238507	0.0488132118179883	0.0488132118179883	0.0289364180238507	0.0289364180238507	0.977122449846194	0.337273200691907	0.0289364180238507	0.0289364180238507	0.977122449846195	0.0566093435034318	0.0083082861236729	0.525727796088004	0.0289364180238507	0.0289364180238507	0.0355183918115901	0.0566093435034318	0.0355183918115901	0.0083082861236729	0.525727796088004	0.0289364180238507	0.0289364180238507	0.0566093435034318	0.0355183918115901	0.0083082861236729	0.525727796088004	0.0289364180238507	0.0289364180238507
X280	0.000372341802034827	0.000147452534873478	7.87110205613407e-05	0.000147452534873478	0.000201515538889095	7.87110205613407e-05	0.000101902737371752	7.87110205613407e-05	4.93151045061012e-05	5.61545304078407e-05	7.87110205613407e-05	7.87110205613407e-05	5.61545304078407e-05	7.87110205613407e-05	0.000298291926002087	0.000201515538889095	7.87110205613407e-05	7.87110205613407e-05	7.51239016929795e-05	7.87110205613407e-05	7.87110205613407e-05	7.87110205613407e-05	7.51239016929795e-05	7.51239016929795e-05	7.87110205613407e-05	7.51239016929795e-05	7.87110205613407e-05	7.87110205613407e-05	0.000201515538889095	7.87110205613407e-05	7.87110205613407e-05	0.000201515538889095	0.0168906349829443	0.000147452534873478	0.000147452534873478	0.0168906349829443	0.0168906349829443	0.0168906349829443	0.0168906349829443	0.0168906349829443	0.0135456692317334	0.0135456692317334	0.0135456692317334	0.0135456692317334	0.0135456692317334	0.0135456692317334	0.0135456692317334	0.0135456692317334	0.0135456692317334	0.153580932476786	0.153580932476786	0.00028033424646909	0.00028033424646909	0.00028033424646909	0.00028033424646909	0.00028033424646909	0.00028033424646909	0.00028033424646909	0.00028033424646909	0.00028033424646909	0.00028033424646909	0.00028033424646909	0.00028033424646909	0.00028033424646909	0.00028033424646909	0.00028033424646909	0.00028033424646909	0.00028033424646909	0.00028033424646909	0.000372341802034827	0.00028033424646909	0.00028033424646909	3.15718875259459e-05	3.15718875259459e-05	0.00028033424646909	0.00028033424646909	0.00028033424646909	0.00028033424646909	0.000652705748086895	0.000652705748086895	0.00028033424646909	0.00028033424646909	0.296063334246193	0.00782897628992302	0.00028033424646909	0.00028033424646909	0.296063334246193	0.000147452534873478	7.87110205613407e-05	0.0168906349829443	0.00028033424646909	0.00028033424646909	0.000201515538889095	0.000147452534873478	0.000201515538889095	7.87110205613407e-05	0.0168906349829443	0.00028033424646909	0.00028033424646909	0.000147452534873478	0.000201515538889095	7.87110205613407e-05	0.0168906349829443	0.00028033424646909	0.00028033424646909
X282	0.00537831563434696	0.00270856900186429	0.00202937741965797	0.00270856900186429	0.00278283558326073	0.00202937741965797	0.00140724882413479	0.00202937741965797	0.00140460822273963	0.00131255169447466	0.00202937741965797	0.00202937741965797	0.00131255169447466	0.00202937741965797	0.00524620793241116	0.00278283558326073	0.00202937741965797	0.00202937741965797	0.00192631988883605	0.00202937741965797	0.00202937741965797	0.00202937741965797	0.00192631988883605	0.00192631988883605	0.00202937741965797	0.00192631988883605	0.00202937741965797	0.00202937741965797	0.00278283558326073	0.00202937741965797	0.00202937741965797	0.00278283558326073	0.224417182083354	0.00270856900186429	0.00270856900186429	0.224417182083354	0.224417182083354	0.224417182083354	0.224417182083354	0.224417182083354	0.202084655194165	0.202084655194165	0.202084655194165	0.202084655194165	0.202084655194165	0.202084655194165	0.202084655194165	0.202084655194165	0.202084655194165	0.592735090661743	0.592735090661743	0.0057016198816091	0.0057016198816091	0.0057016198816091	0.0057016198816091	0.0057016198816091	0.0057016198816091	0.0057016198816091	0.0057016198816091	0.0057016198816091	0.0057016198816091	0.0057016198816091	0.0057016198816091	0.0057016198816091	0.0057016198816091	0.0057016198816091	0.0057016198816091	0.0057016198816091	0.0057016198816091	0.00537831563434696	0.0057016198816091	0.0057016198816091	0.000854407252826962	0.000854407252826962	0.0057016198816091	0.0057016198816091	0.0057016198816091	0.0057016198816091	0.0113818923211418	0.0113818923211418	0.0057016198816091	0.0057016198816091	0.897451610459345	0.112394542031186	0.0057016198816091	0.0057016198816091	0.897451610459345	0.00270856900186429	0.00202937741965797	0.224417182083354	0.0057016198816091	0.0057016198816091	0.00278283558326073	0.00270856900186429	0.00278283558326073	0.00202937741965797	0.224417182083354	0.0057016198816091	0.0057016198816091	0.00270856900186429	0.00278283558326073	0.00202937741965797	0.224417182083354	0.0057016198816091	0.0057016198816091
X284	0.0115511110688991	0.00564180406277543	0.0015839438820413	0.00564180406277543	0.00480846080438393	0.0015839438820413	0.00243205191349892	0.0015839438820413	0.00096902369300707	0.000966302009360121	0.0015839438820413	0.0015839438820413	0.000966302009360121	0.0015839438820413	0.00692521532330113	0.00480846080438393	0.0015839438820413	0.0015839438820413	0.00132121183233468	0.0015839438820413	0.0015839438820413	0.0015839438820413	0.00132121183233468	0.00132121183233468	0.0015839438820413	0.00132121183233468	0.0015839438820413	0.0015839438820413	0.00480846080438393	0.0015839438820413	0.0015839438820413	0.00480846080438393	0.340696985984557	0.00564180406277543	0.00564180406277543	0.340696985984557	0.340696985984557	0.340696985984557	0.340696985984557	0.340696985984557	0.300556249860022	0.300556249860022	0.300556249860022	0.300556249860022	0.300556249860022	0.300556249860022	0.300556249860022	0.300556249860022	0.300556249860022	0.832570411777657	0.832570411777657	0.0179566430336826	0.0179566430336826	0.0179566430336826	0.0179566430336826	0.0179566430336826	0.0179566430336826	0.0179566430336826	0.0179566430336826	0.0179566430336826	0.0179566430336826	0.0179566430336826	0.0179566430336826	0.0179566430336826	0.0179566430336826	0.0179566430336826	0.0179566430336826	0.0179566430336826	0.0179566430336826	0.0115511110688991	0.0179566430336826	0.0179566430336826	0.00081185558123748	0.00081185558123748	0.0179566430336826	0.0179566430336826	0.0179566430336826	0.0179566430336826	0.0208456368867363	0.0208456368867363	0.0179566430336826	0.0179566430336826	0.962828174621309	0.118584970597293	0.0179566430336826	0.0179566430336826	0.962828174621309	0.00564180406277543	0.0015839438820413	0.340696985984557	0.0179566430336826	0.0179566430336826	0.00480846080438393	0.00564180406277543	0.00480846080438393	0.0015839438820413	0.340696985984557	0.0179566430336826	0.0179566430336826	0.00564180406277543	0.00480846080438393	0.0015839438820413	0.340696985984557	0.0179566430336826	0.0179566430336826
X285	0.0191269815586993	0.0317959671226104	0.00352929714901024	0.0317959671226104	0.0108468105488145	0.00352929714901024	0.00871602700087255	0.00352929714901024	0.00278226842674411	0.00289430195379308	0.00352929714901024	0.00352929714901024	0.00289430195379308	0.00352929714901024	0.0154753739880221	0.0108468105488145	0.00352929714901024	0.00352929714901024	0.0036775507343768	0.00352929714901024	0.00352929714901024	0.00352929714901024	0.0036775507343768	0.0036775507343768	0.00352929714901024	0.0036775507343768	0.00352929714901024	0.00352929714901024	0.0108468105488145	0.00352929714901024	0.00352929714901024	0.0108468105488145	0.253941602550953	0.0317959671226104	0.0317959671226104	0.253941602550953	0.253941602550953	0.253941602550953	0.253941602550953	0.253941602550953	0.213771253878212	0.213771253878212	0.213771253878212	0.213771253878212	0.213771253878212	0.213771253878212	0.213771253878212	0.213771253878212	0.213771253878212	0.628686036125519	0.628686036125519	0.0227065586963361	0.0227065586963361	0.0227065586963361	0.0227065586963361	0.0227065586963361	0.0227065586963361	0.0227065586963361	0.0227065586963361	0.0227065586963361	0.0227065586963361	0.0227065586963361	0.0227065586963361	0.0227065586963361	0.0227065586963361	0.0227065586963361	0.0227065586963361	0.0227065586963361	0.0227065586963361	0.0191269815586993	0.0227065586963361	0.0227065586963361	0.000934444692252302	0.000934444692252302	0.0227065586963361	0.0227065586963361	0.0227065586963361	0.0227065586963361	0.0278949730394469	0.0278949730394469	0.0227065586963361	0.0227065586963361	0.921514951916985	0.159371239797698	0.0227065586963361	0.0227065586963361	0.921514951916986	0.0317959671226104	0.00352929714901024	0.253941602550953	0.0227065586963361	0.0227065586963361	0.0108468105488145	0.0317959671226104	0.0108468105488145	0.00352929714901024	0.253941602550953	0.0227065586963361	0.0227065586963361	0.0317959671226104	0.0108468105488145	0.00352929714901024	0.253941602550953	0.0227065586963361	0.0227065586963361
X286	0.000638892662487516	0.000802546853974263	0.000134936854371618	0.000802546853974263	0.000339981798780016	0.000134936854371618	0.000351795263570905	0.000134936854371618	8.27657594889087e-05	9.76508135757253e-05	0.000134936854371618	0.000134936854371618	9.76508135757253e-05	0.000134936854371618	0.000537968058347471	0.000339981798780016	0.000134936854371618	0.000134936854371618	0.000135745113641151	0.000134936854371618	0.000134936854371618	0.000134936854371618	0.000135745113641151	0.000135745113641151	0.000134936854371618	0.000135745113641151	0.000134936854371618	0.000134936854371618	0.000339981798780016	0.000134936854371618	0.000134936854371618	0.000339981798780016	0.0306068115624664	0.000802546853974263	0.000802546853974263	0.0306068115624664	0.0306068115624664	0.0306068115624664	0.0306068115624664	0.0306068115624664	0.0231185904493899	0.0231185904493899	0.0231185904493899	0.0231185904493899	0.0231185904493899	0.0231185904493899	0.0231185904493899	0.0231185904493899	0.0231185904493899	0.127536570017706	0.127536570017706	0.000875566784249683	0.000875566784249683	0.000875566784249683	0.000875566784249683	0.000875566784249683	0.000875566784249683	0.000875566784249683	0.000875566784249683	0.000875566784249683	0.000875566784249683	0.000875566784249683	0.000875566784249683	0.000875566784249683	0.000875566784249683	0.000875566784249683	0.000875566784249683	0.000875566784249683	0.000875566784249683	0.000638892662487516	0.000875566784249683	0.000875566784249683	4.95452062893711e-05	4.95452062893711e-05	0.000875566784249683	0.000875566784249683	0.000875566784249683	0.000875566784249683	0.00129935503120137	0.00129935503120137	0.000875566784249683	0.000875566784249683	0.634219784890461	0.0146303858885685	0.000875566784249683	0.000875566784249683	0.634219784890461	0.000802546853974263	0.000134936854371618	0.0306068115624664	0.000875566784249683	0.000875566784249683	0.000339981798780016	0.000802546853974263	0.000339981798780016	0.000134936854371618	0.0306068115624664	0.000875566784249683	0.000875566784249683	0.000802546853974263	0.000339981798780016	0.000134936854371618	0.0306068115624664	0.000875566784249683	0.000875566784249683
X290	0.00331003313104672	0.00704623202290521	0.00160470103636413	0.00704623202290521	0.00202834908287558	0.00160470103636413	0.00195949020063712	0.00160470103636413	0.00132915590441832	0.00132951605319399	0.00160470103636413	0.00160470103636413	0.00132951605319399	0.00160470103636413	0.00278607926003664	0.00202834908287558	0.00160470103636413	0.00160470103636413	0.00162267983058511	0.00160470103636413	0.00160470103636413	0.00160470103636413	0.00162267983058511	0.00162267983058511	0.00160470103636413	0.00162267983058511	0.00160470103636413	0.00160470103636413	0.00202834908287558	0.00160470103636413	0.00160470103636413	0.00202834908287558	0.171033569277134	0.00704623202290521	0.00704623202290521	0.171033569277134	0.171033569277134	0.171033569277134	0.171033569277134	0.171033569277134	0.13256525641819	0.13256525641819	0.13256525641819	0.13256525641819	0.13256525641819	0.13256525641819	0.13256525641819	0.13256525641819	0.13256525641819	0.530523025329013	0.530523025329013	0.00417426846588178	0.00417426846588178	0.00417426846588178	0.00417426846588178	0.00417426846588178	0.00417426846588178	0.00417426846588178	0.00417426846588178	0.00417426846588178	0.00417426846588178	0.00417426846588178	0.00417426846588178	0.00417426846588178	0.00417426846588178	0.00417426846588178	0.00417426846588178	0.00417426846588178	0.00417426846588178	0.00331003313104672	0.00417426846588178	0.00417426846588178	0.000287167296193676	0.000287167296193676	0.00417426846588178	0.00417426846588178	0.00417426846588178	0.00417426846588178	0.00622301198011905	0.00622301198011905	0.00417426846588178	0.00417426846588178	0.878548473500941	0.115000354742058	0.00417426846588178	0.00417426846588178	0.878548473500941	0.00704623202290521	0.00160470103636413	0.171033569277134	0.00417426846588178	0.00417426846588178	0.00202834908287558	0.00704623202290521	0.00202834908287558	0.00160470103636413	0.171033569277134	0.00417426846588178	0.00417426846588178	0.00704623202290521	0.00202834908287558	0.00160470103636413	0.171033569277134	0.00417426846588178	0.00417426846588178
X292	0.00243262928250305	0.00421412490841147	0.00105013918760742	0.00421412490841147	0.00206697537050101	0.00105013918760742	0.00176536770513545	0.00105013918760742	0.000928358109058085	0.00100014310644116	0.00105013918760742	0.00105013918760742	0.00100014310644116	0.00105013918760742	0.00248147995764951	0.00206697537050101	0.00105013918760742	0.00105013918760742	0.00110435029479316	0.00105013918760742	0.00105013918760742	0.00105013918760742	0.00110435029479316	0.00110435029479316	0.00105013918760742	0.00110435029479316	0.00105013918760742	0.00105013918760742	0.00206697537050101	0.00105013918760742	0.00105013918760742	0.00206697537050101	0.0763737867503845	0.00421412490841147	0.00421412490841147	0.0763737867503845	0.0763737867503845	0.0763737867503845	0.0763737867503845	0.0763737867503845	0.0616207182469043	0.0616207182469043	0.0616207182469043	0.0616207182469043	0.0616207182469043	0.0616207182469043	0.0616207182469043	0.0616207182469043	0.0616207182469043	0.32060518155874	0.32060518155874	0.00197032188246181	0.00197032188246181	0.00197032188246181	0.00197032188246181	0.00197032188246181	0.00197032188246181	0.00197032188246181	0.00197032188246181	0.00197032188246181	0.00197032188246181	0.00197032188246181	0.00197032188246181	0.00197032188246181	0.00197032188246181	0.00197032188246181	0.00197032188246181	0.00197032188246181	0.00197032188246181	0.00243262928250305	0.00197032188246181	0.00197032188246181	0.000460506058075809	0.000460506058075809	0.00197032188246181	0.00197032188246181	0.00197032188246181	0.00197032188246181	0.00432853290662747	0.00432853290662747	0.00197032188246181	0.00197032188246181	0.798179942769873	0.0315942125799735	0.00197032188246181	0.00197032188246181	0.798179942769874	0.00421412490841147	0.00105013918760742	0.0763737867503845	0.00197032188246181	0.00197032188246181	0.00206697537050101	0.00421412490841147	0.00206697537050101	0.00105013918760742	0.0763737867503845	0.00197032188246181	0.00197032188246181	0.00421412490841147	0.00206697537050101	0.00105013918760742	0.0763737867503845	0.00197032188246181	0.00197032188246181
X294	0.0625796697637126	0.036600599349926	0.0100606217843138	0.036600599349926	0.0236499157015552	0.0100606217843138	0.0139647361813584	0.0100606217843138	0.00694623710143123	0.0066291957524168	0.0100606217843138	0.0100606217843138	0.0066291957524168	0.0100606217843138	0.0415826405419054	0.0236499157015552	0.0100606217843138	0.0100606217843138	0.00933566532421106	0.0100606217843138	0.0100606217843138	0.0100606217843138	0.00933566532421106	0.00933566532421106	0.0100606217843138	0.00933566532421106	0.0100606217843138	0.0100606217843138	0.0236499157015552	0.0100606217843138	0.0100606217843138	0.0236499157015552	0.515034584898684	0.036600599349926	0.036600599349926	0.515034584898684	0.515034584898684	0.515034584898684	0.515034584898684	0.515034584898684	0.478788017277425	0.478788017277425	0.478788017277425	0.478788017277425	0.478788017277425	0.478788017277425	0.478788017277425	0.478788017277425	0.478788017277425	0.934824664872295	0.934824664872295	0.0594577584775583	0.0594577584775583	0.0594577584775583	0.0594577584775583	0.0594577584775583	0.0594577584775583	0.0594577584775583	0.0594577584775583	0.0594577584775583	0.0594577584775583	0.0594577584775583	0.0594577584775583	0.0594577584775583	0.0594577584775583	0.0594577584775583	0.0594577584775583	0.0594577584775583	0.0594577584775583	0.0625796697637126	0.0594577584775583	0.0594577584775583	0.00280770190217735	0.00280770190217735	0.0594577584775583	0.0594577584775583	0.0594577584775583	0.0594577584775583	0.0840722738506679	0.0840722738506679	0.0594577584775583	0.0594577584775583	0.969292231631972	0.328706650827928	0.0594577584775583	0.0594577584775583	0.969292231631972	0.036600599349926	0.0100606217843138	0.515034584898684	0.0594577584775583	0.0594577584775583	0.0236499157015552	0.036600599349926	0.0236499157015552	0.0100606217843138	0.515034584898684	0.0594577584775583	0.0594577584775583	0.036600599349926	0.0236499157015552	0.0100606217843138	0.515034584898684	0.0594577584775583	0.0594577584775583
X296	0.000429509294379582	0.000344485830147102	0.000193423439362912	0.000344485830147102	0.000242430232929051	0.000193423439362912	0.000187804800090485	0.000193423439362912	0.000130347169145726	0.000148761143371672	0.000193423439362912	0.000193423439362912	0.000148761143371672	0.000193423439362912	0.000340955225661501	0.000242430232929051	0.000193423439362912	0.000193423439362912	0.00019047846522246	0.000193423439362912	0.000193423439362912	0.000193423439362912	0.00019047846522246	0.00019047846522246	0.000193423439362912	0.00019047846522246	0.000193423439362912	0.000193423439362912	0.000242430232929051	0.000193423439362912	0.000193423439362912	0.000242430232929051	0.0359518783168722	0.000344485830147102	0.000344485830147102	0.0359518783168722	0.0359518783168722	0.0359518783168722	0.0359518783168722	0.0359518783168722	0.0289253651909635	0.0289253651909635	0.0289253651909635	0.0289253651909635	0.0289253651909635	0.0289253651909635	0.0289253651909635	0.0289253651909635	0.0289253651909635	0.239672539761333	0.239672539761333	0.000428551418419325	0.000428551418419325	0.000428551418419325	0.000428551418419325	0.000428551418419325	0.000428551418419325	0.000428551418419325	0.000428551418419325	0.000428551418419325	0.000428551418419325	0.000428551418419325	0.000428551418419325	0.000428551418419325	0.000428551418419325	0.000428551418419325	0.000428551418419325	0.000428551418419325	0.000428551418419325	0.000429509294379582	0.000428551418419325	0.000428551418419325	8.4709179095927e-05	8.4709179095927e-05	0.000428551418419325	0.000428551418419325	0.000428551418419325	0.000428551418419325	0.000788205789099982	0.000788205789099982	0.000428551418419325	0.000428551418419325	0.513578491120916	0.0161367481597061	0.000428551418419325	0.000428551418419325	0.513578491120916	0.000344485830147102	0.000193423439362912	0.0359518783168722	0.000428551418419325	0.000428551418419325	0.000242430232929051	0.000344485830147102	0.000242430232929051	0.000193423439362912	0.0359518783168722	0.000428551418419325	0.000428551418419325	0.000344485830147102	0.000242430232929051	0.000193423439362912	0.0359518783168722	0.000428551418419325	0.000428551418419325
X297	0.00120712219468627	0.000446978631816858	0.000219024072685705	0.000446978631816858	0.000500222517647645	0.000219024072685705	0.000349343799882247	0.000219024072685705	0.000119953889997243	0.000137688567841846	0.000219024072685705	0.000219024072685705	0.000137688567841846	0.000219024072685705	0.00086566718406882	0.000500222517647645	0.000219024072685705	0.000219024072685705	0.000200701253417125	0.000219024072685705	0.000219024072685705	0.000219024072685705	0.000200701253417125	0.000200701253417125	0.000219024072685705	0.000200701253417125	0.000219024072685705	0.000219024072685705	0.000500222517647645	0.000219024072685705	0.000219024072685705	0.000500222517647645	0.0397876747801344	0.000446978631816858	0.000446978631816858	0.0397876747801344	0.0397876747801344	0.0397876747801344	0.0397876747801344	0.0397876747801344	0.0294100368382411	0.0294100368382411	0.0294100368382411	0.0294100368382411	0.0294100368382411	0.0294100368382411	0.0294100368382411	0.0294100368382411	0.0294100368382411	0.260558417308499	0.260558417308499	0.00077597473548204	0.00077597473548204	0.00077597473548204	0.00077597473548204	0.00077597473548204	0.00077597473548204	0.00077597473548204	0.00077597473548204	0.00077597473548204	0.00077597473548204	0.00077597473548204	0.00077597473548204	0.00077597473548204	0.00077597473548204	0.00077597473548204	0.00077597473548204	0.00077597473548204	0.00077597473548204	0.00120712219468627	0.00077597473548204	0.00077597473548204	0.000118391767262948	0.000118391767262948	0.00077597473548204	0.00077597473548204	0.00077597473548204	0.00077597473548204	0.00135255696913053	0.00135255696913053	0.00077597473548204	0.00077597473548204	0.580082236263649	0.0172584815182486	0.00077597473548204	0.00077597473548204	0.580082236263649	0.000446978631816858	0.000219024072685705	0.0397876747801344	0.00077597473548204	0.00077597473548204	0.000500222517647645	0.000446978631816858	0.000500222517647645	0.000219024072685705	0.0397876747801344	0.00077597473548204	0.00077597473548204	0.000446978631816858	0.000500222517647645	0.000219024072685705	0.0397876747801344	0.00077597473548204	0.00077597473548204
X299	0.00144037455147454	0.000969520174523665	0.000182989312919945	0.000969520174523665	0.00074978627078804	0.000182989312919945	0.000516641868395425	0.000182989312919945	0.000132832130435863	0.000130617743060656	0.000182989312919945	0.000182989312919945	0.000130617743060656	0.000182989312919945	0.0012148501046772	0.00074978627078804	0.000182989312919945	0.000182989312919945	0.000188232837349988	0.000182989312919945	0.000182989312919945	0.000182989312919945	0.000188232837349988	0.000188232837349988	0.000182989312919945	0.000188232837349988	0.000182989312919945	0.000182989312919945	0.00074978627078804	0.000182989312919945	0.000182989312919945	0.00074978627078804	0.0258858956688202	0.000969520174523665	0.000969520174523665	0.0258858956688202	0.0258858956688202	0.0258858956688202	0.0258858956688202	0.0258858956688202	0.0253274838966828	0.0253274838966828	0.0253274838966828	0.0253274838966828	0.0253274838966828	0.0253274838966828	0.0253274838966828	0.0253274838966828	0.0253274838966828	0.342280763478321	0.342280763478321	0.000987208861369068	0.000987208861369068	0.000987208861369068	0.000987208861369068	0.000987208861369068	0.000987208861369068	0.000987208861369068	0.000987208861369068	0.000987208861369068	0.000987208861369068	0.000987208861369068	0.000987208861369068	0.000987208861369068	0.000987208861369068	0.000987208861369068	0.000987208861369068	0.000987208861369068	0.000987208861369068	0.00144037455147454	0.000987208861369068	0.000987208861369068	8.59918200576548e-05	8.59918200576548e-05	0.000987208861369068	0.000987208861369068	0.000987208861369068	0.000987208861369068	0.00185010041499349	0.00185010041499349	0.000987208861369068	0.000987208861369068	0.383771069722882	0.015805316921218	0.000987208861369068	0.000987208861369068	0.383771069722882	0.000969520174523665	0.000182989312919945	0.0258858956688202	0.000987208861369068	0.000987208861369068	0.00074978627078804	0.000969520174523665	0.00074978627078804	0.000182989312919945	0.0258858956688202	0.000987208861369068	0.000987208861369068	0.000969520174523665	0.00074978627078804	0.000182989312919945	0.0258858956688202	0.000987208861369068	0.000987208861369068
X300	0.00503893249765098	0.00545481621260088	0.000685083826523003	0.00545481621260088	0.00190941164447426	0.000685083826523003	0.00236180878327075	0.000685083826523003	0.000398004061759218	0.000451220903764861	0.000685083826523003	0.000685083826523003	0.000451220903764861	0.000685083826523003	0.00339621398808219	0.00190941164447426	0.000685083826523003	0.000685083826523003	0.000651986329347593	0.000685083826523003	0.000685083826523003	0.000685083826523003	0.000651986329347593	0.000651986329347593	0.000685083826523003	0.000651986329347593	0.000685083826523003	0.000685083826523003	0.00190941164447426	0.000685083826523003	0.000685083826523003	0.00190941164447426	0.0925147522528467	0.00545481621260088	0.00545481621260088	0.0925147522528467	0.0925147522528467	0.0925147522528467	0.0925147522528467	0.0925147522528467	0.071577572739786	0.071577572739786	0.071577572739786	0.071577572739786	0.071577572739786	0.071577572739786	0.071577572739786	0.071577572739786	0.071577572739786	0.536945532585328	0.536945532585328	0.00679852593279673	0.00679852593279673	0.00679852593279673	0.00679852593279673	0.00679852593279673	0.00679852593279673	0.00679852593279673	0.00679852593279673	0.00679852593279673	0.00679852593279673	0.00679852593279673	0.00679852593279673	0.00679852593279673	0.00679852593279673	0.00679852593279673	0.00679852593279673	0.00679852593279673	0.00679852593279673	0.00503893249765098	0.00679852593279673	0.00679852593279673	0.000141660580912028	0.000141660580912028	0.00679852593279673	0.00679852593279673	0.00679852593279673	0.00679852593279673	0.00804646661237673	0.00804646661237673	0.00679852593279673	0.00679852593279673	0.779584914390312	0.0536675846455005	0.00679852593279673	0.00679852593279673	0.779584914390312	0.00545481621260088	0.000685083826523003	0.0925147522528467	0.00679852593279673	0.00679852593279673	0.00190941164447426	0.00545481621260088	0.00190941164447426	0.000685083826523003	0.0925147522528467	0.00679852593279673	0.00679852593279673	0.00545481621260088	0.00190941164447426	0.000685083826523003	0.0925147522528467	0.00679852593279673	0.00679852593279673
X302	0.000271030553029595	0.000138583102786242	5.00112431278948e-05	0.000138583102786242	9.72839584051705e-05	5.00112431278948e-05	7.2285132955792e-05	5.00112431278948e-05	3.02096048744515e-05	3.41237439597791e-05	5.00112431278948e-05	5.00112431278948e-05	3.41237439597791e-05	5.00112431278948e-05	0.000133745982156656	9.72839584051705e-05	5.00112431278948e-05	5.00112431278948e-05	4.39527765702449e-05	5.00112431278948e-05	5.00112431278948e-05	5.00112431278948e-05	4.39527765702449e-05	4.39527765702449e-05	5.00112431278948e-05	4.39527765702449e-05	5.00112431278948e-05	5.00112431278948e-05	9.72839584051705e-05	5.00112431278948e-05	5.00112431278948e-05	9.72839584051705e-05	0.00929395474879977	0.000138583102786242	0.000138583102786242	0.00929395474879977	0.00929395474879977	0.00929395474879977	0.00929395474879977	0.00929395474879977	0.00876914709007753	0.00876914709007753	0.00876914709007753	0.00876914709007753	0.00876914709007753	0.00876914709007753	0.00876914709007753	0.00876914709007753	0.00876914709007753	0.125677770318323	0.125677770318323	0.00013944064146653	0.00013944064146653	0.00013944064146653	0.00013944064146653	0.00013944064146653	0.00013944064146653	0.00013944064146653	0.00013944064146653	0.00013944064146653	0.00013944064146653	0.00013944064146653	0.00013944064146653	0.00013944064146653	0.00013944064146653	0.00013944064146653	0.00013944064146653	0.00013944064146653	0.00013944064146653	0.000271030553029595	0.00013944064146653	0.00013944064146653	2.5413190460965e-05	2.5413190460965e-05	0.00013944064146653	0.00013944064146653	0.00013944064146653	0.00013944064146653	0.000201935519082804	0.000201935519082804	0.00013944064146653	0.00013944064146653	0.323274251657296	0.00781803484760289	0.00013944064146653	0.00013944064146653	0.323274251657296	0.000138583102786242	5.00112431278948e-05	0.00929395474879977	0.00013944064146653	0.00013944064146653	9.72839584051705e-05	0.000138583102786242	9.72839584051705e-05	5.00112431278948e-05	0.00929395474879977	0.00013944064146653	0.00013944064146653	0.000138583102786242	9.72839584051705e-05	5.00112431278948e-05	0.00929395474879977	0.00013944064146653	0.00013944064146653
X305	0.000477267270505355	0.000265498091169488	0.000300914423258396	0.000265498091169488	0.000132409235600543	0.000300914423258396	9.0009764425754e-05	0.000300914423258396	0.000157517397428017	0.000175641309613197	0.000300914423258396	0.000300914423258396	0.000175641309613197	0.000300914423258396	0.000240080715184511	0.000132409235600543	0.000300914423258396	0.000300914423258396	0.000257032710769175	0.000300914423258396	0.000300914423258396	0.000300914423258396	0.000257032710769175	0.000257032710769175	0.000300914423258396	0.000257032710769175	0.000300914423258396	0.000300914423258396	0.000132409235600543	0.000300914423258396	0.000300914423258396	0.000132409235600543	0.114637853292791	0.000265498091169488	0.000265498091169488	0.114637853292791	0.114637853292791	0.114637853292791	0.114637853292791	0.114637853292791	0.0940609108840479	0.0940609108840479	0.0940609108840479	0.0940609108840479	0.0940609108840479	0.0940609108840479	0.0940609108840479	0.0940609108840479	0.0940609108840479	0.625841474913311	0.625841474913311	0.000726420512093751	0.000726420512093751	0.000726420512093751	0.000726420512093751	0.000726420512093751	0.000726420512093751	0.000726420512093751	0.000726420512093751	0.000726420512093751	0.000726420512093751	0.000726420512093751	0.000726420512093751	0.000726420512093751	0.000726420512093751	0.000726420512093751	0.000726420512093751	0.000726420512093751	0.000726420512093751	0.000477267270505355	0.000726420512093751	0.000726420512093751	9.22638327997109e-05	9.22638327997109e-05	0.000726420512093751	0.000726420512093751	0.000726420512093751	0.000726420512093751	0.000958572852141574	0.000958572852141574	0.000726420512093751	0.000726420512093751	0.849950566878512	0.0495761438519811	0.000726420512093751	0.000726420512093751	0.849950566878512	0.000265498091169488	0.000300914423258396	0.114637853292791	0.000726420512093751	0.000726420512093751	0.000132409235600543	0.000265498091169488	0.000132409235600543	0.000300914423258396	0.114637853292791	0.000726420512093751	0.000726420512093751	0.000265498091169488	0.000132409235600543	0.000300914423258396	0.114637853292791	0.000726420512093751	0.000726420512093751
X307	0.00899474889670125	0.00269305884375895	0.000823974432645174	0.00269305884375895	0.00431687373151145	0.000823974432645174	0.00192168630289872	0.000823974432645174	0.000540560881215832	0.000532501883368646	0.000823974432645174	0.000823974432645174	0.000532501883368646	0.000823974432645174	0.00679054203439013	0.00431687373151145	0.000823974432645174	0.000823974432645174	0.000735269367589009	0.000823974432645174	0.000823974432645174	0.000823974432645174	0.000735269367589009	0.000735269367589009	0.000823974432645174	0.000735269367589009	0.000823974432645174	0.000823974432645174	0.00431687373151145	0.000823974432645174	0.000823974432645174	0.00431687373151145	0.0912158289050603	0.00269305884375895	0.00269305884375895	0.0912158289050603	0.0912158289050603	0.0912158289050603	0.0912158289050603	0.0912158289050603	0.0803159317136004	0.0803159317136004	0.0803159317136004	0.0803159317136004	0.0803159317136004	0.0803159317136004	0.0803159317136004	0.0803159317136004	0.0803159317136004	0.484265994768305	0.484265994768305	0.00733623773123745	0.00733623773123745	0.00733623773123745	0.00733623773123745	0.00733623773123745	0.00733623773123745	0.00733623773123745	0.00733623773123745	0.00733623773123745	0.00733623773123745	0.00733623773123745	0.00733623773123745	0.00733623773123745	0.00733623773123745	0.00733623773123745	0.00733623773123745	0.00733623773123745	0.00733623773123745	0.00899474889670125	0.00733623773123745	0.00733623773123745	0.000379807826442668	0.000379807826442668	0.00733623773123745	0.00733623773123745	0.00733623773123745	0.00733623773123745	0.0151282578310438	0.0151282578310438	0.00733623773123745	0.00733623773123745	0.81887569451841	0.0332523806699617	0.00733623773123745	0.00733623773123745	0.81887569451841	0.00269305884375895	0.000823974432645174	0.0912158289050603	0.00733623773123745	0.00733623773123745	0.00431687373151145	0.00269305884375895	0.00431687373151145	0.000823974432645174	0.0912158289050603	0.00733623773123745	0.00733623773123745	0.00269305884375895	0.00431687373151145	0.000823974432645174	0.0912158289050603	0.00733623773123745	0.00733623773123745
X309	0.00056411101137426	0.000428098793687636	0.000153771640840035	0.000428098793687636	0.000287070499497589	0.000153771640840035	0.000227133328289424	0.000153771640840035	0.000102737310463172	0.000108378450944265	0.000153771640840035	0.000153771640840035	0.000108378450944265	0.000153771640840035	0.000416494583375017	0.000287070499497589	0.000153771640840035	0.000153771640840035	0.000143380547392306	0.000153771640840035	0.000153771640840035	0.000153771640840035	0.000143380547392306	0.000143380547392306	0.000153771640840035	0.000143380547392306	0.000153771640840035	0.000153771640840035	0.000287070499497589	0.000153771640840035	0.000153771640840035	0.000287070499497589	0.0238963707873043	0.000428098793687636	0.000428098793687636	0.0238963707873043	0.0238963707873043	0.0238963707873043	0.0238963707873043	0.0238963707873043	0.0200790749325793	0.0200790749325793	0.0200790749325793	0.0200790749325793	0.0200790749325793	0.0200790749325793	0.0200790749325793	0.0200790749325793	0.0200790749325793	0.17151958508709	0.17151958508709	0.000555719720500775	0.000555719720500775	0.000555719720500775	0.000555719720500775	0.000555719720500775	0.000555719720500775	0.000555719720500775	0.000555719720500775	0.000555719720500775	0.000555719720500775	0.000555719720500775	0.000555719720500775	0.000555719720500775	0.000555719720500775	0.000555719720500775	0.000555719720500775	0.000555719720500775	0.000555719720500775	0.00056411101137426	0.000555719720500775	0.000555719720500775	7.92244707592112e-05	7.92244707592112e-05	0.000555719720500775	0.000555719720500775	0.000555719720500775	0.000555719720500775	0.000706322796193766	0.000706322796193766	0.000555719720500775	0.000555719720500775	0.417904732491598	0.013349475790648	0.000555719720500775	0.000555719720500775	0.417904732491599	0.000428098793687636	0.000153771640840035	0.0238963707873043	0.000555719720500775	0.000555719720500775	0.000287070499497589	0.000428098793687636	0.000287070499497589	0.000153771640840035	0.0238963707873043	0.000555719720500775	0.000555719720500775	0.000428098793687636	0.000287070499497589	0.000153771640840035	0.0238963707873043	0.000555719720500775	0.000555719720500775
X310	0.0152493825380784	0.018920657273768	0.00275854433261472	0.018920657273768	0.010554734500284	0.00275854433261472	0.00998958349574234	0.00275854433261472	0.00217945341772013	0.00237078340147983	0.00275854433261472	0.00275854433261472	0.00237078340147983	0.00275854433261472	0.0111621974687406	0.010554734500284	0.00275854433261472	0.00275854433261472	0.0026807238124806	0.00275854433261472	0.00275854433261472	0.00275854433261472	0.0026807238124806	0.0026807238124806	0.00275854433261472	0.0026807238124806	0.00275854433261472	0.00275854433261472	0.010554734500284	0.00275854433261472	0.00275854433261472	0.010554734500284	0.234714261947595	0.018920657273768	0.018920657273768	0.234714261947595	0.234714261947595	0.234714261947595	0.234714261947595	0.234714261947595	0.189599453896045	0.189599453896045	0.189599453896045	0.189599453896045	0.189599453896045	0.189599453896045	0.189599453896045	0.189599453896045	0.189599453896045	0.649092353449966	0.649092353449966	0.0123376844298026	0.0123376844298026	0.0123376844298026	0.0123376844298026	0.0123376844298026	0.0123376844298026	0.0123376844298026	0.0123376844298026	0.0123376844298026	0.0123376844298026	0.0123376844298026	0.0123376844298026	0.0123376844298026	0.0123376844298026	0.0123376844298026	0.0123376844298026	0.0123376844298026	0.0123376844298026	0.0152493825380784	0.0123376844298026	0.0123376844298026	0.00125609444310723	0.00125609444310723	0.0123376844298026	0.0123376844298026	0.0123376844298026	0.0123376844298026	0.0166406179815555	0.0166406179815555	0.0123376844298026	0.0123376844298026	0.87275874828233	0.129808712523987	0.0123376844298026	0.0123376844298026	0.87275874828233	0.018920657273768	0.00275854433261472	0.234714261947595	0.0123376844298026	0.0123376844298026	0.010554734500284	0.018920657273768	0.010554734500284	0.00275854433261472	0.234714261947595	0.0123376844298026	0.0123376844298026	0.018920657273768	0.010554734500284	0.00275854433261472	0.234714261947595	0.0123376844298026	0.0123376844298026
X312	0.00127000374916338	0.000934859315915615	0.000650574610514418	0.000934859315915615	0.00062069298684456	0.000650574610514418	0.000376422026262463	0.000650574610514418	0.000471533864442799	0.000520320931081863	0.000650574610514418	0.000650574610514418	0.000520320931081863	0.000650574610514418	0.00082226640867375	0.00062069298684456	0.000650574610514418	0.000650574610514418	0.000631544597637084	0.000650574610514418	0.000650574610514418	0.000650574610514418	0.000631544597637084	0.000631544597637084	0.000650574610514418	0.000631544597637084	0.000650574610514418	0.000650574610514418	0.00062069298684456	0.000650574610514418	0.000650574610514418	0.00062069298684456	0.0815033292080914	0.000934859315915615	0.000934859315915615	0.0815033292080914	0.0815033292080914	0.0815033292080914	0.0815033292080914	0.0815033292080914	0.0606926212223275	0.0606926212223275	0.0606926212223275	0.0606926212223275	0.0606926212223275	0.0606926212223275	0.0606926212223275	0.0606926212223275	0.0606926212223275	0.478944898577225	0.478944898577225	0.000788616026696342	0.000788616026696342	0.000788616026696342	0.000788616026696342	0.000788616026696342	0.000788616026696342	0.000788616026696342	0.000788616026696342	0.000788616026696342	0.000788616026696342	0.000788616026696342	0.000788616026696342	0.000788616026696342	0.000788616026696342	0.000788616026696342	0.000788616026696342	0.000788616026696342	0.000788616026696342	0.00127000374916338	0.000788616026696342	0.000788616026696342	0.000304347597717888	0.000304347597717888	0.000788616026696342	0.000788616026696342	0.000788616026696342	0.000788616026696342	0.00100634908206507	0.00100634908206507	0.000788616026696342	0.000788616026696342	0.747947009803361	0.0512357316007973	0.000788616026696342	0.000788616026696342	0.747947009803361	0.000934859315915615	0.000650574610514418	0.0815033292080914	0.000788616026696342	0.000788616026696342	0.00062069298684456	0.000934859315915615	0.00062069298684456	0.000650574610514418	0.0815033292080914	0.000788616026696342	0.000788616026696342	0.000934859315915615	0.00062069298684456	0.000650574610514418	0.0815033292080914	0.000788616026696342	0.000788616026696342
X313	0.0110034827065877	0.00823646513131371	0.00178412249562647	0.00823646513131371	0.00537257539402591	0.00178412249562647	0.00433568254723292	0.00178412249562647	0.00111222680863112	0.00122906155528605	0.00178412249562647	0.00178412249562647	0.00122906155528605	0.00178412249562647	0.0090825922744485	0.00537257539402591	0.00178412249562647	0.00178412249562647	0.00175865367082943	0.00178412249562647	0.00178412249562647	0.00178412249562647	0.00175865367082943	0.00175865367082943	0.00178412249562647	0.00175865367082943	0.00178412249562647	0.00178412249562647	0.00537257539402591	0.00178412249562647	0.00178412249562647	0.00537257539402591	0.190658940400346	0.00823646513131371	0.00823646513131371	0.190658940400346	0.190658940400346	0.190658940400346	0.190658940400346	0.190658940400346	0.177860929672532	0.177860929672532	0.177860929672532	0.177860929672532	0.177860929672532	0.177860929672532	0.177860929672532	0.177860929672532	0.177860929672532	0.630741167094846	0.630741167094846	0.0125122857173034	0.0125122857173034	0.0125122857173034	0.0125122857173034	0.0125122857173034	0.0125122857173034	0.0125122857173034	0.0125122857173034	0.0125122857173034	0.0125122857173034	0.0125122857173034	0.0125122857173034	0.0125122857173034	0.0125122857173034	0.0125122857173034	0.0125122857173034	0.0125122857173034	0.0125122857173034	0.0110034827065877	0.0125122857173034	0.0125122857173034	0.000627727569469619	0.000627727569469619	0.0125122857173034	0.0125122857173034	0.0125122857173034	0.0125122857173034	0.0162234314930672	0.0162234314930672	0.0125122857173034	0.0125122857173034	0.871157879734747	0.134546579371462	0.0125122857173034	0.0125122857173034	0.871157879734748	0.00823646513131371	0.00178412249562647	0.190658940400346	0.0125122857173034	0.0125122857173034	0.00537257539402591	0.00823646513131371	0.00537257539402591	0.00178412249562647	0.190658940400346	0.0125122857173034	0.0125122857173034	0.00823646513131371	0.00537257539402591	0.00178412249562647	0.190658940400346	0.0125122857173034	0.0125122857173034
X314	0.000747170549007936	0.000564470653236966	0.000186081624713419	0.000564470653236966	0.000437584147613059	0.000186081624713419	0.000296390361314912	0.000186081624713419	0.000120734656407189	0.000133503811095673	0.000186081624713419	0.000186081624713419	0.000133503811095673	0.000186081624713419	0.000691611904635909	0.000437584147613059	0.000186081624713419	0.000186081624713419	0.000178143663847874	0.000186081624713419	0.000186081624713419	0.000186081624713419	0.000178143663847874	0.000178143663847874	0.000186081624713419	0.000178143663847874	0.000186081624713419	0.000186081624713419	0.000437584147613059	0.000186081624713419	0.000186081624713419	0.000437584147613059	0.0319460355178063	0.000564470653236966	0.000564470653236966	0.0319460355178063	0.0319460355178063	0.0319460355178063	0.0319460355178063	0.0319460355178063	0.0250206517535607	0.0250206517535607	0.0250206517535607	0.0250206517535607	0.0250206517535607	0.0250206517535607	0.0250206517535607	0.0250206517535607	0.0250206517535607	0.188743591893546	0.188743591893546	0.00158685415435987	0.00158685415435987	0.00158685415435987	0.00158685415435987	0.00158685415435987	0.00158685415435987	0.00158685415435987	0.00158685415435987	0.00158685415435987	0.00158685415435987	0.00158685415435987	0.00158685415435987	0.00158685415435987	0.00158685415435987	0.00158685415435987	0.00158685415435987	0.00158685415435987	0.00158685415435987	0.000747170549007936	0.00158685415435987	0.00158685415435987	7.53942014343138e-05	7.53942014343138e-05	0.00158685415435987	0.00158685415435987	0.00158685415435987	0.00158685415435987	0.00273791110733021	0.00273791110733021	0.00158685415435987	0.00158685415435987	0.675565373240383	0.00755719851485226	0.00158685415435987	0.00158685415435987	0.675565373240383	0.000564470653236966	0.000186081624713419	0.0319460355178063	0.00158685415435987	0.00158685415435987	0.000437584147613059	0.000564470653236966	0.000437584147613059	0.000186081624713419	0.0319460355178063	0.00158685415435987	0.00158685415435987	0.000564470653236966	0.000437584147613059	0.000186081624713419	0.0319460355178063	0.00158685415435987	0.00158685415435987
X315	0.00496920580860094	0.0090723049182906	0.000820956840679512	0.0090723049182906	0.00324551236513477	0.000820956840679512	0.00394749556330588	0.000820956840679512	0.000576512040024937	0.000609313853787359	0.000820956840679512	0.000820956840679512	0.000609313853787359	0.000820956840679512	0.00410260747874227	0.00324551236513477	0.000820956840679512	0.000820956840679512	0.00076584475199125	0.000820956840679512	0.000820956840679512	0.000820956840679512	0.00076584475199125	0.00076584475199125	0.000820956840679512	0.00076584475199125	0.000820956840679512	0.000820956840679512	0.00324551236513477	0.000820956840679512	0.000820956840679512	0.00324551236513477	0.0952750448142076	0.0090723049182906	0.0090723049182906	0.0952750448142076	0.0952750448142076	0.0952750448142076	0.0952750448142076	0.0952750448142076	0.0846188506541341	0.0846188506541341	0.0846188506541341	0.0846188506541341	0.0846188506541341	0.0846188506541341	0.0846188506541341	0.0846188506541341	0.0846188506541341	0.552337156934076	0.552337156934076	0.00387750977464744	0.00387750977464744	0.00387750977464744	0.00387750977464744	0.00387750977464744	0.00387750977464744	0.00387750977464744	0.00387750977464744	0.00387750977464744	0.00387750977464744	0.00387750977464744	0.00387750977464744	0.00387750977464744	0.00387750977464744	0.00387750977464744	0.00387750977464744	0.00387750977464744	0.00387750977464744	0.00496920580860094	0.00387750977464744	0.00387750977464744	0.000316256724167677	0.000316256724167677	0.00387750977464744	0.00387750977464744	0.00387750977464744	0.00387750977464744	0.00424720448562613	0.00424720448562613	0.00387750977464744	0.00387750977464744	0.776678837925171	0.0735639022384163	0.00387750977464744	0.00387750977464744	0.776678837925171	0.0090723049182906	0.000820956840679512	0.0952750448142076	0.00387750977464744	0.00387750977464744	0.00324551236513477	0.0090723049182906	0.00324551236513477	0.000820956840679512	0.0952750448142076	0.00387750977464744	0.00387750977464744	0.0090723049182906	0.00324551236513477	0.000820956840679512	0.0952750448142076	0.00387750977464744	0.00387750977464744
X316	0.0014559300564604	0.00220695463239875	0.000513974346389593	0.00220695463239875	0.0012343142090737	0.000513974346389593	0.00102614458108149	0.000513974346389593	0.000527418883226395	0.000483589265619135	0.000513974346389593	0.000513974346389593	0.000483589265619135	0.000513974346389593	0.00158372217744002	0.0012343142090737	0.000513974346389593	0.000513974346389593	0.000570153467254116	0.000513974346389593	0.000513974346389593	0.000513974346389593	0.000570153467254116	0.000570153467254116	0.000513974346389593	0.000570153467254116	0.000513974346389593	0.000513974346389593	0.0012343142090737	0.000513974346389593	0.000513974346389593	0.0012343142090737	0.0498704150849685	0.00220695463239875	0.00220695463239875	0.0498704150849685	0.0498704150849685	0.0498704150849685	0.0498704150849685	0.0498704150849685	0.0402609066123845	0.0402609066123845	0.0402609066123845	0.0402609066123845	0.0402609066123845	0.0402609066123845	0.0402609066123845	0.0402609066123845	0.0402609066123845	0.284427145561446	0.284427145561446	0.00121413238478704	0.00121413238478704	0.00121413238478704	0.00121413238478704	0.00121413238478704	0.00121413238478704	0.00121413238478704	0.00121413238478704	0.00121413238478704	0.00121413238478704	0.00121413238478704	0.00121413238478704	0.00121413238478704	0.00121413238478704	0.00121413238478704	0.00121413238478704	0.00121413238478704	0.00121413238478704	0.0014559300564604	0.00121413238478704	0.00121413238478704	0.000237177291375124	0.000237177291375124	0.00121413238478704	0.00121413238478704	0.00121413238478704	0.00121413238478704	0.0018395443475372	0.0018395443475372	0.00121413238478704	0.00121413238478704	0.645639001548621	0.0270049073144238	0.00121413238478704	0.00121413238478704	0.645639001548621	0.00220695463239875	0.000513974346389593	0.0498704150849685	0.00121413238478704	0.00121413238478704	0.0012343142090737	0.00220695463239875	0.0012343142090737	0.000513974346389593	0.0498704150849685	0.00121413238478704	0.00121413238478704	0.00220695463239875	0.0012343142090737	0.000513974346389593	0.0498704150849685	0.00121413238478704	0.00121413238478704
X317	0.0164417471555907	0.00617152218336813	0.000850755172077236	0.00617152218336813	0.00581522941877212	0.000850755172077236	0.00367870554844666	0.000850755172077236	0.00050517620793831	0.00054489025959056	0.000850755172077236	0.000850755172077236	0.00054489025959056	0.000850755172077236	0.00895633056181158	0.00581522941877212	0.000850755172077236	0.000850755172077236	0.000738146703079079	0.000850755172077236	0.000850755172077236	0.000850755172077236	0.000738146703079079	0.000738146703079079	0.000850755172077236	0.000738146703079079	0.000850755172077236	0.000850755172077236	0.00581522941877212	0.000850755172077236	0.000850755172077236	0.00581522941877212	0.151082356510665	0.00617152218336813	0.00617152218336813	0.151082356510665	0.151082356510665	0.151082356510665	0.151082356510665	0.151082356510665	0.132860490719745	0.132860490719745	0.132860490719745	0.132860490719745	0.132860490719745	0.132860490719745	0.132860490719745	0.132860490719745	0.132860490719745	0.669117308838548	0.669117308838548	0.022495233887226	0.022495233887226	0.022495233887226	0.022495233887226	0.022495233887226	0.022495233887226	0.022495233887226	0.022495233887226	0.022495233887226	0.022495233887226	0.022495233887226	0.022495233887226	0.022495233887226	0.022495233887226	0.022495233887226	0.022495233887226	0.022495233887226	0.022495233887226	0.0164417471555907	0.022495233887226	0.022495233887226	0.000409256350180643	0.000409256350180643	0.022495233887226	0.022495233887226	0.022495233887226	0.022495233887226	0.0238008849107315	0.0238008849107315	0.022495233887226	0.022495233887226	0.83689484843711	0.0589073995383887	0.022495233887226	0.022495233887226	0.83689484843711	0.00617152218336813	0.000850755172077236	0.151082356510665	0.022495233887226	0.022495233887226	0.00581522941877212	0.00617152218336813	0.00581522941877212	0.000850755172077236	0.151082356510665	0.022495233887226	0.022495233887226	0.00617152218336813	0.00581522941877212	0.000850755172077236	0.151082356510665	0.022495233887226	0.022495233887226
X319	0.000354000464833874	0.000211493085332556	9.12377524894026e-05	0.000211493085332556	0.000215607308341903	9.12377524894026e-05	0.000115227674018228	9.12377524894026e-05	6.25132312811414e-05	6.5134184349576e-05	9.12377524894026e-05	9.12377524894026e-05	6.5134184349576e-05	9.12377524894026e-05	0.000273106600745774	0.000215607308341903	9.12377524894026e-05	9.12377524894026e-05	8.4771610997005e-05	9.12377524894026e-05	9.12377524894026e-05	9.12377524894026e-05	8.4771610997005e-05	8.4771610997005e-05	9.12377524894026e-05	8.4771610997005e-05	9.12377524894026e-05	9.12377524894026e-05	0.000215607308341903	9.12377524894026e-05	9.12377524894026e-05	0.000215607308341903	0.0130024388466177	0.000211493085332556	0.000211493085332556	0.0130024388466177	0.0130024388466177	0.0130024388466177	0.0130024388466177	0.0130024388466177	0.0123017833785465	0.0123017833785465	0.0123017833785465	0.0123017833785465	0.0123017833785465	0.0123017833785465	0.0123017833785465	0.0123017833785465	0.0123017833785465	0.146117416398988	0.146117416398988	0.000161162159919254	0.000161162159919254	0.000161162159919254	0.000161162159919254	0.000161162159919254	0.000161162159919254	0.000161162159919254	0.000161162159919254	0.000161162159919254	0.000161162159919254	0.000161162159919254	0.000161162159919254	0.000161162159919254	0.000161162159919254	0.000161162159919254	0.000161162159919254	0.000161162159919254	0.000161162159919254	0.000354000464833874	0.000161162159919254	0.000161162159919254	5.04788690321705e-05	5.04788690321705e-05	0.000161162159919254	0.000161162159919254	0.000161162159919254	0.000161162159919254	0.000390363237354965	0.000390363237354965	0.000161162159919254	0.000161162159919254	0.334095397567404	0.00930644064970215	0.000161162159919254	0.000161162159919254	0.334095397567404	0.000211493085332556	9.12377524894026e-05	0.0130024388466177	0.000161162159919254	0.000161162159919254	0.000215607308341903	0.000211493085332556	0.000215607308341903	9.12377524894026e-05	0.0130024388466177	0.000161162159919254	0.000161162159919254	0.000211493085332556	0.000215607308341903	9.12377524894026e-05	0.0130024388466177	0.000161162159919254	0.000161162159919254
X321	0.00537958005177962	0.00212550854476379	0.00169168767941295	0.00212550854476379	0.00357196078847912	0.00169168767941295	0.00136399895128702	0.00169168767941295	0.000949950388073637	0.00122379599844558	0.00169168767941295	0.00169168767941295	0.00122379599844558	0.00169168767941295	0.00600683769824726	0.00357196078847912	0.00169168767941295	0.00169168767941295	0.00183452585906046	0.00169168767941295	0.00169168767941295	0.00169168767941295	0.00183452585906046	0.00183452585906046	0.00169168767941295	0.00183452585906046	0.00169168767941295	0.00169168767941295	0.00357196078847912	0.00169168767941295	0.00169168767941295	0.00357196078847912	0.24441601833777	0.00212550854476379	0.00212550854476379	0.24441601833777	0.24441601833777	0.24441601833777	0.24441601833777	0.24441601833777	0.21473055876478	0.21473055876478	0.21473055876478	0.21473055876478	0.21473055876478	0.21473055876478	0.21473055876478	0.21473055876478	0.21473055876478	0.839360338201721	0.839360338201721	0.00499120959573035	0.00499120959573035	0.00499120959573035	0.00499120959573035	0.00499120959573035	0.00499120959573035	0.00499120959573035	0.00499120959573035	0.00499120959573035	0.00499120959573035	0.00499120959573035	0.00499120959573035	0.00499120959573035	0.00499120959573035	0.00499120959573035	0.00499120959573035	0.00499120959573035	0.00499120959573035	0.00537958005177962	0.00499120959573035	0.00499120959573035	0.000346995867585598	0.000346995867585598	0.00499120959573035	0.00499120959573035	0.00499120959573035	0.00499120959573035	0.0152881544645834	0.0152881544645834	0.00499120959573035	0.00499120959573035	0.952822921075655	0.104659383285474	0.00499120959573035	0.00499120959573035	0.952822921075655	0.00212550854476379	0.00169168767941295	0.24441601833777	0.00499120959573035	0.00499120959573035	0.00357196078847912	0.00212550854476379	0.00357196078847912	0.00169168767941295	0.24441601833777	0.00499120959573035	0.00499120959573035	0.00212550854476379	0.00357196078847912	0.00169168767941295	0.24441601833777	0.00499120959573035	0.00499120959573035
X323	0.00837657419157532	0.00396471939032155	0.00113145262300348	0.00396471939032155	0.00300270977642033	0.00113145262300348	0.0020891517986099	0.00113145262300348	0.000679945031832735	0.000729811756889807	0.00113145262300348	0.00113145262300348	0.000729811756889807	0.00113145262300348	0.0050387105676939	0.00300270977642033	0.00113145262300348	0.00113145262300348	0.00102770714432224	0.00113145262300348	0.00113145262300348	0.00113145262300348	0.00102770714432224	0.00102770714432224	0.00113145262300348	0.00102770714432224	0.00113145262300348	0.00113145262300348	0.00300270977642033	0.00113145262300348	0.00113145262300348	0.00300270977642033	0.157269820165436	0.00396471939032155	0.00396471939032155	0.157269820165436	0.157269820165436	0.157269820165436	0.157269820165436	0.157269820165436	0.134387139478817	0.134387139478817	0.134387139478817	0.134387139478817	0.134387139478817	0.134387139478817	0.134387139478817	0.134387139478817	0.134387139478817	0.719654287346533	0.719654287346533	0.00986216941608808	0.00986216941608808	0.00986216941608808	0.00986216941608808	0.00986216941608808	0.00986216941608808	0.00986216941608808	0.00986216941608808	0.00986216941608808	0.00986216941608808	0.00986216941608808	0.00986216941608808	0.00986216941608808	0.00986216941608808	0.00986216941608808	0.00986216941608808	0.00986216941608808	0.00986216941608808	0.00837657419157532	0.00986216941608808	0.00986216941608808	0.000274728799663485	0.000274728799663485	0.00986216941608808	0.00986216941608808	0.00986216941608808	0.00986216941608808	0.0110307928865843	0.0110307928865843	0.00986216941608808	0.00986216941608808	0.881847372769605	0.111206929619046	0.00986216941608808	0.00986216941608808	0.881847372769605	0.00396471939032155	0.00113145262300348	0.157269820165436	0.00986216941608808	0.00986216941608808	0.00300270977642033	0.00396471939032155	0.00300270977642033	0.00113145262300348	0.157269820165436	0.00986216941608808	0.00986216941608808	0.00396471939032155	0.00300270977642033	0.00113145262300348	0.157269820165436	0.00986216941608808	0.00986216941608808
X325	0.00061427375598915	0.000283538590715049	0.000288376272758359	0.000283538590715049	0.000234990193063234	0.000288376272758359	0.000158527241073526	0.000288376272758359	0.000156861973672239	0.000170252547897482	0.000288376272758359	0.000288376272758359	0.000170252547897482	0.000288376272758359	0.000501621455123488	0.000234990193063234	0.000288376272758359	0.000288376272758359	0.000268817753906729	0.000288376272758359	0.000288376272758359	0.000288376272758359	0.000268817753906729	0.000268817753906729	0.000288376272758359	0.000268817753906729	0.000288376272758359	0.000288376272758359	0.000234990193063234	0.000288376272758359	0.000288376272758359	0.000234990193063234	0.0450058695553057	0.000283538590715049	0.000283538590715049	0.0450058695553057	0.0450058695553057	0.0450058695553057	0.0450058695553057	0.0450058695553057	0.0395130267501817	0.0395130267501817	0.0395130267501817	0.0395130267501817	0.0395130267501817	0.0395130267501817	0.0395130267501817	0.0395130267501817	0.0395130267501817	0.26870421275979	0.26870421275979	0.00067017217880464	0.00067017217880464	0.00067017217880464	0.00067017217880464	0.00067017217880464	0.00067017217880464	0.00067017217880464	0.00067017217880464	0.00067017217880464	0.00067017217880464	0.00067017217880464	0.00067017217880464	0.00067017217880464	0.00067017217880464	0.00067017217880464	0.00067017217880464	0.00067017217880464	0.00067017217880464	0.00061427375598915	0.00067017217880464	0.00067017217880464	0.000117456599113359	0.000117456599113359	0.00067017217880464	0.00067017217880464	0.00067017217880464	0.00067017217880464	0.000989121299352171	0.000989121299352171	0.00067017217880464	0.00067017217880464	0.708374075728874	0.023292548597904	0.00067017217880464	0.00067017217880464	0.708374075728875	0.000283538590715049	0.000288376272758359	0.0450058695553057	0.00067017217880464	0.00067017217880464	0.000234990193063234	0.000283538590715049	0.000234990193063234	0.000288376272758359	0.0450058695553057	0.00067017217880464	0.00067017217880464	0.000283538590715049	0.000234990193063234	0.000288376272758359	0.0450058695553057	0.00067017217880464	0.00067017217880464
X326	0.0137980672896394	0.0100877119586318	0.00260848269502831	0.0100877119586318	0.00762363439096973	0.00260848269502831	0.00377804565434137	0.00260848269502831	0.0020212292061477	0.00189718201316729	0.00260848269502831	0.00260848269502831	0.00189718201316729	0.00260848269502831	0.0118429218568014	0.00762363439096973	0.00260848269502831	0.00260848269502831	0.0024885582873883	0.00260848269502831	0.00260848269502831	0.00260848269502831	0.0024885582873883	0.0024885582873883	0.00260848269502831	0.0024885582873883	0.00260848269502831	0.00260848269502831	0.00762363439096973	0.00260848269502831	0.00260848269502831	0.00762363439096973	0.356239637499107	0.0100877119586318	0.0100877119586318	0.356239637499107	0.356239637499107	0.356239637499107	0.356239637499107	0.356239637499107	0.305227626054894	0.305227626054894	0.305227626054894	0.305227626054894	0.305227626054894	0.305227626054894	0.305227626054894	0.305227626054894	0.305227626054894	0.746171041734646	0.746171041734646	0.017852326175358	0.017852326175358	0.017852326175358	0.017852326175358	0.017852326175358	0.017852326175358	0.017852326175358	0.017852326175358	0.017852326175358	0.017852326175358	0.017852326175358	0.017852326175358	0.017852326175358	0.017852326175358	0.017852326175358	0.017852326175358	0.017852326175358	0.017852326175358	0.0137980672896394	0.017852326175358	0.017852326175358	0.000780750554797119	0.000780750554797119	0.017852326175358	0.017852326175358	0.017852326175358	0.017852326175358	0.029435553048634	0.029435553048634	0.017852326175358	0.017852326175358	0.970161840452246	0.165076200706367	0.017852326175358	0.017852326175358	0.970161840452246	0.0100877119586318	0.00260848269502831	0.356239637499107	0.017852326175358	0.017852326175358	0.00762363439096973	0.0100877119586318	0.00762363439096973	0.00260848269502831	0.356239637499107	0.017852326175358	0.017852326175358	0.0100877119586318	0.00762363439096973	0.00260848269502831	0.356239637499107	0.017852326175358	0.017852326175358
X328	0.000218989991808461	0.000251161789160862	0.000469835849265203	0.000251161789160862	0.000172230863614782	0.000469835849265203	8.08701842973015e-05	0.000469835849265203	0.000361351364108373	0.000381803161941903	0.000469835849265203	0.000469835849265203	0.000381803161941903	0.000469835849265203	0.000231477699096526	0.000172230863614782	0.000469835849265203	0.000469835849265203	0.000479934053505067	0.000469835849265203	0.000469835849265203	0.000469835849265203	0.000479934053505067	0.000479934053505067	0.000469835849265203	0.000479934053505067	0.000469835849265203	0.000469835849265203	0.000172230863614782	0.000469835849265203	0.000469835849265203	0.000172230863614782	0.0854629689903778	0.000251161789160862	0.000251161789160862	0.0854629689903778	0.0854629689903778	0.0854629689903778	0.0854629689903778	0.0854629689903778	0.0730179641784263	0.0730179641784263	0.0730179641784263	0.0730179641784263	0.0730179641784263	0.0730179641784263	0.0730179641784263	0.0730179641784263	0.0730179641784263	0.367586171238939	0.367586171238939	0.000262499880977764	0.000262499880977764	0.000262499880977764	0.000262499880977764	0.000262499880977764	0.000262499880977764	0.000262499880977764	0.000262499880977764	0.000262499880977764	0.000262499880977764	0.000262499880977764	0.000262499880977764	0.000262499880977764	0.000262499880977764	0.000262499880977764	0.000262499880977764	0.000262499880977764	0.000262499880977764	0.000218989991808461	0.000262499880977764	0.000262499880977764	0.000159146973549476	0.000159146973549476	0.000262499880977764	0.000262499880977764	0.000262499880977764	0.000262499880977764	0.000489268945628558	0.000489268945628558	0.000262499880977764	0.000262499880977764	0.831645612650493	0.047618550000724	0.000262499880977764	0.000262499880977764	0.831645612650494	0.000251161789160862	0.000469835849265203	0.0854629689903778	0.000262499880977764	0.000262499880977764	0.000172230863614782	0.000251161789160862	0.000172230863614782	0.000469835849265203	0.0854629689903778	0.000262499880977764	0.000262499880977764	0.000251161789160862	0.000172230863614782	0.000469835849265203	0.0854629689903778	0.000262499880977764	0.000262499880977764
X330	0.00110221012427537	0.00103995371144107	0.0004497084114486	0.00103995371144107	0.00074922198036872	0.0004497084114486	0.000427974653967704	0.0004497084114486	0.00034037509759048	0.000385810203539896	0.0004497084114486	0.0004497084114486	0.000385810203539896	0.0004497084114486	0.000993826115119836	0.00074922198036872	0.0004497084114486	0.0004497084114486	0.000473599130095535	0.0004497084114486	0.0004497084114486	0.0004497084114486	0.000473599130095535	0.000473599130095535	0.0004497084114486	0.000473599130095535	0.0004497084114486	0.0004497084114486	0.00074922198036872	0.0004497084114486	0.0004497084114486	0.00074922198036872	0.143484694880931	0.00103995371144107	0.00103995371144107	0.143484694880931	0.143484694880931	0.143484694880931	0.143484694880931	0.143484694880931	0.109014699455138	0.109014699455138	0.109014699455138	0.109014699455138	0.109014699455138	0.109014699455138	0.109014699455138	0.109014699455138	0.109014699455138	0.545914987503882	0.545914987503882	0.00113091994860806	0.00113091994860806	0.00113091994860806	0.00113091994860806	0.00113091994860806	0.00113091994860806	0.00113091994860806	0.00113091994860806	0.00113091994860806	0.00113091994860806	0.00113091994860806	0.00113091994860806	0.00113091994860806	0.00113091994860806	0.00113091994860806	0.00113091994860806	0.00113091994860806	0.00113091994860806	0.00110221012427537	0.00113091994860806	0.00113091994860806	0.000142899452436635	0.000142899452436635	0.00113091994860806	0.00113091994860806	0.00113091994860806	0.00113091994860806	0.00233726873774652	0.00233726873774652	0.00113091994860806	0.00113091994860806	0.865490111986372	0.0544079055343134	0.00113091994860806	0.00113091994860806	0.865490111986372	0.00103995371144107	0.0004497084114486	0.143484694880931	0.00113091994860806	0.00113091994860806	0.00074922198036872	0.00103995371144107	0.00074922198036872	0.0004497084114486	0.143484694880931	0.00113091994860806	0.00113091994860806	0.00103995371144107	0.00074922198036872	0.0004497084114486	0.143484694880931	0.00113091994860806	0.00113091994860806
X332	0.00774459027857062	0.0048818033090182	0.00401844316352482	0.0048818033090182	0.0034413162023316	0.00401844316352482	0.00220968237106696	0.00401844316352482	0.00245514356403741	0.00263632321666929	0.00401844316352482	0.00401844316352482	0.00263632321666929	0.00401844316352482	0.00550467016708845	0.0034413162023316	0.00401844316352482	0.00401844316352482	0.00351052290394795	0.00401844316352482	0.00401844316352482	0.00401844316352482	0.00351052290394795	0.00351052290394795	0.00401844316352482	0.00351052290394795	0.00401844316352482	0.00401844316352482	0.0034413162023316	0.00401844316352482	0.00401844316352482	0.0034413162023316	0.494177608319204	0.0048818033090182	0.0048818033090182	0.494177608319204	0.494177608319204	0.494177608319204	0.494177608319204	0.494177608319204	0.429973447033095	0.429973447033095	0.429973447033095	0.429973447033095	0.429973447033095	0.429973447033095	0.429973447033095	0.429973447033095	0.429973447033095	0.884496369550207	0.884496369550207	0.00966455979212719	0.00966455979212719	0.00966455979212719	0.00966455979212719	0.00966455979212719	0.00966455979212719	0.00966455979212719	0.00966455979212719	0.00966455979212719	0.00966455979212719	0.00966455979212719	0.00966455979212719	0.00966455979212719	0.00966455979212719	0.00966455979212719	0.00966455979212719	0.00966455979212719	0.00966455979212719	0.00774459027857062	0.00966455979212719	0.00966455979212719	0.0011117528836455	0.0011117528836455	0.00966455979212719	0.00966455979212719	0.00966455979212719	0.00966455979212719	0.0157681565392323	0.0157681565392323	0.00966455979212719	0.00966455979212719	0.977692977356651	0.257961450463532	0.00966455979212719	0.00966455979212719	0.977692977356651	0.0048818033090182	0.00401844316352482	0.494177608319204	0.00966455979212719	0.00966455979212719	0.0034413162023316	0.0048818033090182	0.0034413162023316	0.00401844316352482	0.494177608319204	0.00966455979212719	0.00966455979212719	0.0048818033090182	0.0034413162023316	0.00401844316352482	0.494177608319204	0.00966455979212719	0.00966455979212719
X334	0.00728893941768807	0.00855344615991847	0.00295199366886206	0.00855344615991847	0.00190448705858963	0.00295199366886206	0.00388890944335032	0.00295199366886206	0.00134310226273769	0.00160677119223504	0.00295199366886206	0.00295199366886206	0.00160677119223504	0.00295199366886206	0.0045682435834423	0.00190448705858963	0.00295199366886206	0.00295199366886206	0.00257944147554915	0.00295199366886206	0.00295199366886206	0.00295199366886206	0.00257944147554915	0.00257944147554915	0.00295199366886206	0.00257944147554915	0.00295199366886206	0.00295199366886206	0.00190448705858963	0.00295199366886206	0.00295199366886206	0.00190448705858963	0.260648949136159	0.00855344615991847	0.00855344615991847	0.260648949136159	0.260648949136159	0.260648949136159	0.260648949136159	0.260648949136159	0.19999702010183	0.19999702010183	0.19999702010183	0.19999702010183	0.19999702010183	0.19999702010183	0.19999702010183	0.19999702010183	0.19999702010183	0.786424078445987	0.786424078445987	0.00551264347300323	0.00551264347300323	0.00551264347300323	0.00551264347300323	0.00551264347300323	0.00551264347300323	0.00551264347300323	0.00551264347300323	0.00551264347300323	0.00551264347300323	0.00551264347300323	0.00551264347300323	0.00551264347300323	0.00551264347300323	0.00551264347300323	0.00551264347300323	0.00551264347300323	0.00551264347300323	0.00728893941768807	0.00551264347300323	0.00551264347300323	0.00169635800682826	0.00169635800682826	0.00551264347300323	0.00551264347300323	0.00551264347300323	0.00551264347300323	0.0052383139169285	0.0052383139169285	0.00551264347300323	0.00551264347300323	0.896904635883323	0.144317195364118	0.00551264347300323	0.00551264347300323	0.896904635883323	0.00855344615991847	0.00295199366886206	0.260648949136159	0.00551264347300323	0.00551264347300323	0.00190448705858963	0.00855344615991847	0.00190448705858963	0.00295199366886206	0.260648949136159	0.00551264347300323	0.00551264347300323	0.00855344615991847	0.00190448705858963	0.00295199366886206	0.260648949136159	0.00551264347300323	0.00551264347300323
X336	0.0224088329786742	0.0117660736264399	0.00221594914543451	0.0117660736264399	0.00981715987767225	0.00221594914543451	0.00514345426062359	0.00221594914543451	0.00159545819631247	0.00154793519214108	0.00221594914543451	0.00221594914543451	0.00154793519214108	0.00221594914543451	0.0130290578980215	0.00981715987767225	0.00221594914543451	0.00221594914543451	0.00180473851484592	0.00221594914543451	0.00221594914543451	0.00221594914543451	0.00180473851484592	0.00180473851484592	0.00221594914543451	0.00180473851484592	0.00221594914543451	0.00221594914543451	0.00981715987767225	0.00221594914543451	0.00221594914543451	0.00981715987767225	0.13355577901854	0.0117660736264399	0.0117660736264399	0.13355577901854	0.13355577901854	0.13355577901854	0.13355577901854	0.13355577901854	0.128209060695451	0.128209060695451	0.128209060695451	0.128209060695451	0.128209060695451	0.128209060695451	0.128209060695451	0.128209060695451	0.128209060695451	0.547235130577627	0.547235130577627	0.0167891704855801	0.0167891704855801	0.0167891704855801	0.0167891704855801	0.0167891704855801	0.0167891704855801	0.0167891704855801	0.0167891704855801	0.0167891704855801	0.0167891704855801	0.0167891704855801	0.0167891704855801	0.0167891704855801	0.0167891704855801	0.0167891704855801	0.0167891704855801	0.0167891704855801	0.0167891704855801	0.0224088329786742	0.0167891704855801	0.0167891704855801	0.00123329686600051	0.00123329686600051	0.0167891704855801	0.0167891704855801	0.0167891704855801	0.0167891704855801	0.0243046083588968	0.0243046083588968	0.0167891704855801	0.0167891704855801	0.885321848079756	0.0649259192071971	0.0167891704855801	0.0167891704855801	0.885321848079756	0.0117660736264399	0.00221594914543451	0.13355577901854	0.0167891704855801	0.0167891704855801	0.00981715987767225	0.0117660736264399	0.00981715987767225	0.00221594914543451	0.13355577901854	0.0167891704855801	0.0167891704855801	0.0117660736264399	0.00981715987767225	0.00221594914543451	0.13355577901854	0.0167891704855801	0.0167891704855801
X338	0.00103273054151503	0.00100249367394024	0.000214931790167404	0.00100249367394024	0.000604969623452495	0.000214931790167404	0.000448446192990097	0.000214931790167404	0.000144708965790857	0.000158264163939291	0.000214931790167404	0.000214931790167404	0.000158264163939291	0.000214931790167404	0.000939909192258144	0.000604969623452495	0.000214931790167404	0.000214931790167404	0.000212624910555214	0.000214931790167404	0.000214931790167404	0.000214931790167404	0.000212624910555214	0.000212624910555214	0.000214931790167404	0.000212624910555214	0.000214931790167404	0.000214931790167404	0.000604969623452495	0.000214931790167404	0.000214931790167404	0.000604969623452495	0.0293496979576604	0.00100249367394024	0.00100249367394024	0.0293496979576604	0.0293496979576604	0.0293496979576604	0.0293496979576604	0.0293496979576604	0.0251226658620497	0.0251226658620497	0.0251226658620497	0.0251226658620497	0.0251226658620497	0.0251226658620497	0.0251226658620497	0.0251226658620497	0.0251226658620497	0.153404351447097	0.153404351447097	0.00149429729673748	0.00149429729673748	0.00149429729673748	0.00149429729673748	0.00149429729673748	0.00149429729673748	0.00149429729673748	0.00149429729673748	0.00149429729673748	0.00149429729673748	0.00149429729673748	0.00149429729673748	0.00149429729673748	0.00149429729673748	0.00149429729673748	0.00149429729673748	0.00149429729673748	0.00149429729673748	0.00103273054151503	0.00149429729673748	0.00149429729673748	7.3738192039317e-05	7.3738192039317e-05	0.00149429729673748	0.00149429729673748	0.00149429729673748	0.00149429729673748	0.00240081820063664	0.00240081820063664	0.00149429729673748	0.00149429729673748	0.518472042257369	0.0138125072976736	0.00149429729673748	0.00149429729673748	0.518472042257369	0.00100249367394024	0.000214931790167404	0.0293496979576604	0.00149429729673748	0.00149429729673748	0.000604969623452495	0.00100249367394024	0.000604969623452495	0.000214931790167404	0.0293496979576604	0.00149429729673748	0.00149429729673748	0.00100249367394024	0.000604969623452495	0.000214931790167404	0.0293496979576604	0.00149429729673748	0.00149429729673748
X340	0.0427263265671034	0.0105625887910405	0.00244696066356912	0.0105625887910405	0.0196399208035607	0.00244696066356912	0.00539005265407267	0.00244696066356912	0.00159625960496581	0.00149699930741317	0.00244696066356912	0.00244696066356912	0.00149699930741317	0.00244696066356912	0.0321171809785113	0.0196399208035607	0.00244696066356912	0.00244696066356912	0.0020670694315996	0.00244696066356912	0.00244696066356912	0.00244696066356912	0.0020670694315996	0.0020670694315996	0.00244696066356912	0.0020670694315996	0.00244696066356912	0.00244696066356912	0.0196399208035607	0.00244696066356912	0.00244696066356912	0.0196399208035607	0.269857419276763	0.0105625887910405	0.0105625887910405	0.269857419276763	0.269857419276763	0.269857419276763	0.269857419276763	0.269857419276763	0.225903515779878	0.225903515779878	0.225903515779878	0.225903515779878	0.225903515779878	0.225903515779878	0.225903515779878	0.225903515779878	0.225903515779878	0.627564709429436	0.627564709429436	0.0251265560524745	0.0251265560524745	0.0251265560524745	0.0251265560524745	0.0251265560524745	0.0251265560524745	0.0251265560524745	0.0251265560524745	0.0251265560524745	0.0251265560524745	0.0251265560524745	0.0251265560524745	0.0251265560524745	0.0251265560524745	0.0251265560524745	0.0251265560524745	0.0251265560524745	0.0251265560524745	0.0427263265671034	0.0251265560524745	0.0251265560524745	0.000732929900201441	0.000732929900201441	0.0251265560524745	0.0251265560524745	0.0251265560524745	0.0251265560524745	0.0866120733017383	0.0866120733017383	0.0251265560524745	0.0251265560524745	0.952923945760316	0.11000118126521	0.0251265560524745	0.0251265560524745	0.952923945760316	0.0105625887910405	0.00244696066356912	0.269857419276763	0.0251265560524745	0.0251265560524745	0.0196399208035607	0.0105625887910405	0.0196399208035607	0.00244696066356912	0.269857419276763	0.0251265560524745	0.0251265560524745	0.0105625887910405	0.0196399208035607	0.00244696066356912	0.269857419276763	0.0251265560524745	0.0251265560524745
X342	0.209503873860762	0.236939055001764	0.0104803256582384	0.236939055001764	0.116372799613488	0.0104803256582384	0.14339060892987	0.0104803256582384	0.00819423606248573	0.00772810914742078	0.0104803256582384	0.0104803256582384	0.00772810914742078	0.0104803256582384	0.158520579840744	0.116372799613488	0.0104803256582384	0.0104803256582384	0.00994236044872241	0.0104803256582384	0.0104803256582384	0.0104803256582384	0.00994236044872241	0.00994236044872241	0.0104803256582384	0.00994236044872241	0.0104803256582384	0.0104803256582384	0.116372799613488	0.0104803256582384	0.0104803256582384	0.116372799613488	0.702655976440445	0.236939055001764	0.236939055001764	0.702655976440445	0.702655976440445	0.702655976440445	0.702655976440445	0.702655976440445	0.620323736790649	0.620323736790649	0.620323736790649	0.620323736790649	0.620323736790649	0.620323736790649	0.620323736790649	0.620323736790649	0.620323736790649	0.889818921122209	0.889818921122209	0.319978356243875	0.319978356243875	0.319978356243875	0.319978356243875	0.319978356243875	0.319978356243875	0.319978356243875	0.319978356243875	0.319978356243875	0.319978356243875	0.319978356243875	0.319978356243875	0.319978356243875	0.319978356243875	0.319978356243875	0.319978356243875	0.319978356243875	0.319978356243875	0.209503873860762	0.319978356243875	0.319978356243875	0.00331942872188375	0.00331942872188375	0.319978356243875	0.319978356243875	0.319978356243875	0.319978356243875	0.332714443687829	0.332714443687829	0.319978356243875	0.319978356243875	0.984587783119653	0.448585117962724	0.319978356243875	0.319978356243875	0.984587783119653	0.236939055001764	0.0104803256582384	0.702655976440445	0.319978356243875	0.319978356243875	0.116372799613488	0.236939055001764	0.116372799613488	0.0104803256582384	0.702655976440445	0.319978356243875	0.319978356243875	0.236939055001764	0.116372799613488	0.0104803256582384	0.702655976440445	0.319978356243875	0.319978356243875
X343	0.00160564835056011	0.0012321743782914	0.000376086074738175	0.0012321743782914	0.000896255890854842	0.000376086074738175	0.000667140172122205	0.000376086074738175	0.000225375148455323	0.000256589908735629	0.000376086074738175	0.000376086074738175	0.000256589908735629	0.000376086074738175	0.00160881339278087	0.000896255890854842	0.000376086074738175	0.000376086074738175	0.000372093654762615	0.000376086074738175	0.000376086074738175	0.000376086074738175	0.000372093654762615	0.000372093654762615	0.000376086074738175	0.000372093654762615	0.000376086074738175	0.000376086074738175	0.000896255890854842	0.000376086074738175	0.000376086074738175	0.000896255890854842	0.0678146701806891	0.0012321743782914	0.0012321743782914	0.0678146701806891	0.0678146701806891	0.0678146701806891	0.0678146701806891	0.0678146701806891	0.0571440577849272	0.0571440577849272	0.0571440577849272	0.0571440577849272	0.0571440577849272	0.0571440577849272	0.0571440577849272	0.0571440577849272	0.0571440577849272	0.236044374554993	0.236044374554993	0.0025236688058058	0.0025236688058058	0.0025236688058058	0.0025236688058058	0.0025236688058058	0.0025236688058058	0.0025236688058058	0.0025236688058058	0.0025236688058058	0.0025236688058058	0.0025236688058058	0.0025236688058058	0.0025236688058058	0.0025236688058058	0.0025236688058058	0.0025236688058058	0.0025236688058058	0.0025236688058058	0.00160564835056011	0.0025236688058058	0.0025236688058058	0.000120003459010122	0.000120003459010122	0.0025236688058058	0.0025236688058058	0.0025236688058058	0.0025236688058058	0.00373056790649581	0.00373056790649581	0.0025236688058058	0.0025236688058058	0.77413616878478	0.0283262598816335	0.0025236688058058	0.0025236688058058	0.77413616878478	0.0012321743782914	0.000376086074738175	0.0678146701806891	0.0025236688058058	0.0025236688058058	0.000896255890854842	0.0012321743782914	0.000896255890854842	0.000376086074738175	0.0678146701806891	0.0025236688058058	0.0025236688058058	0.0012321743782914	0.000896255890854842	0.000376086074738175	0.0678146701806891	0.0025236688058058	0.0025236688058058
X345	0.00183054042343685	0.00100633589909679	0.000367103411814305	0.00100633589909679	0.000767544105457221	0.000367103411814305	0.000347516255857384	0.000367103411814305	0.000202955842321926	0.000233692575108532	0.000367103411814305	0.000367103411814305	0.000233692575108532	0.000367103411814305	0.0013949177198543	0.000767544105457221	0.000367103411814305	0.000367103411814305	0.000342082136665375	0.000367103411814305	0.000367103411814305	0.000367103411814305	0.000342082136665375	0.000342082136665375	0.000367103411814305	0.000342082136665375	0.000367103411814305	0.000367103411814305	0.000767544105457221	0.000367103411814305	0.000367103411814305	0.000767544105457221	0.0600758059949826	0.00100633589909679	0.00100633589909679	0.0600758059949826	0.0600758059949826	0.0600758059949826	0.0600758059949826	0.0600758059949826	0.0453036694744399	0.0453036694744399	0.0453036694744399	0.0453036694744399	0.0453036694744399	0.0453036694744399	0.0453036694744399	0.0453036694744399	0.0453036694744399	0.332049314189988	0.332049314189988	0.00176820410230235	0.00176820410230235	0.00176820410230235	0.00176820410230235	0.00176820410230235	0.00176820410230235	0.00176820410230235	0.00176820410230235	0.00176820410230235	0.00176820410230235	0.00176820410230235	0.00176820410230235	0.00176820410230235	0.00176820410230235	0.00176820410230235	0.00176820410230235	0.00176820410230235	0.00176820410230235	0.00183054042343685	0.00176820410230235	0.00176820410230235	0.000144027131304691	0.000144027131304691	0.00176820410230235	0.00176820410230235	0.00176820410230235	0.00176820410230235	0.00333142801147932	0.00333142801147932	0.00176820410230235	0.00176820410230235	0.672247065895919	0.0187593645493657	0.00176820410230235	0.00176820410230235	0.672247065895919	0.00100633589909679	0.000367103411814305	0.0600758059949826	0.00176820410230235	0.00176820410230235	0.000767544105457221	0.00100633589909679	0.000767544105457221	0.000367103411814305	0.0600758059949826	0.00176820410230235	0.00176820410230235	0.00100633589909679	0.000767544105457221	0.000367103411814305	0.0600758059949826	0.00176820410230235	0.00176820410230235
X347	0.0134766003948171	0.0210682444598925	0.00428795708795415	0.0210682444598925	0.0124732248594693	0.00428795708795415	0.00792966224778487	0.00428795708795415	0.00311265647595308	0.00367785471312423	0.00428795708795415	0.00428795708795415	0.00367785471312423	0.00428795708795415	0.0158547884657936	0.0124732248594693	0.00428795708795415	0.00428795708795415	0.00473298748931679	0.00428795708795415	0.00428795708795415	0.00428795708795415	0.00473298748931679	0.00473298748931679	0.00428795708795415	0.00473298748931679	0.00428795708795415	0.00428795708795415	0.0124732248594693	0.00428795708795415	0.00428795708795415	0.0124732248594693	0.615556358426705	0.0210682444598925	0.0210682444598925	0.615556358426705	0.615556358426705	0.615556358426705	0.615556358426705	0.615556358426705	0.573946263781622	0.573946263781622	0.573946263781622	0.573946263781622	0.573946263781622	0.573946263781622	0.573946263781622	0.573946263781622	0.573946263781622	0.932215817342479	0.932215817342479	0.0257842296977656	0.0257842296977656	0.0257842296977656	0.0257842296977656	0.0257842296977656	0.0257842296977656	0.0257842296977656	0.0257842296977656	0.0257842296977656	0.0257842296977656	0.0257842296977656	0.0257842296977656	0.0257842296977656	0.0257842296977656	0.0257842296977656	0.0257842296977656	0.0257842296977656	0.0257842296977656	0.0134766003948171	0.0257842296977656	0.0257842296977656	0.000817762550950128	0.000817762550950128	0.0257842296977656	0.0257842296977656	0.0257842296977656	0.0257842296977656	0.0415118137332702	0.0415118137332702	0.0257842296977656	0.0257842296977656	0.986092358107938	0.370584256240075	0.0257842296977656	0.0257842296977656	0.986092358107938	0.0210682444598925	0.00428795708795415	0.615556358426705	0.0257842296977656	0.0257842296977656	0.0124732248594693	0.0210682444598925	0.0124732248594693	0.00428795708795415	0.615556358426705	0.0257842296977656	0.0257842296977656	0.0210682444598925	0.0124732248594693	0.00428795708795415	0.615556358426705	0.0257842296977656	0.0257842296977656
X349	0.0011699557935902	0.0011846290680078	0.000548122333260207	0.0011846290680078	0.000980267398743801	0.000548122333260207	0.000657213805433132	0.000548122333260207	0.000500991681094687	0.000538806212891834	0.000548122333260207	0.000548122333260207	0.000538806212891834	0.000548122333260207	0.00117029247621619	0.000980267398743801	0.000548122333260207	0.000548122333260207	0.000614223859112895	0.000548122333260207	0.000548122333260207	0.000548122333260207	0.000614223859112895	0.000614223859112895	0.000548122333260207	0.000614223859112895	0.000548122333260207	0.000548122333260207	0.000980267398743801	0.000548122333260207	0.000548122333260207	0.000980267398743801	0.0676062183285314	0.0011846290680078	0.0011846290680078	0.0676062183285314	0.0676062183285314	0.0676062183285314	0.0676062183285314	0.0676062183285314	0.0537417693362117	0.0537417693362117	0.0537417693362117	0.0537417693362117	0.0537417693362117	0.0537417693362117	0.0537417693362117	0.0537417693362117	0.0537417693362117	0.332280678061973	0.332280678061973	0.000642507613232578	0.000642507613232578	0.000642507613232578	0.000642507613232578	0.000642507613232578	0.000642507613232578	0.000642507613232578	0.000642507613232578	0.000642507613232578	0.000642507613232578	0.000642507613232578	0.000642507613232578	0.000642507613232578	0.000642507613232578	0.000642507613232578	0.000642507613232578	0.000642507613232578	0.000642507613232578	0.0011699557935902	0.000642507613232578	0.000642507613232578	0.000265410416400593	0.000265410416400593	0.000642507613232578	0.000642507613232578	0.000642507613232578	0.000642507613232578	0.00111659272279468	0.00111659272279468	0.000642507613232578	0.000642507613232578	0.787042635043844	0.0391378959722636	0.000642507613232578	0.000642507613232578	0.787042635043844	0.0011846290680078	0.000548122333260207	0.0676062183285314	0.000642507613232578	0.000642507613232578	0.000980267398743801	0.0011846290680078	0.000980267398743801	0.000548122333260207	0.0676062183285314	0.000642507613232578	0.000642507613232578	0.0011846290680078	0.000980267398743801	0.000548122333260207	0.0676062183285314	0.000642507613232578	0.000642507613232578
X351	0.000145356174714291	7.7778102056192e-05	6.40421747640335e-05	7.7778102056192e-05	5.86802393002546e-05	6.40421747640335e-05	5.14452727163779e-05	6.40421747640335e-05	4.18241138250139e-05	4.86211834944474e-05	6.40421747640335e-05	6.40421747640335e-05	4.86211834944474e-05	6.40421747640335e-05	8.98531878046842e-05	5.86802393002546e-05	6.40421747640335e-05	6.40421747640335e-05	6.20165984521204e-05	6.40421747640335e-05	6.40421747640335e-05	6.40421747640335e-05	6.20165984521204e-05	6.20165984521204e-05	6.40421747640335e-05	6.20165984521204e-05	6.40421747640335e-05	6.40421747640335e-05	5.86802393002546e-05	6.40421747640335e-05	6.40421747640335e-05	5.86802393002546e-05	0.0131098109886921	7.7778102056192e-05	7.7778102056192e-05	0.0131098109886921	0.0131098109886921	0.0131098109886921	0.0131098109886921	0.0131098109886921	0.0118824983667118	0.0118824983667118	0.0118824983667118	0.0118824983667118	0.0118824983667118	0.0118824983667118	0.0118824983667118	0.0118824983667118	0.0118824983667118	0.136164190957834	0.136164190957834	0.000161168789827334	0.000161168789827334	0.000161168789827334	0.000161168789827334	0.000161168789827334	0.000161168789827334	0.000161168789827334	0.000161168789827334	0.000161168789827334	0.000161168789827334	0.000161168789827334	0.000161168789827334	0.000161168789827334	0.000161168789827334	0.000161168789827334	0.000161168789827334	0.000161168789827334	0.000161168789827334	0.000145356174714291	0.000161168789827334	0.000161168789827334	3.35575481351643e-05	3.35575481351643e-05	0.000161168789827334	0.000161168789827334	0.000161168789827334	0.000161168789827334	0.000219698770914443	0.000219698770914443	0.000161168789827334	0.000161168789827334	0.272073789372356	0.00703967900542328	0.000161168789827334	0.000161168789827334	0.272073789372357	7.7778102056192e-05	6.40421747640335e-05	0.0131098109886921	0.000161168789827334	0.000161168789827334	5.86802393002546e-05	7.7778102056192e-05	5.86802393002546e-05	6.40421747640335e-05	0.0131098109886921	0.000161168789827334	0.000161168789827334	7.7778102056192e-05	5.86802393002546e-05	6.40421747640335e-05	0.0131098109886921	0.000161168789827334	0.000161168789827334
X353	0.000676169561071892	0.000445000316224405	0.000110378966577487	0.000445000316224405	0.000386572688475822	0.000110378966577487	0.000236087356440507	0.000110378966577487	9.12610229295892e-05	8.27332254600895e-05	0.000110378966577487	0.000110378966577487	8.27332254600895e-05	0.000110378966577487	0.00057461907853178	0.000386572688475822	0.000110378966577487	0.000110378966577487	0.000110418865909745	0.000110378966577487	0.000110378966577487	0.000110378966577487	0.000110418865909745	0.000110418865909745	0.000110378966577487	0.000110418865909745	0.000110378966577487	0.000110378966577487	0.000386572688475822	0.000110378966577487	0.000110378966577487	0.000386572688475822	0.0079221906062971	0.000445000316224405	0.000445000316224405	0.0079221906062971	0.0079221906062971	0.0079221906062971	0.0079221906062971	0.0079221906062971	0.00709752044177183	0.00709752044177183	0.00709752044177183	0.00709752044177183	0.00709752044177183	0.00709752044177183	0.00709752044177183	0.00709752044177183	0.00709752044177183	0.0732750844625663	0.0732750844625663	0.000694962792567552	0.000694962792567552	0.000694962792567552	0.000694962792567552	0.000694962792567552	0.000694962792567552	0.000694962792567552	0.000694962792567552	0.000694962792567552	0.000694962792567552	0.000694962792567552	0.000694962792567552	0.000694962792567552	0.000694962792567552	0.000694962792567552	0.000694962792567552	0.000694962792567552	0.000694962792567552	0.000676169561071892	0.000694962792567552	0.000694962792567552	8.44429586275489e-05	8.44429586275489e-05	0.000694962792567552	0.000694962792567552	0.000694962792567552	0.000694962792567552	0.00101963137216748	0.00101963137216748	0.000694962792567552	0.000694962792567552	0.239116961231549	0.00319725035740412	0.000694962792567552	0.000694962792567552	0.239116961231549	0.000445000316224405	0.000110378966577487	0.0079221906062971	0.000694962792567552	0.000694962792567552	0.000386572688475822	0.000445000316224405	0.000386572688475822	0.000110378966577487	0.0079221906062971	0.000694962792567552	0.000694962792567552	0.000445000316224405	0.000386572688475822	0.000110378966577487	0.0079221906062971	0.000694962792567552	0.000694962792567552
GSM1276026	0.842619760329897	0.843050936833126	0.263664243336739	0.843050936833126	0.837462079833991	0.263664243336739	0.772050835770652	0.263664243336739	0.260873296802413	0.299743028612257	0.263664243336739	0.263664243336739	0.299743028612257	0.263664243336739	0.770009449233621	0.837462079833991	0.263664243336739	0.263664243336739	0.264302855340183	0.263664243336739	0.263664243336739	0.263664243336739	0.264302855340183	0.264302855340183	0.263664243336739	0.264302855340183	0.263664243336739	0.263664243336739	0.837462079833991	0.263664243336739	0.263664243336739	0.837462079833991	0.886201746574381	0.843050936833126	0.843050936833126	0.886201746574381	0.886201746574381	0.886201746574381	0.886201746574381	0.886201746574381	0.86964759117176	0.86964759117176	0.86964759117176	0.86964759117176	0.86964759117176	0.86964759117176	0.86964759117176	0.86964759117176	0.86964759117176	0.954739095983875	0.954739095983875	0.665628644672808	0.665628644672808	0.665628644672808	0.665628644672808	0.665628644672808	0.665628644672808	0.665628644672808	0.665628644672808	0.665628644672808	0.665628644672808	0.665628644672808	0.665628644672808	0.665628644672808	0.665628644672808	0.665628644672808	0.665628644672808	0.665628644672808	0.665628644672808	0.842619760329897	0.665628644672808	0.665628644672808	0.260609743062493	0.260609743062493	0.665628644672808	0.665628644672808	0.665628644672808	0.665628644672808	0.816214049801643	0.816214049801643	0.665628644672808	0.665628644672808	0.757104351689443	0.864822775883297	0.665628644672808	0.665628644672808	0.757104351689443	0.843050936833126	0.263664243336739	0.886201746574381	0.665628644672808	0.665628644672808	0.837462079833991	0.843050936833126	0.837462079833991	0.263664243336739	0.886201746574381	0.665628644672808	0.665628644672808	0.843050936833126	0.837462079833991	0.263664243336739	0.886201746574381	0.665628644672808	0.665628644672808
GSM1276027	0.723496194017204	0.709646994801592	0.157598321291958	0.709646994801592	0.714470797517361	0.157598321291958	0.626541593860501	0.157598321291958	0.170382842163788	0.193389850071472	0.157598321291958	0.157598321291958	0.193389850071472	0.157598321291958	0.583201467281838	0.714470797517361	0.157598321291958	0.157598321291958	0.153272504318502	0.157598321291958	0.157598321291958	0.157598321291958	0.153272504318502	0.153272504318502	0.157598321291958	0.153272504318502	0.157598321291958	0.157598321291958	0.714470797517361	0.157598321291958	0.157598321291958	0.714470797517361	0.829307504564997	0.709646994801592	0.709646994801592	0.829307504564997	0.829307504564997	0.829307504564997	0.829307504564997	0.829307504564997	0.803111633874891	0.803111633874891	0.803111633874891	0.803111633874891	0.803111633874891	0.803111633874891	0.803111633874891	0.803111633874891	0.803111633874891	0.939347397439473	0.939347397439473	0.458524566306627	0.458524566306627	0.458524566306627	0.458524566306627	0.458524566306627	0.458524566306627	0.458524566306627	0.458524566306627	0.458524566306627	0.458524566306627	0.458524566306627	0.458524566306627	0.458524566306627	0.458524566306627	0.458524566306627	0.458524566306627	0.458524566306627	0.458524566306627	0.723496194017204	0.458524566306627	0.458524566306627	0.18516143516734	0.18516143516734	0.458524566306627	0.458524566306627	0.458524566306627	0.458524566306627	0.68227881435808	0.68227881435808	0.458524566306627	0.458524566306627	0.786570188106798	0.773945327364251	0.458524566306627	0.458524566306627	0.786570188106798	0.709646994801592	0.157598321291958	0.829307504564997	0.458524566306627	0.458524566306627	0.714470797517361	0.709646994801592	0.714470797517361	0.157598321291958	0.829307504564997	0.458524566306627	0.458524566306627	0.709646994801592	0.714470797517361	0.157598321291958	0.829307504564997	0.458524566306627	0.458524566306627
GSM1276028	0.864976014890083	0.80112108844062	0.268944265370732	0.80112108844062	0.824591306727008	0.268944265370732	0.748851495353943	0.268944265370732	0.262480237585692	0.288404285839663	0.268944265370732	0.268944265370732	0.288404285839663	0.268944265370732	0.768344999264008	0.824591306727008	0.268944265370732	0.268944265370732	0.259732834176263	0.268944265370732	0.268944265370732	0.268944265370732	0.259732834176263	0.259732834176263	0.268944265370732	0.259732834176263	0.268944265370732	0.268944265370732	0.824591306727008	0.268944265370732	0.268944265370732	0.824591306727008	0.891178226675523	0.80112108844062	0.80112108844062	0.891178226675523	0.891178226675523	0.891178226675523	0.891178226675523	0.891178226675523	0.869547148973118	0.869547148973118	0.869547148973118	0.869547148973118	0.869547148973118	0.869547148973118	0.869547148973118	0.869547148973118	0.869547148973118	0.96497672197001	0.96497672197001	0.650807366998555	0.650807366998555	0.650807366998555	0.650807366998555	0.650807366998555	0.650807366998555	0.650807366998555	0.650807366998555	0.650807366998555	0.650807366998555	0.650807366998555	0.650807366998555	0.650807366998555	0.650807366998555	0.650807366998555	0.650807366998555	0.650807366998555	0.650807366998555	0.864976014890083	0.650807366998555	0.650807366998555	0.281370216903054	0.281370216903054	0.650807366998555	0.650807366998555	0.650807366998555	0.650807366998555	0.83613574447362	0.83613574447362	0.650807366998555	0.650807366998555	0.844749745103098	0.853861882044736	0.650807366998555	0.650807366998555	0.844749745103099	0.80112108844062	0.268944265370732	0.891178226675523	0.650807366998555	0.650807366998555	0.824591306727008	0.80112108844062	0.824591306727008	0.268944265370732	0.891178226675523	0.650807366998555	0.650807366998555	0.80112108844062	0.824591306727008	0.268944265370732	0.891178226675523	0.650807366998555	0.650807366998555
GSM1276029	0.932842142113801	0.937131457694697	0.423239256814712	0.937131457694697	0.927849395997577	0.423239256814712	0.902293591330461	0.423239256814712	0.456083755889448	0.490017948334299	0.423239256814712	0.423239256814712	0.490017948334299	0.423239256814712	0.879380487322594	0.927849395997577	0.423239256814712	0.423239256814712	0.420781862992861	0.423239256814712	0.423239256814712	0.423239256814712	0.420781862992861	0.420781862992861	0.423239256814712	0.420781862992861	0.423239256814712	0.423239256814712	0.927849395997577	0.423239256814712	0.423239256814712	0.927849395997577	0.955880129498246	0.937131457694697	0.937131457694697	0.955880129498246	0.955880129498246	0.955880129498246	0.955880129498246	0.955880129498246	0.942400189968943	0.942400189968943	0.942400189968943	0.942400189968943	0.942400189968943	0.942400189968943	0.942400189968943	0.942400189968943	0.942400189968943	0.986266507946298	0.986266507946298	0.844707716736851	0.844707716736851	0.844707716736851	0.844707716736851	0.844707716736851	0.844707716736851	0.844707716736851	0.844707716736851	0.844707716736851	0.844707716736851	0.844707716736851	0.844707716736851	0.844707716736851	0.844707716736851	0.844707716736851	0.844707716736851	0.844707716736851	0.844707716736851	0.932842142113801	0.844707716736851	0.844707716736851	0.375639068532774	0.375639068532774	0.844707716736851	0.844707716736851	0.844707716736851	0.844707716736851	0.933496129557234	0.933496129557234	0.844707716736851	0.844707716736851	0.942319647099012	0.919643519849884	0.844707716736851	0.844707716736851	0.942319647099012	0.937131457694697	0.423239256814712	0.955880129498246	0.844707716736851	0.844707716736851	0.927849395997577	0.937131457694697	0.927849395997577	0.423239256814712	0.955880129498246	0.844707716736851	0.844707716736851	0.937131457694697	0.927849395997577	0.423239256814712	0.955880129498246	0.844707716736851	0.844707716736851
GSM1276030	0.703620565439687	0.698912760261102	0.124520781665206	0.698912760261102	0.671122652804724	0.124520781665206	0.588166606286523	0.124520781665206	0.123499787151633	0.142184262727527	0.124520781665206	0.124520781665206	0.142184262727527	0.124520781665206	0.577245977927928	0.671122652804724	0.124520781665206	0.124520781665206	0.123893513354214	0.124520781665206	0.124520781665206	0.124520781665206	0.123893513354214	0.123893513354214	0.124520781665206	0.123893513354214	0.124520781665206	0.124520781665206	0.671122652804724	0.124520781665206	0.124520781665206	0.671122652804724	0.706425226623689	0.698912760261102	0.698912760261102	0.706425226623689	0.706425226623689	0.706425226623689	0.706425226623689	0.706425226623689	0.673762567288184	0.673762567288184	0.673762567288184	0.673762567288184	0.673762567288184	0.673762567288184	0.673762567288184	0.673762567288184	0.673762567288184	0.884937699909203	0.884937699909203	0.427516143697317	0.427516143697317	0.427516143697317	0.427516143697317	0.427516143697317	0.427516143697317	0.427516143697317	0.427516143697317	0.427516143697317	0.427516143697317	0.427516143697317	0.427516143697317	0.427516143697317	0.427516143697317	0.427516143697317	0.427516143697317	0.427516143697317	0.427516143697317	0.703620565439687	0.427516143697317	0.427516143697317	0.124966061345806	0.124966061345806	0.427516143697317	0.427516143697317	0.427516143697317	0.427516143697317	0.624735952213674	0.624735952213674	0.427516143697317	0.427516143697317	0.715984165261059	0.680492345417277	0.427516143697317	0.427516143697317	0.71598416526106	0.698912760261102	0.124520781665206	0.706425226623689	0.427516143697317	0.427516143697317	0.671122652804724	0.698912760261102	0.671122652804724	0.124520781665206	0.706425226623689	0.427516143697317	0.427516143697317	0.698912760261102	0.671122652804724	0.124520781665206	0.706425226623689	0.427516143697317	0.427516143697317
GSM1276031	0.757618486931513	0.80777780268672	0.143129026696672	0.80777780268672	0.767161245684273	0.143129026696672	0.715777607696671	0.143129026696672	0.159426454429575	0.1745617084029	0.143129026696672	0.143129026696672	0.1745617084029	0.143129026696672	0.668932683827814	0.767161245684273	0.143129026696672	0.143129026696672	0.147949095590437	0.143129026696672	0.143129026696672	0.143129026696672	0.147949095590437	0.147949095590437	0.143129026696672	0.147949095590437	0.143129026696672	0.143129026696672	0.767161245684273	0.143129026696672	0.143129026696672	0.767161245684273	0.726472222704815	0.80777780268672	0.80777780268672	0.726472222704815	0.726472222704815	0.726472222704815	0.726472222704815	0.726472222704815	0.682414986249153	0.682414986249153	0.682414986249153	0.682414986249153	0.682414986249153	0.682414986249153	0.682414986249153	0.682414986249153	0.682414986249153	0.871871825939456	0.871871825939456	0.52277956061157	0.52277956061157	0.52277956061157	0.52277956061157	0.52277956061157	0.52277956061157	0.52277956061157	0.52277956061157	0.52277956061157	0.52277956061157	0.52277956061157	0.52277956061157	0.52277956061157	0.52277956061157	0.52277956061157	0.52277956061157	0.52277956061157	0.52277956061157	0.757618486931513	0.52277956061157	0.52277956061157	0.154629332331413	0.154629332331413	0.52277956061157	0.52277956061157	0.52277956061157	0.52277956061157	0.712314687460992	0.712314687460992	0.52277956061157	0.52277956061157	0.690156960139963	0.654283169417267	0.52277956061157	0.52277956061157	0.690156960139963	0.80777780268672	0.143129026696672	0.726472222704815	0.52277956061157	0.52277956061157	0.767161245684273	0.80777780268672	0.767161245684273	0.143129026696672	0.726472222704815	0.52277956061157	0.52277956061157	0.80777780268672	0.767161245684273	0.143129026696672	0.726472222704815	0.52277956061157	0.52277956061157
GSM1276032	0.970529830239019	0.994355591849134	0.702021858853441	0.994355591849134	0.984645384826721	0.702021858853441	0.980603575549105	0.702021858853441	0.79630075399993	0.806304287611445	0.702021858853441	0.702021858853441	0.806304287611445	0.702021858853441	0.964537490609569	0.984645384826721	0.702021858853441	0.702021858853441	0.735070995838381	0.702021858853441	0.702021858853441	0.702021858853441	0.735070995838381	0.735070995838381	0.702021858853441	0.735070995838381	0.702021858853441	0.702021858853441	0.984645384826721	0.702021858853441	0.702021858853441	0.984645384826721	0.99182907973709	0.994355591849134	0.994355591849134	0.99182907973709	0.99182907973709	0.99182907973709	0.99182907973709	0.99182907973709	0.98680560494109	0.98680560494109	0.98680560494109	0.98680560494109	0.98680560494109	0.98680560494109	0.98680560494109	0.98680560494109	0.98680560494109	0.996194586106917	0.996194586106917	0.963747608884408	0.963747608884408	0.963747608884408	0.963747608884408	0.963747608884408	0.963747608884408	0.963747608884408	0.963747608884408	0.963747608884408	0.963747608884408	0.963747608884408	0.963747608884408	0.963747608884408	0.963747608884408	0.963747608884408	0.963747608884408	0.963747608884408	0.963747608884408	0.970529830239019	0.963747608884408	0.963747608884408	0.487413527110539	0.487413527110539	0.963747608884408	0.963747608884408	0.963747608884408	0.963747608884408	0.98466252208841	0.98466252208841	0.963747608884408	0.963747608884408	0.989431374953531	0.977103280342886	0.963747608884408	0.963747608884408	0.989431374953531	0.994355591849134	0.702021858853441	0.99182907973709	0.963747608884408	0.963747608884408	0.984645384826721	0.994355591849134	0.984645384826721	0.702021858853441	0.99182907973709	0.963747608884408	0.963747608884408	0.994355591849134	0.984645384826721	0.702021858853441	0.99182907973709	0.963747608884408	0.963747608884408
GSM1276033	0.955731765712198	0.989225849982956	0.505850028797688	0.989225849982956	0.973197940875486	0.505850028797688	0.973715353610515	0.505850028797688	0.590159729149989	0.612358059991877	0.505850028797688	0.505850028797688	0.612358059991877	0.505850028797688	0.950709404072209	0.973197940875486	0.505850028797688	0.505850028797688	0.541943350122827	0.505850028797688	0.505850028797688	0.505850028797688	0.541943350122827	0.541943350122827	0.505850028797688	0.541943350122827	0.505850028797688	0.505850028797688	0.973197940875486	0.505850028797688	0.505850028797688	0.973197940875486	0.973111158282232	0.989225849982956	0.989225849982956	0.973111158282232	0.973111158282232	0.973111158282232	0.973111158282232	0.973111158282232	0.960631292434644	0.960631292434644	0.960631292434644	0.960631292434644	0.960631292434644	0.960631292434644	0.960631292434644	0.960631292434644	0.960631292434644	0.988399352606493	0.988399352606493	0.936551941699706	0.936551941699706	0.936551941699706	0.936551941699706	0.936551941699706	0.936551941699706	0.936551941699706	0.936551941699706	0.936551941699706	0.936551941699706	0.936551941699706	0.936551941699706	0.936551941699706	0.936551941699706	0.936551941699706	0.936551941699706	0.936551941699706	0.936551941699706	0.955731765712198	0.936551941699706	0.936551941699706	0.300640934526715	0.300640934526715	0.936551941699706	0.936551941699706	0.936551941699706	0.936551941699706	0.97285605166847	0.97285605166847	0.936551941699706	0.936551941699706	0.963158457435849	0.944060470233288	0.936551941699706	0.936551941699706	0.963158457435849	0.989225849982956	0.505850028797688	0.973111158282232	0.936551941699706	0.936551941699706	0.973197940875486	0.989225849982956	0.973197940875486	0.505850028797688	0.973111158282232	0.936551941699706	0.936551941699706	0.989225849982956	0.973197940875486	0.505850028797688	0.973111158282232	0.936551941699706	0.936551941699706
GSM1276034	0.851039094096391	0.940191157591653	0.34546979224	0.940191157591653	0.901921626250141	0.34546979224	0.872243383583147	0.34546979224	0.411899943723174	0.440356776210806	0.34546979224	0.34546979224	0.440356776210806	0.34546979224	0.815307399054802	0.901921626250141	0.34546979224	0.34546979224	0.355411216888752	0.34546979224	0.34546979224	0.34546979224	0.355411216888752	0.355411216888752	0.34546979224	0.355411216888752	0.34546979224	0.34546979224	0.901921626250141	0.34546979224	0.34546979224	0.901921626250141	0.92399900663091	0.940191157591653	0.940191157591653	0.92399900663091	0.92399900663091	0.92399900663091	0.92399900663091	0.92399900663091	0.904681945736341	0.904681945736341	0.904681945736341	0.904681945736341	0.904681945736341	0.904681945736341	0.904681945736341	0.904681945736341	0.904681945736341	0.974803816910757	0.974803816910757	0.712378040115756	0.712378040115756	0.712378040115756	0.712378040115756	0.712378040115756	0.712378040115756	0.712378040115756	0.712378040115756	0.712378040115756	0.712378040115756	0.712378040115756	0.712378040115756	0.712378040115756	0.712378040115756	0.712378040115756	0.712378040115756	0.712378040115756	0.712378040115756	0.851039094096391	0.712378040115756	0.712378040115756	0.226247187458089	0.226247187458089	0.712378040115756	0.712378040115756	0.712378040115756	0.712378040115756	0.858089006820147	0.858089006820147	0.712378040115756	0.712378040115756	0.89607419223489	0.894061123226584	0.712378040115756	0.712378040115756	0.89607419223489	0.940191157591653	0.34546979224	0.92399900663091	0.712378040115756	0.712378040115756	0.901921626250141	0.940191157591653	0.901921626250141	0.34546979224	0.92399900663091	0.712378040115756	0.712378040115756	0.940191157591653	0.901921626250141	0.34546979224	0.92399900663091	0.712378040115756	0.712378040115756
GSM1276035	0.737682629646059	0.911176208822371	0.204489907033413	0.911176208822371	0.825596337087187	0.204489907033413	0.840028228998738	0.204489907033413	0.252643459886971	0.274806069438127	0.204489907033413	0.204489907033413	0.274806069438127	0.204489907033413	0.718925781392104	0.825596337087187	0.204489907033413	0.204489907033413	0.221603224551068	0.204489907033413	0.204489907033413	0.204489907033413	0.221603224551068	0.221603224551068	0.204489907033413	0.221603224551068	0.204489907033413	0.204489907033413	0.825596337087187	0.204489907033413	0.204489907033413	0.825596337087187	0.790851813707324	0.911176208822371	0.911176208822371	0.790851813707324	0.790851813707324	0.790851813707324	0.790851813707324	0.790851813707324	0.748713123517496	0.748713123517496	0.748713123517496	0.748713123517496	0.748713123517496	0.748713123517496	0.748713123517496	0.748713123517496	0.748713123517496	0.910367472230493	0.910367472230493	0.578807186685259	0.578807186685259	0.578807186685259	0.578807186685259	0.578807186685259	0.578807186685259	0.578807186685259	0.578807186685259	0.578807186685259	0.578807186685259	0.578807186685259	0.578807186685259	0.578807186685259	0.578807186685259	0.578807186685259	0.578807186685259	0.578807186685259	0.578807186685259	0.737682629646059	0.578807186685259	0.578807186685259	0.120861238840602	0.120861238840602	0.578807186685259	0.578807186685259	0.578807186685259	0.578807186685259	0.735775208690119	0.735775208690119	0.578807186685259	0.578807186685259	0.788069690983684	0.769597963635556	0.578807186685259	0.578807186685259	0.788069690983684	0.911176208822371	0.204489907033413	0.790851813707324	0.578807186685259	0.578807186685259	0.825596337087187	0.911176208822371	0.825596337087187	0.204489907033413	0.790851813707324	0.578807186685259	0.578807186685259	0.911176208822371	0.825596337087187	0.204489907033413	0.790851813707324	0.578807186685259	0.578807186685259
GSM1276036	0.685330989832987	0.798135550798113	0.172509191855447	0.798135550798113	0.753125981018604	0.172509191855447	0.704134195036864	0.172509191855447	0.202407776434492	0.219328551912534	0.172509191855447	0.172509191855447	0.219328551912534	0.172509191855447	0.632431345914753	0.753125981018604	0.172509191855447	0.172509191855447	0.177323463225398	0.172509191855447	0.172509191855447	0.172509191855447	0.177323463225398	0.177323463225398	0.172509191855447	0.177323463225398	0.172509191855447	0.172509191855447	0.753125981018604	0.172509191855447	0.172509191855447	0.753125981018604	0.787393676753414	0.798135550798113	0.798135550798113	0.787393676753414	0.787393676753414	0.787393676753414	0.787393676753414	0.787393676753414	0.750516332160607	0.750516332160607	0.750516332160607	0.750516332160607	0.750516332160607	0.750516332160607	0.750516332160607	0.750516332160607	0.750516332160607	0.912621635703227	0.912621635703227	0.458496909614655	0.458496909614655	0.458496909614655	0.458496909614655	0.458496909614655	0.458496909614655	0.458496909614655	0.458496909614655	0.458496909614655	0.458496909614655	0.458496909614655	0.458496909614655	0.458496909614655	0.458496909614655	0.458496909614655	0.458496909614655	0.458496909614655	0.458496909614655	0.685330989832987	0.458496909614655	0.458496909614655	0.150158293661792	0.150158293661792	0.458496909614655	0.458496909614655	0.458496909614655	0.458496909614655	0.651450387503404	0.651450387503404	0.458496909614655	0.458496909614655	0.721378820610862	0.730223115830593	0.458496909614655	0.458496909614655	0.721378820610862	0.798135550798113	0.172509191855447	0.787393676753414	0.458496909614655	0.458496909614655	0.753125981018604	0.798135550798113	0.753125981018604	0.172509191855447	0.787393676753414	0.458496909614655	0.458496909614655	0.798135550798113	0.753125981018604	0.172509191855447	0.787393676753414	0.458496909614655	0.458496909614655
GSM1276037	0.804821520621567	0.915452076161379	0.24741961144766	0.915452076161379	0.845533918643117	0.24741961144766	0.846468836039327	0.24741961144766	0.277614846752274	0.304508995719741	0.24741961144766	0.24741961144766	0.304508995719741	0.24741961144766	0.75124724122472	0.845533918643117	0.24741961144766	0.24741961144766	0.254148424285423	0.24741961144766	0.24741961144766	0.24741961144766	0.254148424285423	0.254148424285423	0.24741961144766	0.254148424285423	0.24741961144766	0.24741961144766	0.845533918643117	0.24741961144766	0.24741961144766	0.845533918643117	0.870397795280859	0.915452076161379	0.915452076161379	0.870397795280859	0.870397795280859	0.870397795280859	0.870397795280859	0.870397795280859	0.839007912282071	0.839007912282071	0.839007912282071	0.839007912282071	0.839007912282071	0.839007912282071	0.839007912282071	0.839007912282071	0.839007912282071	0.956123775553871	0.956123775553871	0.670661575150399	0.670661575150399	0.670661575150399	0.670661575150399	0.670661575150399	0.670661575150399	0.670661575150399	0.670661575150399	0.670661575150399	0.670661575150399	0.670661575150399	0.670661575150399	0.670661575150399	0.670661575150399	0.670661575150399	0.670661575150399	0.670661575150399	0.670661575150399	0.804821520621567	0.670661575150399	0.670661575150399	0.160469985442222	0.160469985442222	0.670661575150399	0.670661575150399	0.670661575150399	0.670661575150399	0.807195147673372	0.807195147673372	0.670661575150399	0.670661575150399	0.849713516218774	0.84492323490336	0.670661575150399	0.670661575150399	0.849713516218774	0.915452076161379	0.24741961144766	0.870397795280859	0.670661575150399	0.670661575150399	0.845533918643117	0.915452076161379	0.845533918643117	0.24741961144766	0.870397795280859	0.670661575150399	0.670661575150399	0.915452076161379	0.845533918643117	0.24741961144766	0.870397795280859	0.670661575150399	0.670661575150399
GSM1276038	0.62867260602344	0.746702253254186	0.0948913654914228	0.746702253254186	0.667529153879555	0.0948913654914228	0.629469700929073	0.0948913654914228	0.114905297271949	0.126113486452256	0.0948913654914228	0.0948913654914228	0.126113486452256	0.0948913654914228	0.518204326100031	0.667529153879555	0.0948913654914228	0.0948913654914228	0.0994012274536091	0.0948913654914228	0.0948913654914228	0.0948913654914228	0.0994012274536091	0.0994012274536091	0.0948913654914228	0.0994012274536091	0.0948913654914228	0.0948913654914228	0.667529153879555	0.0948913654914228	0.0948913654914228	0.667529153879555	0.648088506292615	0.746702253254186	0.746702253254186	0.648088506292615	0.648088506292615	0.648088506292615	0.648088506292615	0.648088506292615	0.59147334444139	0.59147334444139	0.59147334444139	0.59147334444139	0.59147334444139	0.59147334444139	0.59147334444139	0.59147334444139	0.59147334444139	0.876992684348206	0.876992684348206	0.386410390140088	0.386410390140088	0.386410390140088	0.386410390140088	0.386410390140088	0.386410390140088	0.386410390140088	0.386410390140088	0.386410390140088	0.386410390140088	0.386410390140088	0.386410390140088	0.386410390140088	0.386410390140088	0.386410390140088	0.386410390140088	0.386410390140088	0.386410390140088	0.62867260602344	0.386410390140088	0.386410390140088	0.078763477120461	0.078763477120461	0.386410390140088	0.386410390140088	0.386410390140088	0.386410390140088	0.598336120321725	0.598336120321725	0.386410390140088	0.386410390140088	0.617266593114109	0.57027647551479	0.386410390140088	0.386410390140088	0.617266593114109	0.746702253254186	0.0948913654914228	0.648088506292615	0.386410390140088	0.386410390140088	0.667529153879555	0.746702253254186	0.667529153879555	0.0948913654914228	0.648088506292615	0.386410390140088	0.386410390140088	0.746702253254186	0.667529153879555	0.0948913654914228	0.648088506292615	0.386410390140088	0.386410390140088
GSM1276039	0.5322525127731	0.680652521124461	0.106475182707196	0.680652521124461	0.561454232820218	0.106475182707196	0.547991645946075	0.106475182707196	0.123163439906803	0.136987704186395	0.106475182707196	0.106475182707196	0.136987704186395	0.106475182707196	0.432984326433509	0.561454232820218	0.106475182707196	0.106475182707196	0.10833494608361	0.106475182707196	0.106475182707196	0.106475182707196	0.10833494608361	0.10833494608361	0.106475182707196	0.10833494608361	0.106475182707196	0.106475182707196	0.561454232820218	0.106475182707196	0.106475182707196	0.561454232820218	0.711932083507953	0.680652521124461	0.680652521124461	0.711932083507953	0.711932083507953	0.711932083507953	0.711932083507953	0.711932083507953	0.664507978763897	0.664507978763897	0.664507978763897	0.664507978763897	0.664507978763897	0.664507978763897	0.664507978763897	0.664507978763897	0.664507978763897	0.879651402218596	0.879651402218596	0.347563337016566	0.347563337016566	0.347563337016566	0.347563337016566	0.347563337016566	0.347563337016566	0.347563337016566	0.347563337016566	0.347563337016566	0.347563337016566	0.347563337016566	0.347563337016566	0.347563337016566	0.347563337016566	0.347563337016566	0.347563337016566	0.347563337016566	0.347563337016566	0.5322525127731	0.347563337016566	0.347563337016566	0.0858170664687432	0.0858170664687432	0.347563337016566	0.347563337016566	0.347563337016566	0.347563337016566	0.535335759666939	0.535335759666939	0.347563337016566	0.347563337016566	0.743711064300535	0.63298880242815	0.347563337016566	0.347563337016566	0.743711064300535	0.680652521124461	0.106475182707196	0.711932083507953	0.347563337016566	0.347563337016566	0.561454232820218	0.680652521124461	0.561454232820218	0.106475182707196	0.711932083507953	0.347563337016566	0.347563337016566	0.680652521124461	0.561454232820218	0.106475182707196	0.711932083507953	0.347563337016566	0.347563337016566
GSM1276040	0.734940660223449	0.863191228426082	0.165640558839335	0.863191228426082	0.798787896141663	0.165640558839335	0.778093382961639	0.165640558839335	0.199412844320001	0.216958024572647	0.165640558839335	0.165640558839335	0.216958024572647	0.165640558839335	0.688999875190903	0.798787896141663	0.165640558839335	0.165640558839335	0.178752632350591	0.165640558839335	0.165640558839335	0.165640558839335	0.178752632350591	0.178752632350591	0.165640558839335	0.178752632350591	0.165640558839335	0.165640558839335	0.798787896141663	0.165640558839335	0.165640558839335	0.798787896141663	0.786450926752574	0.863191228426082	0.863191228426082	0.786450926752574	0.786450926752574	0.786450926752574	0.786450926752574	0.786450926752574	0.735708563613841	0.735708563613841	0.735708563613841	0.735708563613841	0.735708563613841	0.735708563613841	0.735708563613841	0.735708563613841	0.735708563613841	0.90898575772898	0.90898575772898	0.558693931584546	0.558693931584546	0.558693931584546	0.558693931584546	0.558693931584546	0.558693931584546	0.558693931584546	0.558693931584546	0.558693931584546	0.558693931584546	0.558693931584546	0.558693931584546	0.558693931584546	0.558693931584546	0.558693931584546	0.558693931584546	0.558693931584546	0.558693931584546	0.734940660223449	0.558693931584546	0.558693931584546	0.118405102472252	0.118405102472252	0.558693931584546	0.558693931584546	0.558693931584546	0.558693931584546	0.748998219474867	0.748998219474867	0.558693931584546	0.558693931584546	0.701193694823682	0.717287786945893	0.558693931584546	0.558693931584546	0.701193694823682	0.863191228426082	0.165640558839335	0.786450926752574	0.558693931584546	0.558693931584546	0.798787896141663	0.863191228426082	0.798787896141663	0.165640558839335	0.786450926752574	0.558693931584546	0.558693931584546	0.863191228426082	0.798787896141663	0.165640558839335	0.786450926752574	0.558693931584546	0.558693931584546
GSM1276041	0.750965559215596	0.842636295311565	0.178570683491955	0.842636295311565	0.752943898520828	0.178570683491955	0.756472082650109	0.178570683491955	0.189383849883754	0.21242232323974	0.178570683491955	0.178570683491955	0.21242232323974	0.178570683491955	0.650507055605659	0.752943898520828	0.178570683491955	0.178570683491955	0.175580751914751	0.178570683491955	0.178570683491955	0.178570683491955	0.175580751914751	0.175580751914751	0.178570683491955	0.175580751914751	0.178570683491955	0.178570683491955	0.752943898520828	0.178570683491955	0.178570683491955	0.752943898520828	0.828101549689637	0.842636295311565	0.842636295311565	0.828101549689637	0.828101549689637	0.828101549689637	0.828101549689637	0.828101549689637	0.779135061460169	0.779135061460169	0.779135061460169	0.779135061460169	0.779135061460169	0.779135061460169	0.779135061460169	0.779135061460169	0.779135061460169	0.935201764887936	0.935201764887936	0.637693417947212	0.637693417947212	0.637693417947212	0.637693417947212	0.637693417947212	0.637693417947212	0.637693417947212	0.637693417947212	0.637693417947212	0.637693417947212	0.637693417947212	0.637693417947212	0.637693417947212	0.637693417947212	0.637693417947212	0.637693417947212	0.637693417947212	0.637693417947212	0.750965559215596	0.637693417947212	0.637693417947212	0.13598896855025	0.13598896855025	0.637693417947212	0.637693417947212	0.637693417947212	0.637693417947212	0.7851154228566	0.7851154228566	0.637693417947212	0.637693417947212	0.804019964439506	0.724515281123542	0.637693417947212	0.637693417947212	0.804019964439506	0.842636295311565	0.178570683491955	0.828101549689637	0.637693417947212	0.637693417947212	0.752943898520828	0.842636295311565	0.752943898520828	0.178570683491955	0.828101549689637	0.637693417947212	0.637693417947212	0.842636295311565	0.752943898520828	0.178570683491955	0.828101549689637	0.637693417947212	0.637693417947212
GSM1276042	0.916539119855541	0.956996909028254	0.476264756312458	0.956996909028254	0.935776569785757	0.476264756312458	0.926676424932664	0.476264756312458	0.555779221508993	0.571034321291031	0.476264756312458	0.476264756312458	0.571034321291031	0.476264756312458	0.870066726101337	0.935776569785757	0.476264756312458	0.476264756312458	0.474914771155071	0.476264756312458	0.476264756312458	0.476264756312458	0.474914771155071	0.474914771155071	0.476264756312458	0.474914771155071	0.476264756312458	0.476264756312458	0.935776569785757	0.476264756312458	0.476264756312458	0.935776569785757	0.952838311868242	0.956996909028254	0.956996909028254	0.952838311868242	0.952838311868242	0.952838311868242	0.952838311868242	0.952838311868242	0.938255013777112	0.938255013777112	0.938255013777112	0.938255013777112	0.938255013777112	0.938255013777112	0.938255013777112	0.938255013777112	0.938255013777112	0.982967666123824	0.982967666123824	0.837884220020281	0.837884220020281	0.837884220020281	0.837884220020281	0.837884220020281	0.837884220020281	0.837884220020281	0.837884220020281	0.837884220020281	0.837884220020281	0.837884220020281	0.837884220020281	0.837884220020281	0.837884220020281	0.837884220020281	0.837884220020281	0.837884220020281	0.837884220020281	0.916539119855541	0.837884220020281	0.837884220020281	0.402040342118348	0.402040342118348	0.837884220020281	0.837884220020281	0.837884220020281	0.837884220020281	0.917660225388364	0.917660225388364	0.837884220020281	0.837884220020281	0.928749592872702	0.926847894811261	0.837884220020281	0.837884220020281	0.928749592872703	0.956996909028254	0.476264756312458	0.952838311868242	0.837884220020281	0.837884220020281	0.935776569785757	0.956996909028254	0.935776569785757	0.476264756312458	0.952838311868242	0.837884220020281	0.837884220020281	0.956996909028254	0.935776569785757	0.476264756312458	0.952838311868242	0.837884220020281	0.837884220020281
GSM1276043	0.834070242951915	0.934463782999604	0.192837461217058	0.934463782999604	0.872600298584306	0.192837461217058	0.876111137219897	0.192837461217058	0.245010163798067	0.260987591943078	0.192837461217058	0.192837461217058	0.260987591943078	0.192837461217058	0.779662965427942	0.872600298584306	0.192837461217058	0.192837461217058	0.203175012039021	0.192837461217058	0.192837461217058	0.192837461217058	0.203175012039021	0.203175012039021	0.192837461217058	0.203175012039021	0.192837461217058	0.192837461217058	0.872600298584306	0.192837461217058	0.192837461217058	0.872600298584306	0.835110042493509	0.934463782999604	0.934463782999604	0.835110042493509	0.835110042493509	0.835110042493509	0.835110042493509	0.835110042493509	0.791009914185718	0.791009914185718	0.791009914185718	0.791009914185718	0.791009914185718	0.791009914185718	0.791009914185718	0.791009914185718	0.791009914185718	0.925260593142075	0.925260593142075	0.698618184416604	0.698618184416604	0.698618184416604	0.698618184416604	0.698618184416604	0.698618184416604	0.698618184416604	0.698618184416604	0.698618184416604	0.698618184416604	0.698618184416604	0.698618184416604	0.698618184416604	0.698618184416604	0.698618184416604	0.698618184416604	0.698618184416604	0.698618184416604	0.834070242951915	0.698618184416604	0.698618184416604	0.130380529077604	0.130380529077604	0.698618184416604	0.698618184416604	0.698618184416604	0.698618184416604	0.842768101055901	0.842768101055901	0.698618184416604	0.698618184416604	0.805670433190248	0.767503261906681	0.698618184416604	0.698618184416604	0.805670433190248	0.934463782999604	0.192837461217058	0.835110042493509	0.698618184416604	0.698618184416604	0.872600298584306	0.934463782999604	0.872600298584306	0.192837461217058	0.835110042493509	0.698618184416604	0.698618184416604	0.934463782999604	0.872600298584306	0.192837461217058	0.835110042493509	0.698618184416604	0.698618184416604
GSM1276044	0.790372421825278	0.889716586665592	0.183536507355899	0.889716586665592	0.813585238149964	0.183536507355899	0.780468938326774	0.183536507355899	0.228956189670494	0.245959951788846	0.183536507355899	0.183536507355899	0.245959951788846	0.183536507355899	0.722313233518681	0.813585238149964	0.183536507355899	0.183536507355899	0.204801919214363	0.183536507355899	0.183536507355899	0.183536507355899	0.204801919214363	0.204801919214363	0.183536507355899	0.204801919214363	0.183536507355899	0.183536507355899	0.813585238149964	0.183536507355899	0.183536507355899	0.813585238149964	0.829283978071345	0.889716586665592	0.889716586665592	0.829283978071345	0.829283978071345	0.829283978071345	0.829283978071345	0.829283978071345	0.777198153088618	0.777198153088618	0.777198153088618	0.777198153088618	0.777198153088618	0.777198153088618	0.777198153088618	0.777198153088618	0.777198153088618	0.939500522340363	0.939500522340363	0.589469799188769	0.589469799188769	0.589469799188769	0.589469799188769	0.589469799188769	0.589469799188769	0.589469799188769	0.589469799188769	0.589469799188769	0.589469799188769	0.589469799188769	0.589469799188769	0.589469799188769	0.589469799188769	0.589469799188769	0.589469799188769	0.589469799188769	0.589469799188769	0.790372421825278	0.589469799188769	0.589469799188769	0.125662540023003	0.125662540023003	0.589469799188769	0.589469799188769	0.589469799188769	0.589469799188769	0.788925550920009	0.788925550920009	0.589469799188769	0.589469799188769	0.811516346471445	0.749392419286145	0.589469799188769	0.589469799188769	0.811516346471445	0.889716586665592	0.183536507355899	0.829283978071345	0.589469799188769	0.589469799188769	0.813585238149964	0.889716586665592	0.813585238149964	0.183536507355899	0.829283978071345	0.589469799188769	0.589469799188769	0.889716586665592	0.813585238149964	0.183536507355899	0.829283978071345	0.589469799188769	0.589469799188769
GSM1276045	0.80318412280264	0.879796802264229	0.24996169467987	0.879796802264229	0.833470732094953	0.24996169467987	0.810983661723036	0.24996169467987	0.275429046538055	0.300898727569001	0.24996169467987	0.24996169467987	0.300898727569001	0.24996169467987	0.746882663161221	0.833470732094953	0.24996169467987	0.24996169467987	0.254776550537667	0.24996169467987	0.24996169467987	0.24996169467987	0.254776550537667	0.254776550537667	0.24996169467987	0.254776550537667	0.24996169467987	0.24996169467987	0.833470732094953	0.24996169467987	0.24996169467987	0.833470732094953	0.877834863090095	0.879796802264229	0.879796802264229	0.877834863090095	0.877834863090095	0.877834863090095	0.877834863090095	0.877834863090095	0.841295557289461	0.841295557289461	0.841295557289461	0.841295557289461	0.841295557289461	0.841295557289461	0.841295557289461	0.841295557289461	0.841295557289461	0.964708860596841	0.964708860596841	0.65762363572123	0.65762363572123	0.65762363572123	0.65762363572123	0.65762363572123	0.65762363572123	0.65762363572123	0.65762363572123	0.65762363572123	0.65762363572123	0.65762363572123	0.65762363572123	0.65762363572123	0.65762363572123	0.65762363572123	0.65762363572123	0.65762363572123	0.65762363572123	0.80318412280264	0.65762363572123	0.65762363572123	0.151742283179467	0.151742283179467	0.65762363572123	0.65762363572123	0.65762363572123	0.65762363572123	0.823879331661898	0.823879331661898	0.65762363572123	0.65762363572123	0.846400710485003	0.812853293811987	0.65762363572123	0.65762363572123	0.846400710485003	0.879796802264229	0.24996169467987	0.877834863090095	0.65762363572123	0.65762363572123	0.833470732094953	0.879796802264229	0.833470732094953	0.24996169467987	0.877834863090095	0.65762363572123	0.65762363572123	0.879796802264229	0.833470732094953	0.24996169467987	0.877834863090095	0.65762363572123	0.65762363572123
GSM1276046	0.700448290945954	0.812007479481121	0.132689695422618	0.812007479481121	0.755833185387026	0.132689695422618	0.727260339041667	0.132689695422618	0.160995071172596	0.173891040679284	0.132689695422618	0.132689695422618	0.173891040679284	0.132689695422618	0.634862197005223	0.755833185387026	0.132689695422618	0.132689695422618	0.13911064404275	0.132689695422618	0.132689695422618	0.132689695422618	0.13911064404275	0.13911064404275	0.132689695422618	0.13911064404275	0.132689695422618	0.132689695422618	0.755833185387026	0.132689695422618	0.132689695422618	0.755833185387026	0.725899373924114	0.812007479481121	0.812007479481121	0.725899373924114	0.725899373924114	0.725899373924114	0.725899373924114	0.725899373924114	0.680001007900184	0.680001007900184	0.680001007900184	0.680001007900184	0.680001007900184	0.680001007900184	0.680001007900184	0.680001007900184	0.680001007900184	0.879498194835298	0.879498194835298	0.464055035374088	0.464055035374088	0.464055035374088	0.464055035374088	0.464055035374088	0.464055035374088	0.464055035374088	0.464055035374088	0.464055035374088	0.464055035374088	0.464055035374088	0.464055035374088	0.464055035374088	0.464055035374088	0.464055035374088	0.464055035374088	0.464055035374088	0.464055035374088	0.700448290945954	0.464055035374088	0.464055035374088	0.10404732641009	0.10404732641009	0.464055035374088	0.464055035374088	0.464055035374088	0.464055035374088	0.691251037456095	0.691251037456095	0.464055035374088	0.464055035374088	0.695312892799258	0.671861654827575	0.464055035374088	0.464055035374088	0.695312892799258	0.812007479481121	0.132689695422618	0.725899373924114	0.464055035374088	0.464055035374088	0.755833185387026	0.812007479481121	0.755833185387026	0.132689695422618	0.725899373924114	0.464055035374088	0.464055035374088	0.812007479481121	0.755833185387026	0.132689695422618	0.725899373924114	0.464055035374088	0.464055035374088
GSM1276047	0.88712634015588	0.921779602751386	0.352356141508679	0.921779602751386	0.905803296001949	0.352356141508679	0.884292398745621	0.352356141508679	0.379762776106891	0.415811936132869	0.352356141508679	0.352356141508679	0.415811936132869	0.352356141508679	0.845330135730621	0.905803296001949	0.352356141508679	0.352356141508679	0.357715473752238	0.352356141508679	0.352356141508679	0.352356141508679	0.357715473752238	0.357715473752238	0.352356141508679	0.357715473752238	0.352356141508679	0.352356141508679	0.905803296001949	0.352356141508679	0.352356141508679	0.905803296001949	0.904863897934286	0.921779602751386	0.921779602751386	0.904863897934286	0.904863897934286	0.904863897934286	0.904863897934286	0.904863897934286	0.878250818445834	0.878250818445834	0.878250818445834	0.878250818445834	0.878250818445834	0.878250818445834	0.878250818445834	0.878250818445834	0.878250818445834	0.966878393426599	0.966878393426599	0.741458638516669	0.741458638516669	0.741458638516669	0.741458638516669	0.741458638516669	0.741458638516669	0.741458638516669	0.741458638516669	0.741458638516669	0.741458638516669	0.741458638516669	0.741458638516669	0.741458638516669	0.741458638516669	0.741458638516669	0.741458638516669	0.741458638516669	0.741458638516669	0.88712634015588	0.741458638516669	0.741458638516669	0.250013400704884	0.250013400704884	0.741458638516669	0.741458638516669	0.741458638516669	0.741458638516669	0.881181842854394	0.881181842854394	0.741458638516669	0.741458638516669	0.854445467620464	0.877201901338969	0.741458638516669	0.741458638516669	0.854445467620465	0.921779602751386	0.352356141508679	0.904863897934286	0.741458638516669	0.741458638516669	0.905803296001949	0.921779602751386	0.905803296001949	0.352356141508679	0.904863897934286	0.741458638516669	0.741458638516669	0.921779602751386	0.905803296001949	0.352356141508679	0.904863897934286	0.741458638516669	0.741458638516669
